YMSKE-T1

META 44
1 63 7168 0 6 0 0 7134590019814784941 5123522751591384304 

NAME 8064
"Body control" 
"Elbow .L" 
"Elbow .R" 
"Feet control .L" 
"Feet control .R" 
"Leg IK .L" 
"Leg IK .R" 
"Hand controller .R" 
"Hand controller .L" 
"Knee .L" 
"Knee .R" 
"Body" 
"Hip .L" 
"Leg top .L" 
"Leg bot .L" 
"Feet top .L" 
"Feet .L" 
"Spine bot" 
"Spine mid" 
"Spine top" 
"Neck" 
"Head" 
"Shoulder .L" 
"Arm .L" 
"Hand .L" 
"Wrist .L" 
"Thumb bot .L" 
"Thumb top .L" 
"Little finger bot .L" 
"Little finger mid .L" 
"Little finger top .L" 
"Ring finger bot .L" 
"Ring finger mid .L" 
"Ring finger top .L" 
"Middle finger bot .L" 
"Middle finger mid .L" 
"Middle finger top .L" 
"Index finger bot .L" 
"Index finger mid .L" 
"Index finger top .L" 
"Shoulder .R" 
"Arm .R" 
"Hand .R" 
"Wrist .R" 
"Thumb bot .R" 
"Thumb top .R" 
"Little finget bot .R" 
"Little finger mid .R" 
"Little finger top .R" 
"Ring finger bot .R" 
"Ring finger mid .R" 
"Ring finger top .R" 
"Middle finger bot .R" 
"Middle finger mid .R" 
"Middle finger top .R" 
"Index finger bot .R" 
"Index finger mid  .R" 
"Index finger top  .R" 
"Hip .R" 
"Leg top .R" 
"Leg bot .R" 
"Feet top .R" 
"Feet .R" 

BONE 3276
4294967295 -1 1.45440777e-12 1.56978649e-06 0 1.56978649e-06 0 1 -5.58831263 1.45440777e-12 1 0 0 
0 -1 -4.04146681e-12 4.57921851e-06 -2.9876411 4.04146681e-12 -1 -2.06795153e-25 3.62802839 4.57921851e-06 2.06795153e-25 1 8.66824245 
0 -1 -4.04146681e-12 4.57921851e-06 2.98766828 4.04146681e-12 -1 -2.06795153e-25 3.62802839 4.57921851e-06 2.06795153e-25 1 8.66823292 
0 1 0 1.56978649e-06 -1.06053209 0 1 0 3.61240244 -1.56978649e-06 0 1 -0.0114276446 
0 1 0 1.56978649e-06 1.06053209 0 1 0 3.61240244 -1.56978649e-06 0 1 -0.011430975 
0 -1 0 1.56978649e-06 -1.06053174 0 -1 0 -7.15255737e-07 1.56978649e-06 0 1 0.253570318 
0 -1 0 1.56978649e-06 1.06053245 0 -1 0 -7.15255737e-07 1.56978649e-06 0 1 0.25356698 
0 -1 0 1.56978649e-06 4.32179689 0 -1 0 0.003490448 1.56978649e-06 0 1 8.81485748 
0 -1 0 1.56978649e-06 -4.32176924 0 -1 0 0.003490448 1.56978649e-06 0 1 8.81487083 
0 -1 1.54972088e-06 -3.17863744e-08 -0.999995589 -3.17864988e-08 -7.54979013e-08 1 1.90066111 1.54972088e-06 1 7.5497951e-08 2.79769826 
0 -1 1.54972088e-06 -3.17863744e-08 1.00000441 -3.17864988e-08 -7.54979013e-08 1 1.90066111 1.54972088e-06 1 7.5497951e-08 2.79769492 
0 1 4.4824465e-24 1.56978649e-06 9.57847078e-06 0 1 -2.85542499e-18 -1 -1.56978649e-06 2.85542499e-18 1 6.10176945 
11 -0.430952996 -0.754352033 -0.495209575 0 0.754352093 -8.94069672e-08 -0.656470001 1 0.495209545 -0.65647006 0.569047093 0 
12 0.545157671 -0.385156304 -0.744619191 1.42979815e-08 0.682184875 0.720067382 0.126990914 0.947927415 0.487264693 -0.577198088 0.655297995 1.83844762e-08 
13 0.99703449 -0.0634037554 -0.0436125658 3.53902578e-08 0.0554961599 0.985013902 -0.163302004 2.46202683 0.053312961 0.160397395 0.985611677 4.47034836e-08 
14 0.998275042 -0.0398460738 -0.0431188606 -4.12813961e-09 0.0431188978 0.996032596 0.0778435767 2.79494715 0.0398460478 -0.0795685425 0.996032715 -3.42951125e-08 
15 -1 1.31047483e-14 -1.50995803e-07 1.90879632e-07 1.50995788e-07 1.19248966e-08 -1 0.2649979 -1.85389356e-14 -1 -1.19248691e-08 1.49213975e-13 
11 -1 3.27494701e-16 -8.74227766e-08 0 -8.74227766e-08 6.80056971e-08 1 1 6.27274145e-15 1 -6.80056971e-08 0 
17 1 -1.42432165e-14 -8.74242332e-08 -2.90108784e-19 1.42432165e-14 1 0 1.06595445 8.74242332e-08 -1.27054942e-21 1 3.65653535e-19 
18 1 6.73857971e-29 0 4.40457133e-20 0 1 0 0.819844484 0 0 1 0 
19 1 6.73857971e-29 0 1.79570985e-19 0 1 0 1.08238029 0 0 1 1.42108547e-14 
20 1 6.73857971e-29 0 3.86247024e-19 0 1 0 0.441862106 0 0 1 0 
18 0.364103228 0.79743135 -0.481177837 4.40457133e-20 -0.481177837 0.603409708 0.635896683 0.819844484 0.79743135 2.74890333e-08 0.603409708 0 
22 0.800583065 0.324755639 -0.503587604 5.37889377e-08 0.0927675664 0.763099492 0.639588594 1.29442072 0.591997385 -0.558760345 0.580797613 1.16970682e-08 
23 0.968943119 0.200430125 0.144833937 -1.49011612e-08 -0.173455894 0.968326032 -0.179604352 1.96403146 -0.176244617 0.1489041 0.973018706 2.92435288e-07 
24 0.961872458 -0.0826637894 -0.260707259 2.16532499e-08 0.142364159 0.96523869 0.219195485 1.35131967 0.233525202 -0.24795346 0.940204859 1.33441063e-07 
25 0.160888702 0.830239952 0.533682048 0.21442613 -0.878980815 0.366464496 -0.305116832 0.302062392 -0.448895812 -0.420006454 0.788724959 -0.0790539533 
26 0.786847889 -0.396034598 -0.473314792 1.49011612e-08 0.43055883 0.901731193 -0.0387318879 0.336425751 0.442141831 -0.173313648 0.88004148 -2.98023224e-08 
25 0.786663651 -0.606574476 0.115012884 -0.311376929 0.617219269 0.776965082 -0.123958446 0.446121335 -0.0141709987 0.168501735 0.985599458 0.0412872322 
28 0.992092013 0.125495076 0.00203036703 3.01748514e-07 -0.125509486 0.992038071 0.0103869932 0.2631993 -0.000710688764 -0.0105596855 0.999943852 -1.68569386e-07 
29 0.997639656 -0.0676043257 -0.0120262271 -3.7252903e-08 0.0677668527 0.997607768 0.0136581436 0.155222386 0.0110741155 -0.0144408895 0.999834418 -1.08964741e-07 
25 0.982912004 -0.17493856 0.0572755486 -0.163009405 0.178820387 0.981270671 -0.071629107 0.619975448 -0.0436721295 0.0806471556 0.995785475 0.0619462132 
31 0.990751863 0.00246241316 -0.13566348 7.4505806e-08 0.0272515211 0.975851059 0.216730773 0.364779472 0.13292104 -0.218423456 0.966759145 1.39698386e-07 
32 0.991876423 -0.043870993 -0.119400889 -2.98023224e-08 0.0526073277 0.99608624 0.0710269511 0.266515195 0.115817554 -0.0767312497 0.990302265 -3.65078449e-07 
25 0.995936155 0.025275005 0.0864430815 0.0241848845 -0.0177173 0.996041477 -0.0871053189 0.64892298 -0.0883025005 0.0852198005 0.992441475 0.0355386697 
34 0.993842304 0.0729491562 -0.0834022015 -1.11758709e-08 -0.0617348105 0.98960036 0.129922941 0.366433322 0.0920125991 -0.1239741 0.988010108 -1.81607902e-07 
35 0.996479928 0.00688819773 -0.0835486427 -2.23517418e-08 -0.00338134542 0.999110103 0.0420429483 0.253340036 0.0837638751 -0.0416124314 0.995616436 -1.62050128e-07 
25 0.958374977 0.271248192 0.0891166255 0.177201033 -0.264455318 0.960989535 -0.0810090974 0.51842463 -0.107613727 0.0540697202 0.992721319 0.0041322168 
37 0.992547572 0.00457036309 -0.121771842 0 0.0120809842 0.990682721 0.13565293 0.304551244 0.121257283 -0.136113107 0.983244658 3.79048288e-07 
38 0.99827534 0.0585147962 -0.00471239537 -5.96046448e-08 -0.0586252995 0.9978773 -0.0283553377 0.235073596 0.00304318964 0.0285826772 0.999586821 4.84287739e-08 
18 0.364103228 -0.79743135 0.481177837 4.40457133e-20 0.481177837 0.603409708 0.635896683 0.819844484 -0.79743135 2.74890333e-08 0.603409708 0 
40 0.800583065 -0.324755639 0.503587604 -5.37889377e-08 -0.0927675664 0.763099492 0.639588594 1.29442072 -0.591997385 -0.558760345 0.580797613 1.16970682e-08 
41 0.968943119 -0.200430125 -0.144833937 1.49011612e-08 0.173455894 0.968326032 -0.179604352 1.96403146 0.176244617 0.1489041 0.973018706 2.92435288e-07 
42 0.961872458 0.0826637894 0.260707259 -2.16532499e-08 -0.142364159 0.96523869 0.219195485 1.35131967 -0.233525202 -0.24795346 0.940204859 1.33441063e-07 
43 0.160888702 -0.830239952 -0.533682048 -0.21442613 0.878980815 0.366464496 -0.305116832 0.302062392 0.448895812 -0.420006454 0.788724959 -0.0790539533 
44 0.786847889 0.396034598 0.473314792 -1.49011612e-08 -0.43055883 0.901731193 -0.0387318879 0.336425751 -0.442141831 -0.173313648 0.88004148 -2.98023224e-08 
43 0.731865823 0.671091855 -0.118355773 0.252449691 -0.681447446 0.72108072 -0.125187159 0.415759057 0.00133200269 0.172273442 0.985048234 0.029526677 
46 0.977768898 -0.20968084 -0.00129915215 -2.88709998e-08 0.209679201 0.977678359 0.013400089 0.325703681 -0.00153958867 -0.013374595 0.999909163 -5.49480319e-07 
47 0.997639775 0.0676042959 0.0120262317 -2.10478902e-07 -0.0677668825 0.997607827 0.0136581473 0.155222252 -0.011074122 -0.0144408951 0.999834538 5.86733222e-08 
43 0.982912004 0.17493856 -0.0572755486 0.163009405 -0.178820387 0.981270671 -0.071629107 0.619975448 0.0436721295 0.0806471556 0.995785475 0.0619462132 
49 0.990751863 -0.00246241316 0.13566348 -7.4505806e-08 -0.0272515211 0.975851059 0.216730773 0.364779472 -0.13292104 -0.218423456 0.966759145 1.39698386e-07 
50 0.991876423 0.043870993 0.119400889 2.98023224e-08 -0.0526073277 0.99608624 0.0710269511 0.266515195 -0.115817554 -0.0767312497 0.990302265 -3.65078449e-07 
43 0.995936155 -0.025275005 -0.0864430815 -0.0241848845 0.0177173 0.996041477 -0.0871053189 0.64892298 0.0883025005 0.0852198005 0.992441475 0.0355386697 
52 0.993842304 -0.0729491562 0.0834022015 1.11758709e-08 0.0617348105 0.98960036 0.129922941 0.366433322 -0.0920125991 -0.1239741 0.988010108 -1.81607902e-07 
53 0.996479928 -0.00688819773 0.0835486427 2.23517418e-08 0.00338134542 0.999110103 0.0420429483 0.253340036 -0.0837638751 -0.0416124314 0.995616436 -1.62050128e-07 
43 0.958374977 -0.271248192 -0.0891166255 -0.177201033 0.264455318 0.960989535 -0.0810090974 0.51842463 0.107613727 0.0540697202 0.992721319 0.0041322168 
55 0.984704971 -0.00457034819 0.174169868 0 -0.0192487072 0.990682662 0.134822667 0.304551244 -0.17316328 -0.136113107 0.97544241 3.79048288e-07 
56 0.997035563 -0.059946537 -0.0482359789 0 0.0586252995 0.997877359 -0.0283553414 0.235073596 0.0498333797 0.0254434235 0.998433471 -2.34693289e-07 
11 -0.430952996 0.754352033 0.495209575 0 -0.754352093 -8.94069672e-08 -0.656470001 1 -0.495209545 -0.65647006 0.569047093 0 
58 0.545157671 0.385156304 0.744619191 -1.42995447e-08 -0.682184875 0.720067382 0.126990914 0.947927415 -0.487264693 -0.577198088 0.655297995 1.83831155e-08 
59 0.99703449 0.0634037554 0.0436125658 -3.53902578e-08 -0.0554961599 0.985013902 -0.163302004 2.46202683 -0.053312961 0.160397395 0.985611677 4.47034836e-08 
60 0.998275042 0.0398460738 0.0431188606 4.12813961e-09 -0.0431188978 0.996032596 0.0778435767 2.79494715 -0.0398460478 -0.0795685425 0.996032715 -3.42951125e-08 
61 -1 -1.31047483e-14 1.50995803e-07 -1.90879632e-07 -1.50995788e-07 1.19248966e-08 -1 0.2649979 1.85389356e-14 -1 -1.19248691e-08 1.49213975e-13 

TAIL 756
-6.4384869e-13 2.05865932 -1.90734863e-06 
-2.94955989e-08 1.08056879 -8.84911969e-07 
-2.94955989e-08 1.08056879 -1.02243666e-06 
6.28497254e-12 0.708984852 -1.90734863e-06 
6.28497254e-12 0.708984852 -1.90734863e-06 
2.01039185e-12 1.38231075 -1.90734863e-06 
2.01039185e-12 1.38231075 -1.90734863e-06 
1.32960309e-12 0.91787678 -2.14576721e-06 
1.32960309e-12 0.91787678 -2.14576721e-06 
-2.44882656e-08 0.999998212 1.35018624e-07 
9.47210239e-08 0.999998152 7.14427273e-08 
4.18289188e-12 0.99999994 -1.96695328e-06 
-9.7150496e-07 0.947928727 -1.06330901e-06 
2.70083547e-07 2.4620285 2.68220901e-07 
7.87614965e-07 2.79494858 -4.80160224e-07 
1.02534489e-06 0.26499933 -4.7841263e-07 
-7.81816766e-07 1.60077381 -1.05266236e-06 
-4.17881094e-12 1.06595254 -4.26885265e-08 
-4.17059703e-12 0.819842577 -9.84426123e-08 
-4.15482622e-12 1.08237839 -1.72050648e-07 
-4.1483878e-12 0.441860199 -2.02099812e-07 
-4.12928199e-12 1.31130314 -2.91276024e-07 
8.88032673e-07 1.29441977 -1.20391223e-06 
-4.76837158e-07 1.96403217 -1.80397183e-06 
-3.51574272e-07 1.35132003 -1.89090497e-06 
-7.45989382e-07 0.34454599 -1.80001371e-06 
5.06639481e-07 0.336426169 -1.96695328e-06 
-5.78351319e-07 0.220110625 -2.23517418e-06 
-1.89989805e-07 0.263199955 -2.06520781e-06 
-3.22237611e-07 0.155223221 -2.23517418e-06 
-6.40749931e-07 0.097759366 -1.55717134e-06 
-6.2584877e-07 0.364780217 -1.68755651e-06 
-9.23871994e-07 0.266516328 -1.98185444e-06 
-1.07288361e-06 0.130559742 -1.50501728e-06 
-7.30156898e-07 0.366433889 -2.04669777e-06 
-9.23871994e-07 0.253340751 -1.87056139e-06 
-1.06543303e-06 0.126909077 -1.24052167e-06 
-8.19563866e-07 0.304551631 -1.71270221e-06 
-9.83476639e-07 0.235074267 -1.67265534e-06 
-1.01327896e-06 0.196909562 -1.71363354e-06 
-8.88032673e-07 1.29441977 -1.20391223e-06 
4.76837158e-07 1.96403217 -1.80397183e-06 
3.51574272e-07 1.35132003 -1.89090497e-06 
7.45989382e-07 0.34454599 -1.80001371e-06 
-5.06639481e-07 0.336426169 -1.96695328e-06 
5.78351319e-07 0.220110625 -2.23517418e-06 
1.02445483e-08 0.325704634 -2.20863149e-06 
-1.00582838e-07 0.155223101 -1.82911754e-06 
4.50760126e-07 0.0977592319 -1.61863863e-06 
6.2584877e-07 0.364780217 -1.68755651e-06 
9.23871994e-07 0.266516328 -1.98185444e-06 
1.07288361e-06 0.130559742 -1.50501728e-06 
7.30156898e-07 0.366433889 -2.04669777e-06 
9.23871994e-07 0.253340751 -1.87056139e-06 
1.06543303e-06 0.126909077 -1.24052167e-06 
8.19563866e-07 0.304551631 -1.71270221e-06 
1.10268593e-06 0.235074267 -1.92597508e-06 
1.01327896e-06 0.196909085 -2.17929482e-06 
9.7150496e-07 0.947928727 -1.06330901e-06 
-2.70083547e-07 2.4620285 2.68220901e-07 
-7.87614965e-07 2.79494858 -4.80160224e-07 
-1.02534489e-06 0.26499933 -4.7841263e-07 
7.81816766e-07 1.60077381 -1.05266236e-06 

VERT 516096
1.02016246 -4.53497314 0.33636868 -0.307035029 -0.197328553 0.931016147 14 1 0 0 0 0 0 0 0 0 0 0 
0.812042713 -4.57171726 0.25888285 -0.307035029 -0.197328553 0.931016147 14 1 0 0 0 0 0 0 0 0 0 0 
0.83071053 -4.73137188 0.232263461 -0.307035029 -0.197328553 0.931016147 14 1 0 0 0 0 0 0 0 0 0 0 
1.03106654 -4.68621016 0.306847155 -0.307035029 -0.197328553 0.931016147 14 1 0 0 0 0 0 0 0 0 0 0 
1.02016246 -4.53497314 0.33636868 0.263528258 -0.165990025 0.950263262 14 1 0 0 0 0 0 0 0 0 0 0 
1.03106654 -4.68621016 0.306847155 0.263528258 -0.165990025 0.950263262 14 1 0 0 0 0 0 0 0 0 0 0 
1.23581815 -4.70611048 0.246668905 0.263528258 -0.165990025 0.950263262 14 1 0 0 0 0 0 0 0 0 0 0 
1.23282731 -4.55448246 0.273904532 0.263528258 -0.165990025 0.950263262 14 1 0 0 0 0 0 0 0 0 0 0 
1.02016246 -4.53497314 0.33636868 0.273281127 -0.14675504 0.95067364 14 1 0 0 0 0 0 0 0 0 0 0 
1.23282731 -4.55448246 0.273904532 0.273281127 -0.14675504 0.95067364 14 1 0 0 0 0 0 0 0 0 0 0 
1.22974861 -4.36842442 0.301830828 0.273281127 -0.14675504 0.95067364 14 1 0 0 0 0 0 0 0 0 0 0 
1.00895154 -4.37035656 0.366683573 0.273281127 -0.14675504 0.95067364 14 1 0 0 0 0 0 0 0 0 0 0 
1.02016246 -4.53497314 0.33636868 -0.323383063 -0.181007832 0.928794682 14 1 0 0 0 0 0 0 0 0 0 0 
1.00895154 -4.37035656 0.366683573 -0.323383063 -0.181007832 0.928794682 14 1 0 0 0 0 0 0 0 0 0 0 
0.792873621 -4.38615561 0.286234796 -0.323383063 -0.181007832 0.928794682 14 1 0 0 0 0 0 0 0 0 0 0 
0.812042713 -4.57171726 0.25888285 -0.323383063 -0.181007832 0.928794682 14 1 0 0 0 0 0 0 0 0 0 0 
0.748729706 -4.59630442 0.0464542359 -0.938256085 -0.0598691031 -0.340721607 14 1 0 0 0 0 0 0 0 0 0 0 
0.825678229 -4.60402346 -0.160967171 -0.938256085 -0.0598691031 -0.340721607 14 1 0 0 0 0 0 0 0 0 0 0 
0.843897283 -4.84437799 -0.172022417 -0.938256085 -0.0598691031 -0.340721607 14 1 0 0 0 0 0 0 0 0 0 0 
0.769785941 -4.80192757 0.0277196094 -0.938256085 -0.0598691031 -0.340721607 14 1 0 0 0 0 0 0 0 0 0 0 
0.748729706 -4.59630442 0.0464542359 -0.939541101 -0.140925944 0.312093556 14 1 0 0 0 0 0 0 0 0 0 0 
0.769785941 -4.80192757 0.0277196094 -0.939541101 -0.140925944 0.312093556 14 1 0 0 0 0 0 0 0 0 0 0 
0.83071053 -4.73137188 0.232263461 -0.939541101 -0.140925944 0.312093556 14 1 0 0 0 0 0 0 0 0 0 0 
0.812042713 -4.57171726 0.25888285 -0.939541101 -0.140925944 0.312093556 14 1 0 0 0 0 0 0 0 0 0 0 
0.748729706 -4.59630442 0.0464542359 -0.9496122 -0.127313435 0.286405325 14 1 0 0 0 0 0 0 0 0 0 0 
0.812042713 -4.57171726 0.25888285 -0.9496122 -0.127313435 0.286405325 14 1 0 0 0 0 0 0 0 0 0 0 
0.792873621 -4.38615561 0.286234796 -0.9496122 -0.127313435 0.286405325 14 1 0 0 0 0 0 0 0 0 0 0 
0.727139533 -4.3730607 0.0656830966 -0.9496122 -0.127313435 0.286405325 14 1 0 0 0 0 0 0 0 0 0 0 
0.748729706 -4.59630442 0.0464542359 -0.93549192 -0.0568956695 -0.348737299 14 1 0 0 0 0 0 0 0 0 0 0 
0.727139533 -4.3730607 0.0656830966 -0.93549192 -0.0568956695 -0.348737299 14 1 0 0 0 0 0 0 0 0 0 0 
0.80703038 -4.35277176 -0.149669901 -0.93549192 -0.0568956695 -0.348737299 14 1 0 0 0 0 0 0 0 0 0 0 
0.825678229 -4.60402346 -0.160967171 -0.93549192 -0.0568956695 -0.348737299 14 1 0 0 0 0 0 0 0 0 0 0 
0.72494036 0.436034054 -0.556712747 0.278019547 0.249870256 -0.92750746 12 0.708696008 17 0.148090824 13 0.141431585 58 0.00178157631 0 0 0 0 
0.433749795 0.567849636 -0.558529496 0.278019547 0.249870256 -0.92750746 12 0.628787994 17 0.255924344 13 0.0628497079 58 0.0524379425 0 0 0 0 
0.431139231 1.56755853 -0.339946985 0.278019547 0.249870256 -0.92750746 17 0.809482992 18 0.10516838 22 0.0627091005 12 0.0226395074 0 0 0 0 
0.878892064 0.736336946 -0.379708022 0.278019547 0.249870256 -0.92750746 12 0.560039103 17 0.332384527 13 0.107576355 0 0 0 0 0 0 
0.72494036 0.436034054 -0.556712747 0.45109278 0.225312829 -0.863567889 12 0.708696008 17 0.148090824 13 0.141431585 58 0.00178157631 0 0 0 0 
0.878892064 0.736336946 -0.379708022 0.45109278 0.225312829 -0.863567889 12 0.560039103 17 0.332384527 13 0.107576355 0 0 0 0 0 0 
1.02128816 0.0673491806 -0.498105973 0.45109278 0.225312829 -0.863567889 12 0.510115743 13 0.489884228 0 0 0 0 0 0 0 0 
0.745267808 -0.120495752 -0.673063397 0.45109278 0.225312829 -0.863567889 12 0.504749417 13 0.482060611 58 0.0131899789 0 0 0 0 0 0 
0.72494036 0.436034054 -0.556712747 0.0796948746 0.198602453 -0.976834536 12 0.708696008 17 0.148090824 13 0.141431585 58 0.00178157631 0 0 0 0 
0.745267808 -0.120495752 -0.673063397 0.0796948746 0.198602453 -0.976834536 12 0.504749417 13 0.482060611 58 0.0131899789 0 0 0 0 0 0 
0.333681881 -0.248302877 -0.727767587 0.0796948746 0.198602453 -0.976834536 12 0.594185054 13 0.244105652 58 0.145141467 59 0.016567843 0 0 0 0 
0.433749795 0.567849636 -0.558529496 0.0796948746 0.198602453 -0.976834536 12 0.628787994 17 0.255924344 13 0.0628497079 58 0.0524379425 0 0 0 0 
0 -0.337951243 -0.238216698 -0.372231245 -0.8343817 -0.406510949 58 0.364671856 12 0.364671826 59 0.135328203 13 0.135328084 0 0 0 0 
0 -0.10945724 -0.588516891 -0.372231245 -0.8343817 -0.406510949 58 0.380354345 12 0.380354255 17 0.0863193795 59 0.0764860362 13 0.0764860064 0 0 
0.333681881 -0.248302877 -0.727767587 -0.372231245 -0.8343817 -0.406510949 12 0.594185054 13 0.244105652 58 0.145141467 59 0.016567843 0 0 0 0 
0.142787069 -0.434014499 -0.0530950427 -0.372231245 -0.8343817 -0.406510949 12 0.429350972 13 0.296362281 58 0.198606208 59 0.0756805539 0 0 0 0 
0 -0.337951243 -0.238216698 0 -0.999698818 -0.0245424043 58 0.364671856 12 0.364671826 59 0.135328203 13 0.135328084 0 0 0 0 
0.142787069 -0.434014499 -0.0530950427 0 -0.999698818 -0.0245424043 12 0.429350972 13 0.296362281 58 0.198606208 59 0.0756805539 0 0 0 0 
0 -0.3573623 0.552464306 0 -0.999698818 -0.0245424043 58 0.348119467 12 0.348119289 59 0.151880652 13 0.151880577 0 0 0 0 
-0.142787069 -0.434014499 -0.0530950427 0 -0.999698818 -0.0245424043 58 0.429350942 59 0.29636234 12 0.198606208 13 0.0756805167 0 0 0 0 
0 -0.337951243 -0.238216698 0.372231185 -0.8343817 -0.406510949 58 0.364671856 12 0.364671826 59 0.135328203 13 0.135328084 0 0 0 0 
-0.142787069 -0.434014499 -0.0530950427 0.372231185 -0.8343817 -0.406510949 58 0.429350942 59 0.29636234 12 0.198606208 13 0.0756805167 0 0 0 0 
-0.333681881 -0.248302877 -0.727767587 0.372231185 -0.8343817 -0.406510949 58 0.594185114 59 0.244105726 12 0.145141423 13 0.0165677406 0 0 0 0 
0 -0.10945724 -0.588516891 0.372231185 -0.8343817 -0.406510949 58 0.380354345 12 0.380354255 17 0.0863193795 59 0.0764860362 13 0.0764860064 0 0 
1.01701891 -4.07934427 -0.205365896 0.347925127 0.0476586521 -0.936310172 14 1 0 0 0 0 0 0 0 0 0 0 
1.24127674 -4.07616138 -0.121871613 0.347925127 0.0476586521 -0.936310172 14 1 0 0 0 0 0 0 0 0 0 0 
1.24390531 -4.33507824 -0.134073839 0.347925127 0.0476586521 -0.936310172 14 1 0 0 0 0 0 0 0 0 0 0 
1.02782738 -4.33814478 -0.21452266 0.347925127 0.0476586521 -0.936310172 14 1 0 0 0 0 0 0 0 0 0 0 
1.01701891 -4.07934427 -0.205365896 -0.283094376 0.0221020598 -0.95883745 14 1 0 0 0 0 0 0 0 0 0 0 
1.02782738 -4.33814478 -0.21452266 -0.283094376 0.0221020598 -0.95883745 14 1 0 0 0 0 0 0 0 0 0 0 
0.80703038 -4.35277176 -0.149669901 -0.283094376 0.0221020598 -0.95883745 14 1 0 0 0 0 0 0 0 0 0 0 
0.787863433 -4.09452486 -0.138058066 -0.283094376 0.0221020598 -0.95883745 14 1 0 0 0 0 0 0 0 0 0 0 
1.01701891 -4.07934427 -0.205365896 -0.283095062 0.0221018922 -0.958837092 14 1 0 0 0 0 0 0 0 0 0 0 
0.787863433 -4.09452486 -0.138058066 -0.283095062 0.0221018922 -0.958837092 14 1 0 0 0 0 0 0 0 0 0 0 
0.7680071 -3.82699013 -0.126028627 -0.283095062 0.0221018922 -0.958837092 14 1 0 0 0 0 0 0 0 0 0 0 
1.0058217 -3.8112359 -0.195879832 -0.283095062 0.0221018922 -0.958837092 14 1 0 0 0 0 0 0 0 0 0 0 
1.01701891 -4.07934427 -0.205365896 0.347924829 0.047658667 -0.936310291 14 1 0 0 0 0 0 0 0 0 0 0 
1.0058217 -3.8112359 -0.195879832 0.347924829 0.047658667 -0.936310291 14 1 0 0 0 0 0 0 0 0 0 0 
1.23855364 -3.80793309 -0.109230526 0.347924829 0.047658667 -0.936310291 14 1 0 0 0 0 0 0 0 0 0 0 
1.24127674 -4.07616138 -0.121871613 0.347924829 0.047658667 -0.936310291 14 1 0 0 0 0 0 0 0 0 0 0 
1.30949926 -4.09109783 0.107029289 0.938022196 -0.0270455014 0.34551841 14 1 0 0 0 0 0 0 0 0 0 0 
1.22658408 -4.11215496 0.330534726 0.938022196 -0.0270455014 0.34551841 14 1 0 0 0 0 0 0 0 0 0 0 
1.22974861 -4.36842442 0.301830828 0.938022196 -0.0270455014 0.34551841 14 1 0 0 0 0 0 0 0 0 0 0 
1.30963945 -4.34946966 0.0864778459 0.938022196 -0.0270455014 0.34551841 14 1 0 0 0 0 0 0 0 0 0 0 
1.30949926 -4.09109783 0.107029289 0.958496332 0.0231230799 -0.284165889 14 1 0 0 0 0 0 0 0 0 0 0 
1.30963945 -4.34946966 0.0864778459 0.958496332 0.0231230799 -0.284165889 14 1 0 0 0 0 0 0 0 0 0 0 
1.24390531 -4.33507824 -0.134073839 0.958496332 0.0231230799 -0.284165889 14 1 0 0 0 0 0 0 0 0 0 0 
1.24127674 -4.07616138 -0.121871613 0.958496332 0.0231230799 -0.284165889 14 1 0 0 0 0 0 0 0 0 0 0 
1.30949926 -4.09109783 0.107029289 0.958496571 0.0231229924 -0.284164876 14 1 0 0 0 0 0 0 0 0 0 0 
1.24127674 -4.07616138 -0.121871613 0.958496571 0.0231229924 -0.284164876 14 1 0 0 0 0 0 0 0 0 0 0 
1.23855364 -3.80793309 -0.109230526 0.958496571 0.0231229924 -0.284164876 14 1 0 0 0 0 0 0 0 0 0 0 
1.30935407 -3.8234334 0.128319889 0.958496571 0.0231229924 -0.284164876 14 1 0 0 0 0 0 0 0 0 0 0 
1.30949926 -4.09109783 0.107029289 0.938048422 -0.0269690976 0.345453233 14 1 0 0 0 0 0 0 0 0 0 0 
1.30935407 -3.8234334 0.128319889 0.938048422 -0.0269690976 0.345453233 14 1 0 0 0 0 0 0 0 0 0 0 
1.2233057 -3.84528637 0.360270947 0.938048422 -0.0269690976 0.345453233 14 1 0 0 0 0 0 0 0 0 0 0 
1.22658408 -4.11215496 0.330534726 0.938048422 -0.0269690976 0.345453233 14 1 0 0 0 0 0 0 0 0 0 0 
0.997428596 -4.12733555 0.397842556 -0.340860873 -0.131983474 0.930803001 14 1 0 0 0 0 0 0 0 0 0 0 
0.77317071 -4.13051844 0.314348251 -0.340860873 -0.131983474 0.930803001 14 1 0 0 0 0 0 0 0 0 0 0 
0.792873621 -4.38615561 0.286234796 -0.340860873 -0.131983474 0.930803001 14 1 0 0 0 0 0 0 0 0 0 0 
1.00895154 -4.37035656 0.366683573 -0.340860873 -0.131983474 0.930803001 14 1 0 0 0 0 0 0 0 0 0 0 
0.997428596 -4.12733555 0.397842556 0.283937097 -0.105905399 0.952976227 14 1 0 0 0 0 0 0 0 0 0 0 
1.00895154 -4.37035656 0.366683573 0.283937097 -0.105905399 0.952976227 14 1 0 0 0 0 0 0 0 0 0 0 
1.22974861 -4.36842442 0.301830828 0.283937097 -0.105905399 0.952976227 14 1 0 0 0 0 0 0 0 0 0 0 
1.22658408 -4.11215496 0.330534726 0.283937097 -0.105905399 0.952976227 14 1 0 0 0 0 0 0 0 0 0 0 
0.997428596 -4.12733555 0.397842556 0.286580056 -0.102618136 0.952544749 14 1 0 0 0 0 0 0 0 0 0 0 
1.22658408 -4.11215496 0.330534726 0.286580056 -0.102618136 0.952544749 14 1 0 0 0 0 0 0 0 0 0 0 
1.2233057 -3.84528637 0.360270947 0.286580056 -0.102618136 0.952544749 14 1 0 0 0 0 0 0 0 0 0 0 
0.985491157 -3.86104012 0.430122137 0.286580056 -0.102618136 0.952544749 14 1 0 0 0 0 0 0 0 0 0 0 
0.997428596 -4.12733555 0.397842556 -0.344439536 -0.128174692 0.930017531 14 1 0 0 0 0 0 0 0 0 0 0 
0.985491157 -3.86104012 0.430122137 -0.344439536 -0.128174692 0.930017531 14 1 0 0 0 0 0 0 0 0 0 0 
0.752759159 -3.8643434 0.343472838 -0.344439536 -0.128174692 0.930017531 14 1 0 0 0 0 0 0 0 0 0 0 
0.77317071 -4.13051844 0.314348251 -0.344439536 -0.128174692 0.930017531 14 1 0 0 0 0 0 0 0 0 0 0 
0.704948187 -4.11558199 0.0854473412 -0.934562802 -0.0535469949 -0.351745993 14 1 0 0 0 0 0 0 0 0 0 0 
0.787863433 -4.09452486 -0.138058066 -0.934562802 -0.0535469949 -0.351745993 14 1 0 0 0 0 0 0 0 0 0 0 
0.80703038 -4.35277176 -0.149669901 -0.934562802 -0.0535469949 -0.351745993 14 1 0 0 0 0 0 0 0 0 0 0 
0.727139533 -4.3730607 0.0656830966 -0.934562802 -0.0535469949 -0.351745993 14 1 0 0 0 0 0 0 0 0 0 0 
0.704948187 -4.11558199 0.0854473412 -0.954907894 -0.103916138 0.2781232 14 1 0 0 0 0 0 0 0 0 0 0 
0.727139533 -4.3730607 0.0656830966 -0.954907894 -0.103916138 0.2781232 14 1 0 0 0 0 0 0 0 0 0 0 
0.792873621 -4.38615561 0.286234796 -0.954907894 -0.103916138 0.2781232 14 1 0 0 0 0 0 0 0 0 0 0 
0.77317071 -4.13051844 0.314348251 -0.954907894 -0.103916138 0.2781232 14 1 0 0 0 0 0 0 0 0 0 0 
0.704948187 -4.11558199 0.0854473412 -0.955010891 -0.103639334 0.277872384 14 1 0 0 0 0 0 0 0 0 0 0 
0.77317071 -4.13051844 0.314348251 -0.955010891 -0.103639334 0.277872384 14 1 0 0 0 0 0 0 0 0 0 0 
0.752759159 -3.8643434 0.343472838 -0.955010891 -0.103639334 0.277872384 14 1 0 0 0 0 0 0 0 0 0 0 
0.681958675 -3.84884286 0.105922431 -0.955010891 -0.103639334 0.277872384 14 1 0 0 0 0 0 0 0 0 0 0 
0.704948187 -4.11558199 0.0854473412 -0.934562922 -0.0535470732 -0.351745516 14 1 0 0 0 0 0 0 0 0 0 0 
0.681958675 -3.84884286 0.105922431 -0.934562922 -0.0535470732 -0.351745516 14 1 0 0 0 0 0 0 0 0 0 0 
0.7680071 -3.82699013 -0.126028627 -0.934562922 -0.0535470732 -0.351745516 14 1 0 0 0 0 0 0 0 0 0 0 
0.787863433 -4.09452486 -0.138058066 -0.934562922 -0.0535470732 -0.351745516 14 1 0 0 0 0 0 0 0 0 0 0 
0.994139791 -3.5315218 -0.185983106 0.34792468 0.0476587676 -0.936310351 14 1 0 0 0 0 0 0 0 0 0 0 
1.23571265 -3.52809334 -0.0960422456 0.34792468 0.0476587676 -0.936310351 14 1 0 0 0 0 0 0 0 0 0 0 
1.23855364 -3.80793309 -0.109230526 0.34792468 0.0476587676 -0.936310351 14 1 0 0 0 0 0 0 0 0 0 0 
1.0058217 -3.8112359 -0.195879832 0.34792468 0.0476587676 -0.936310351 14 1 0 0 0 0 0 0 0 0 0 0 
0.994139791 -3.5315218 -0.185983106 -0.28309533 0.0221021213 -0.958837092 14 1 0 0 0 0 0 0 0 0 0 0 
1.0058217 -3.8112359 -0.195879832 -0.28309533 0.0221021213 -0.958837092 14 1 0 0 0 0 0 0 0 0 0 0 
0.7680071 -3.82699013 -0.126028627 -0.28309533 0.0221021213 -0.958837092 14 1 0 0 0 0 0 0 0 0 0 0 
0.747291327 -3.54787469 -0.113478452 -0.28309533 0.0221021213 -0.958837092 14 1 0 0 0 0 0 0 0 0 0 0 
0.994139791 -3.5315218 -0.185983106 -0.283096939 0.0221384559 -0.95883584 14 1 0 0 0 0 0 0 0 0 0 0 
0.747291327 -3.54787469 -0.113478452 -0.283096939 0.0221384559 -0.95883584 14 1 0 0 0 0 0 0 0 0 0 0 
0.72493583 -3.24762297 -0.0999455005 -0.283096939 0.0221384559 -0.95883584 14 0.991585791 13 0.00841419958 0 0 0 0 0 0 0 0 
0.98162514 -3.23062372 -0.175340697 -0.283096939 0.0221384559 -0.95883584 14 0.995004296 13 0.00499569438 0 0 0 0 0 0 0 0 
0.994139791 -3.5315218 -0.185983106 0.34794566 0.0476051122 -0.936305344 14 1 0 0 0 0 0 0 0 0 0 0 
0.98162514 -3.23062372 -0.175340697 0.34794566 0.0476051122 -0.936305344 14 0.995004296 13 0.00499569438 0 0 0 0 0 0 0 0 
1.23272336 -3.22517014 -0.0817456841 0.34794566 0.0476051122 -0.936305344 14 0.99712652 13 0.0028734738 0 0 0 0 0 0 0 0 
1.23571265 -3.52809334 -0.0960422456 0.34794566 0.0476051122 -0.936305344 14 1 0 0 0 0 0 0 0 0 0 0 
1.30920267 -3.54418254 0.150532082 0.938048601 -0.0269693304 0.345452815 14 1 0 0 0 0 0 0 0 0 0 0 
1.21988547 -3.56686544 0.39129436 0.938048601 -0.0269693304 0.345452815 14 1 0 0 0 0 0 0 0 0 0 0 
1.2233057 -3.84528637 0.360270947 0.938048601 -0.0269693304 0.345452815 14 1 0 0 0 0 0 0 0 0 0 0 
1.30935407 -3.8234334 0.128319889 0.938048601 -0.0269693304 0.345452815 14 1 0 0 0 0 0 0 0 0 0 0 
1.30920267 -3.54418254 0.150532082 0.958496392 0.0231228974 -0.284165531 14 1 0 0 0 0 0 0 0 0 0 0 
1.30935407 -3.8234334 0.128319889 0.958496392 0.0231228974 -0.284165531 14 1 0 0 0 0 0 0 0 0 0 0 
1.23855364 -3.80793309 -0.109230526 0.958496392 0.0231228974 -0.284165531 14 1 0 0 0 0 0 0 0 0 0 0 
1.23571265 -3.52809334 -0.0960422456 0.958496392 0.0231228974 -0.284165531 14 1 0 0 0 0 0 0 0 0 0 0 
1.30920267 -3.54418254 0.150532082 0.958565712 0.0230662711 -0.283936054 14 1 0 0 0 0 0 0 0 0 0 0 
1.23571265 -3.52809334 -0.0960422456 0.958565712 0.0230662711 -0.283936054 14 1 0 0 0 0 0 0 0 0 0 0 
1.23272336 -3.22517014 -0.0817456841 0.958565712 0.0230662711 -0.283936054 14 0.99712652 13 0.0028734738 0 0 0 0 0 0 0 0 
1.30896795 -3.23874664 0.174772933 0.958565712 0.0230662711 -0.283936054 14 1 0 0 0 0 0 0 0 0 0 0 
1.30920267 -3.54418254 0.150532082 0.937971771 -0.0265348423 0.3456949 14 1 0 0 0 0 0 0 0 0 0 0 
1.30896795 -3.23874664 0.174772933 0.937971771 -0.0265348423 0.3456949 14 1 0 0 0 0 0 0 0 0 0 0 
1.21595001 -3.25980759 0.425382227 0.937971771 -0.0265348423 0.3456949 14 1 0 0 0 0 0 0 0 0 0 0 
1.21988547 -3.56686544 0.39129436 0.937971771 -0.0265348423 0.3456949 14 1 0 0 0 0 0 0 0 0 0 0 
4.51320553 3.32434559 0.235767171 -0.0403821617 0.574558556 0.817466736 26 0.607299984 25 0.325397849 24 0.0673021823 0 0 0 0 0 0 
4.43144321 3.32183957 0.23019357 -0.0403821617 0.574558556 0.817466736 25 0.498877704 26 0.276479721 24 0.22464259 0 0 0 0 0 0 
4.49939251 3.2460475 0.290116847 -0.0403821617 0.574558556 0.817466736 26 0.825267792 25 0.157114848 24 0.0176173765 0 0 0 0 0 0 
4.59947681 3.26798892 0.276343465 -0.0403821617 0.574558556 0.817466736 26 0.829768717 25 0.152042985 37 0.0181882922 0 0 0 0 0 0 
4.51320553 3.32434559 0.235767171 0.0907172114 0.840119481 0.53476131 26 0.607299984 25 0.325397849 24 0.0673021823 0 0 0 0 0 0 
4.59947681 3.26798892 0.276343465 0.0907172114 0.840119481 0.53476131 26 0.829768717 25 0.152042985 37 0.0181882922 0 0 0 0 0 0 
4.75356436 3.29461837 0.241695106 0.0907172114 0.840119481 0.53476131 26 0.588082433 37 0.407670975 25 0.00424660929 0 0 0 0 0 0 
4.53874779 3.33638573 0.179193109 0.0907172114 0.840119481 0.53476131 25 0.51713562 26 0.361941099 24 0.120923258 0 0 0 0 0 0 
4.51320553 3.32434559 0.235767171 0.0783006698 0.903062046 0.422312826 26 0.607299984 25 0.325397849 24 0.0673021823 0 0 0 0 0 0 
4.53874779 3.33638573 0.179193109 0.0783006698 0.903062046 0.422312826 25 0.51713562 26 0.361941099 24 0.120923258 0 0 0 0 0 0 
4.33229923 3.37385273 0.163444296 0.0783006698 0.903062046 0.422312826 25 0.5017308 24 0.474232256 26 0.0240369495 0 0 0 0 0 0 
4.43144321 3.32183957 0.23019357 0.0783006698 0.903062046 0.422312826 25 0.498877704 26 0.276479721 24 0.22464259 0 0 0 0 0 0 
0.973036885 -3.5832181 0.463799 -0.344439417 -0.128174827 0.930017591 14 1 0 0 0 0 0 0 0 0 0 0 
0.731464148 -3.5866468 0.373858124 -0.344439417 -0.128174827 0.930017591 14 1 0 0 0 0 0 0 0 0 0 0 
0.752759159 -3.8643434 0.343472838 -0.344439417 -0.128174827 0.930017591 14 1 0 0 0 0 0 0 0 0 0 0 
0.985491157 -3.86104012 0.430122137 -0.344439417 -0.128174827 0.930017591 14 1 0 0 0 0 0 0 0 0 0 0 
0.973036885 -3.5832181 0.463799 0.286580473 -0.102618121 0.95254463 14 1 0 0 0 0 0 0 0 0 0 0 
0.985491157 -3.86104012 0.430122137 0.286580473 -0.102618121 0.95254463 14 1 0 0 0 0 0 0 0 0 0 0 
1.2233057 -3.84528637 0.360270947 0.286580473 -0.102618121 0.95254463 14 1 0 0 0 0 0 0 0 0 0 0 
1.21988547 -3.56686544 0.39129436 0.286580473 -0.102618121 0.95254463 14 1 0 0 0 0 0 0 0 0 0 0 
0.973036885 -3.5832181 0.463799 0.286553681 -0.102072738 0.952611208 14 1 0 0 0 0 0 0 0 0 0 0 
1.21988547 -3.56686544 0.39129436 0.286553681 -0.102072738 0.952611208 14 1 0 0 0 0 0 0 0 0 0 0 
1.21595001 -3.25980759 0.425382227 0.286553681 -0.102072738 0.952611208 14 1 0 0 0 0 0 0 0 0 0 0 
0.959260762 -3.27680683 0.500772357 0.286553681 -0.102072738 0.952611208 14 1 0 0 0 0 0 0 0 0 0 0 
0.973036885 -3.5832181 0.463799 -0.344465792 -0.127714261 0.930071175 14 1 0 0 0 0 0 0 0 0 0 0 
0.959260762 -3.27680683 0.500772357 -0.344465792 -0.127714261 0.930071175 14 1 0 0 0 0 0 0 0 0 0 0 
0.708162546 -3.28226066 0.407025129 -0.344465792 -0.127714261 0.930071175 14 1 0 0 0 0 0 0 0 0 0 0 
0.731464148 -3.5866468 0.373858124 -0.344465792 -0.127714261 0.930071175 14 1 0 0 0 0 0 0 0 0 0 0 
0.657974124 -3.57055759 0.127283797 -0.934562862 -0.0535467826 -0.351745754 14 1 0 0 0 0 0 0 0 0 0 0 
0.747291327 -3.54787469 -0.113478452 -0.934562862 -0.0535467826 -0.351745754 14 1 0 0 0 0 0 0 0 0 0 0 
0.7680071 -3.82699013 -0.126028627 -0.934562862 -0.0535467826 -0.351745754 14 1 0 0 0 0 0 0 0 0 0 0 
0.681958675 -3.84884286 0.105922431 -0.934562862 -0.0535467826 -0.351745754 14 1 0 0 0 0 0 0 0 0 0 0 
0.657974124 -3.57055759 0.127283797 -0.955010831 -0.103639148 0.277873009 14 1 0 0 0 0 0 0 0 0 0 0 
0.681958675 -3.84884286 0.105922431 -0.955010831 -0.103639148 0.277873009 14 1 0 0 0 0 0 0 0 0 0 0 
0.752759159 -3.8643434 0.343472838 -0.955010831 -0.103639148 0.277873009 14 1 0 0 0 0 0 0 0 0 0 0 
0.731464148 -3.5866468 0.373858124 -0.955010831 -0.103639148 0.277873009 14 1 0 0 0 0 0 0 0 0 0 0 
0.657974124 -3.57055759 0.127283797 -0.954945087 -0.103613004 0.278108418 14 1 0 0 0 0 0 0 0 0 0 0 
0.731464148 -3.5866468 0.373858124 -0.954945087 -0.103613004 0.278108418 14 1 0 0 0 0 0 0 0 0 0 0 
0.708162546 -3.28226066 0.407025129 -0.954945087 -0.103613004 0.278108418 14 1 0 0 0 0 0 0 0 0 0 0 
0.631917953 -3.26868415 0.150506511 -0.954945087 -0.103613004 0.278108418 14 1 0 0 0 0 0 0 0 0 0 0 
0.657974124 -3.57055759 0.127283797 -0.934577405 -0.0536731072 -0.35168767 14 1 0 0 0 0 0 0 0 0 0 0 
0.631917953 -3.26868415 0.150506511 -0.934577405 -0.0536731072 -0.35168767 14 1 0 0 0 0 0 0 0 0 0 0 
0.72493583 -3.24762297 -0.0999455005 -0.934577405 -0.0536731072 -0.35168767 14 0.991585791 13 0.00841419958 0 0 0 0 0 0 0 0 
0.747291327 -3.54787469 -0.113478452 -0.934577405 -0.0536731072 -0.35168767 14 1 0 0 0 0 0 0 0 0 0 0 
0.967929661 -2.89896202 -0.163617507 0.348023653 0.0475141071 -0.936280966 14 0.850976765 13 0.149023265 0 0 0 0 0 0 0 0 
1.22955549 -2.88769007 -0.065779753 0.348023653 0.0475141071 -0.936280966 14 0.856843054 13 0.143156946 0 0 0 0 0 0 0 0 
1.23272336 -3.22517014 -0.0817456841 0.348023653 0.0475141071 -0.936280966 14 0.99712652 13 0.0028734738 0 0 0 0 0 0 0 0 
0.98162514 -3.23062372 -0.175340697 0.348023653 0.0475141071 -0.936280966 14 0.995004296 13 0.00499569438 0 0 0 0 0 0 0 0 
0.967929661 -2.89896202 -0.163617507 -0.283100337 0.0222014636 -0.958833337 14 0.850976765 13 0.149023265 0 0 0 0 0 0 0 0 
0.98162514 -3.23062372 -0.175340697 -0.283100337 0.0222014636 -0.958833337 14 0.995004296 13 0.00499569438 0 0 0 0 0 0 0 0 
0.72493583 -3.24762297 -0.0999455005 -0.283100337 0.0222014636 -0.958833337 14 0.991585791 13 0.00841419958 0 0 0 0 0 0 0 0 
0.700160861 -2.91667986 -0.0849677101 -0.283100337 0.0222014636 -0.958833337 14 0.843824625 13 0.156175375 0 0 0 0 0 0 0 0 
0.967929661 -2.89896202 -0.163617507 -0.2822375 -0.0398470201 -0.958516717 14 0.850976765 13 0.149023265 0 0 0 0 0 0 0 0 
0.700160861 -2.91667986 -0.0849677101 -0.2822375 -0.0398470201 -0.958516717 14 0.843824625 13 0.156175375 0 0 0 0 0 0 0 0 
0.670518279 -2.57614732 -0.0894639939 -0.2822375 -0.0398470201 -0.958516717 13 0.813954711 14 0.186045289 0 0 0 0 0 0 0 0 
0.950138152 -2.55783558 -0.173491776 -0.2822375 -0.0398470201 -0.958516717 13 0.815327048 14 0.184672982 0 0 0 0 0 0 0 0 
0.967929661 -2.89896202 -0.163617507 0.363465339 0.00368024991 -0.931600451 14 0.850976765 13 0.149023265 0 0 0 0 0 0 0 0 
0.950138152 -2.55783558 -0.173491776 0.363465339 0.00368024991 -0.931600451 13 0.815327048 14 0.184672982 0 0 0 0 0 0 0 0 
1.22270787 -2.53836441 -0.0627908707 0.363465339 0.00368024991 -0.931600451 13 0.780567586 14 0.219432414 0 0 0 0 0 0 0 0 
1.22955549 -2.88769007 -0.065779753 0.363465339 0.00368024991 -0.931600451 14 0.856843054 13 0.143156946 0 0 0 0 0 0 0 0 
1.30857337 -2.89252687 0.219965339 0.939720929 -0.0476025119 0.338612676 14 0.897902131 13 0.102097861 0 0 0 0 0 0 0 0 
1.21112645 -2.90702677 0.492937654 0.939720929 -0.0476025119 0.338612676 14 0.897235572 13 0.10276442 0 0 0 0 0 0 0 0 
1.21595001 -3.25980759 0.425382227 0.939720929 -0.0476025119 0.338612676 14 1 0 0 0 0 0 0 0 0 0 0 
1.30896795 -3.23874664 0.174772933 0.939720929 -0.0476025119 0.338612676 14 1 0 0 0 0 0 0 0 0 0 0 
1.30857337 -2.89252687 0.219965339 0.961214721 0.0295375474 -0.274214953 14 0.897902131 13 0.102097861 0 0 0 0 0 0 0 0 
1.30896795 -3.23874664 0.174772933 0.961214721 0.0295375474 -0.274214953 14 1 0 0 0 0 0 0 0 0 0 0 
1.23272336 -3.22517014 -0.0817456841 0.961214721 0.0295375474 -0.274214953 14 0.99712652 13 0.0028734738 0 0 0 0 0 0 0 0 
1.22955549 -2.88769007 -0.065779753 0.961214721 0.0295375474 -0.274214953 14 0.856843054 13 0.143156946 0 0 0 0 0 0 0 0 
1.30857337 -2.89252687 0.219965339 0.965907395 0.0287706517 -0.257284194 14 0.897902131 13 0.102097861 0 0 0 0 0 0 0 0 
1.22955549 -2.88769007 -0.065779753 0.965907395 0.0287706517 -0.257284194 14 0.856843054 13 0.143156946 0 0 0 0 0 0 0 0 
1.22270787 -2.53836441 -0.0627908707 0.965907395 0.0287706517 -0.257284194 13 0.780567586 14 0.219432414 0 0 0 0 0 0 0 0 
1.30416417 -2.53032827 0.254281461 0.965907395 0.0287706517 -0.257284194 13 0.531235635 14 0.468764365 0 0 0 0 0 0 0 0 
1.30857337 -2.89252687 0.219965339 0.943898261 -0.0244809072 0.329327792 14 0.897902131 13 0.102097861 0 0 0 0 0 0 0 0 
1.30416417 -2.53032827 0.254281461 0.943898261 -0.0244809072 0.329327792 13 0.531235635 14 0.468764365 0 0 0 0 0 0 0 0 
1.20155728 -2.53488636 0.553273261 0.943898261 -0.0244809072 0.329327792 13 0.509274185 14 0.490725785 0 0 0 0 0 0 0 0 
1.21112645 -2.90702677 0.492937654 0.943898261 -0.0244809072 0.329327792 14 0.897235572 13 0.10276442 0 0 0 0 0 0 0 0 
0.943357587 -2.92474413 0.571541905 -0.35578391 -0.1872776 0.915611863 14 0.899838507 13 0.10016147 0 0 0 0 0 0 0 0 
0.68173182 -2.93601632 0.462636113 -0.35578391 -0.1872776 0.915611863 14 0.8878901 13 0.112109929 0 0 0 0 0 0 0 0 
0.708162546 -3.28226066 0.407025129 -0.35578391 -0.1872776 0.915611863 14 1 0 0 0 0 0 0 0 0 0 0 
0.959260762 -3.27680683 0.500772357 -0.35578391 -0.1872776 0.915611863 14 1 0 0 0 0 0 0 0 0 0 0 
0.943357587 -2.92474413 0.571541905 0.288044572 -0.17625092 0.941257656 14 0.899838507 13 0.10016147 0 0 0 0 0 0 0 0 
0.959260762 -3.27680683 0.500772357 0.288044572 -0.17625092 0.941257656 14 1 0 0 0 0 0 0 0 0 0 0 
1.21595001 -3.25980759 0.425382227 0.288044572 -0.17625092 0.941257656 14 1 0 0 0 0 0 0 0 0 0 0 
1.21112645 -2.90702677 0.492937654 0.288044572 -0.17625092 0.941257656 14 0.897235572 13 0.10276442 0 0 0 0 0 0 0 0 
0.943357587 -2.92474413 0.571541905 0.290606469 -0.14816986 0.945300758 14 0.899838507 13 0.10016147 0 0 0 0 0 0 0 0 
1.21112645 -2.90702677 0.492937654 0.290606469 -0.14816986 0.945300758 14 0.897235572 13 0.10276442 0 0 0 0 0 0 0 0 
1.20155728 -2.53488636 0.553273261 0.290606469 -0.14816986 0.945300758 13 0.509274185 14 0.490725785 0 0 0 0 0 0 0 0 
0.921937406 -2.5531981 0.637301087 0.290606469 -0.14816986 0.945300758 13 0.510337532 14 0.489662468 0 0 0 0 0 0 0 0 
0.943357587 -2.92474413 0.571541905 -0.384909362 -0.172196567 0.906748652 14 0.899838507 13 0.10016147 0 0 0 0 0 0 0 0 
0.921937406 -2.5531981 0.637301087 -0.384909362 -0.172196567 0.906748652 13 0.510337532 14 0.489662468 0 0 0 0 0 0 0 0 
0.64936769 -2.57266903 0.513606131 -0.384909362 -0.172196567 0.906748652 13 0.540635586 14 0.459364414 0 0 0 0 0 0 0 0 
0.68173182 -2.93601632 0.462636113 -0.384909362 -0.172196567 0.906748652 14 0.8878901 13 0.112109929 0 0 0 0 0 0 0 0 
0.602713943 -2.93117976 0.176565617 -0.93465507 -0.0539001748 -0.351446778 14 0.862233102 13 0.137766868 0 0 0 0 0 0 0 0 
0.700160861 -2.91667986 -0.0849677101 -0.93465507 -0.0539001748 -0.351446778 14 0.843824625 13 0.156175375 0 0 0 0 0 0 0 0 
0.72493583 -3.24762297 -0.0999455005 -0.93465507 -0.0539001748 -0.351446778 14 0.991585791 13 0.00841419958 0 0 0 0 0 0 0 0 
0.631917953 -3.26868415 0.150506511 -0.93465507 -0.0539001748 -0.351446778 14 1 0 0 0 0 0 0 0 0 0 0 
0.602713943 -2.93117976 0.176565617 -0.956552029 -0.110080041 0.269982934 14 0.862233102 13 0.137766868 0 0 0 0 0 0 0 0 
0.631917953 -3.26868415 0.150506511 -0.956552029 -0.110080041 0.269982934 14 1 0 0 0 0 0 0 0 0 0 0 
0.708162546 -3.28226066 0.407025129 -0.956552029 -0.110080041 0.269982934 14 1 0 0 0 0 0 0 0 0 0 0 
0.68173182 -2.93601632 0.462636113 -0.956552029 -0.110080041 0.269982934 14 0.8878901 13 0.112109929 0 0 0 0 0 0 0 0 
0.602713943 -2.93117976 0.176565617 -0.959756136 -0.115681969 0.25590232 14 0.862233102 13 0.137766868 0 0 0 0 0 0 0 0 
0.68173182 -2.93601632 0.462636113 -0.959756136 -0.115681969 0.25590232 14 0.8878901 13 0.112109929 0 0 0 0 0 0 0 0 
0.64936769 -2.57266903 0.513606131 -0.959756136 -0.115681969 0.25590232 13 0.540635586 14 0.459364414 0 0 0 0 0 0 0 0 
0.567911386 -2.5807054 0.196375296 -0.959756136 -0.115681969 0.25590232 13 0.784469783 14 0.215530217 0 0 0 0 0 0 0 0 
0.602713943 -2.93117976 0.176565617 -0.93535924 -0.0795968249 -0.344626755 14 0.862233102 13 0.137766868 0 0 0 0 0 0 0 0 
0.567911386 -2.5807054 0.196375296 -0.93535924 -0.0795968249 -0.344626755 13 0.784469783 14 0.215530217 0 0 0 0 0 0 0 0 
0.670518279 -2.57614732 -0.0894639939 -0.93535924 -0.0795968249 -0.344626755 13 0.813954711 14 0.186045289 0 0 0 0 0 0 0 0 
0.700160861 -2.91667986 -0.0849677101 -0.93535924 -0.0795968249 -0.344626755 14 0.843824625 13 0.156175375 0 0 0 0 0 0 0 0 
0.925335765 -2.22854185 -0.227641761 0.381087303 -0.12186528 -0.916472316 13 0.963934004 14 0.0360659659 0 0 0 0 0 0 0 0 
1.20867991 -2.19990444 -0.113579966 0.381087303 -0.12186528 -0.916472316 13 0.946585238 14 0.0534147546 0 0 0 0 0 0 0 0 
1.22270787 -2.53836441 -0.0627908707 0.381087303 -0.12186528 -0.916472316 13 0.780567586 14 0.219432414 0 0 0 0 0 0 0 0 
0.950138152 -2.55783558 -0.173491776 0.381087303 -0.12186528 -0.916472316 13 0.815327048 14 0.184672982 0 0 0 0 0 0 0 0 
0.925335765 -2.22854185 -0.227641761 -0.282193333 -0.168558642 -0.94443363 13 0.963934004 14 0.0360659659 0 0 0 0 0 0 0 0 
0.950138152 -2.55783558 -0.173491776 -0.282193333 -0.168558642 -0.94443363 13 0.815327048 14 0.184672982 0 0 0 0 0 0 0 0 
0.670518279 -2.57614732 -0.0894639939 -0.282193333 -0.168558642 -0.94443363 13 0.813954711 14 0.186045289 0 0 0 0 0 0 0 0 
0.63356024 -2.24712825 -0.13435325 -0.282193333 -0.168558642 -0.94443363 13 0.962371767 14 0.037628226 0 0 0 0 0 0 0 0 
0.925335765 -2.22854185 -0.227641761 -0.293588698 -0.231967837 -0.927359998 13 0.963934004 14 0.0360659659 0 0 0 0 0 0 0 0 
0.63356024 -2.24712825 -0.13435325 -0.293588698 -0.231967837 -0.927359998 13 0.962371767 14 0.037628226 0 0 0 0 0 0 0 0 
0.591555715 -1.91129398 -0.201327428 -0.293588698 -0.231967837 -0.927359998 13 1 0 0 0 0 0 0 0 0 0 0 
0.895958543 -1.89258432 -0.306109667 -0.293588698 -0.231967837 -0.927359998 13 1 0 0 0 0 0 0 0 0 0 0 
0.925335765 -2.22854185 -0.227641761 0.394401222 -0.165005788 -0.904002607 13 0.963934004 14 0.0360659659 0 0 0 0 0 0 0 0 
0.895958543 -1.89258432 -0.306109667 0.394401222 -0.165005788 -0.904002607 13 1 0 0 0 0 0 0 0 0 0 0 
1.19043648 -1.85612607 -0.179958999 0.394401222 -0.165005788 -0.904002607 13 1 0 0 0 0 0 0 0 0 0 0 
1.20867991 -2.19990444 -0.113579966 0.394401222 -0.165005788 -0.904002607 13 0.946585238 14 0.0534147546 0 0 0 0 0 0 0 0 
1.29188621 -2.17695665 0.218992487 0.944647253 0.0624183454 0.322095633 13 0.917525709 14 0.0824742913 0 0 0 0 0 0 0 0 
1.18338597 -2.16975045 0.538626075 0.944647253 0.0624183454 0.322095633 13 0.895989418 14 0.104010567 0 0 0 0 0 0 0 0 
1.20155728 -2.53488636 0.553273261 0.944647253 0.0624183454 0.322095633 13 0.509274185 14 0.490725785 0 0 0 0 0 0 0 0 
1.30416417 -2.53032827 0.254281461 0.944647253 0.0624183454 0.322095633 13 0.531235635 14 0.468764365 0 0 0 0 0 0 0 0 
1.29188621 -2.17695665 0.218992487 0.969256997 0.00625072187 -0.245971218 13 0.917525709 14 0.0824742913 0 0 0 0 0 0 0 0 
1.30416417 -2.53032827 0.254281461 0.969256997 0.00625072187 -0.245971218 13 0.531235635 14 0.468764365 0 0 0 0 0 0 0 0 
1.22270787 -2.53836441 -0.0627908707 0.969256997 0.00625072187 -0.245971218 13 0.780567586 14 0.219432414 0 0 0 0 0 0 0 0 
1.20867991 -2.19990444 -0.113579966 0.969256997 0.00625072187 -0.245971218 13 0.946585238 14 0.0534147546 0 0 0 0 0 0 0 0 
1.29188621 -2.17695665 0.218992487 0.970763683 0.00867410749 -0.239880592 13 0.917525709 14 0.0824742913 0 0 0 0 0 0 0 0 
1.20867991 -2.19990444 -0.113579966 0.970763683 0.00867410749 -0.239880592 13 0.946585238 14 0.0534147546 0 0 0 0 0 0 0 0 
1.19043648 -1.85612607 -0.179958999 0.970763683 0.00867410749 -0.239880592 13 1 0 0 0 0 0 0 0 0 0 0 
1.27536261 -1.82030821 0.170001745 0.970763683 0.00867410749 -0.239880592 13 1 0 0 0 0 0 0 0 0 0 0 
1.29188621 -2.17695665 0.218992487 0.945276082 0.0838235095 0.315320283 13 0.917525709 14 0.0824742913 0 0 0 0 0 0 0 0 
1.27536261 -1.82030821 0.170001745 0.945276082 0.0838235095 0.315320283 13 1 0 0 0 0 0 0 0 0 0 0 
1.16066194 -1.80287957 0.512936771 0.945276082 0.0838235095 0.315320283 13 1 0 0 0 0 0 0 0 0 0 0 
1.18338597 -2.16975045 0.538626075 0.945276082 0.0838235095 0.315320283 13 0.895989418 14 0.104010567 0 0 0 0 0 0 0 0 
0.891610503 -2.18833661 0.63180083 -0.407423586 -0.0239570122 0.912924945 13 0.895984173 14 0.10401582 0 0 0 0 0 0 0 0 
0.608266354 -2.21697402 0.506138027 -0.407423586 -0.0239570122 0.912924945 13 0.90654397 14 0.0934560448 0 0 0 0 0 0 0 0 
0.64936769 -2.57266903 0.513606131 -0.407423586 -0.0239570122 0.912924945 13 0.540635586 14 0.459364414 0 0 0 0 0 0 0 0 
0.921937406 -2.5531981 0.637301087 -0.407423586 -0.0239570122 0.912924945 13 0.510337532 14 0.489662468 0 0 0 0 0 0 0 0 
0.891610503 -2.18833661 0.63180083 0.293192863 0.0458349697 0.954953969 13 0.895984173 14 0.10401582 0 0 0 0 0 0 0 0 
0.921937406 -2.5531981 0.637301087 0.293192863 0.0458349697 0.954953969 13 0.510337532 14 0.489662468 0 0 0 0 0 0 0 0 
1.20155728 -2.53488636 0.553273261 0.293192863 0.0458349697 0.954953969 13 0.509274185 14 0.490725785 0 0 0 0 0 0 0 0 
1.18338597 -2.16975045 0.538626075 0.293192863 0.0458349697 0.954953969 13 0.895989418 14 0.104010567 0 0 0 0 0 0 0 0 
0.891610503 -2.18833661 0.63180083 0.309901983 0.0759397075 0.947731018 13 0.895984173 14 0.10401582 0 0 0 0 0 0 0 0 
1.18338597 -2.16975045 0.538626075 0.309901983 0.0759397075 0.947731018 13 0.895989418 14 0.104010567 0 0 0 0 0 0 0 0 
1.16066194 -1.80287957 0.512936771 0.309901983 0.0759397075 0.947731018 13 1 0 0 0 0 0 0 0 0 0 0 
0.856259108 -1.82158911 0.617697001 0.309901983 0.0759397075 0.947731018 13 1 0 0 0 0 0 0 0 0 0 0 
0.891610503 -2.18833661 0.63180083 -0.39877823 -0.00861499459 0.91700691 13 0.895984173 14 0.10401582 0 0 0 0 0 0 0 0 
0.856259108 -1.82158911 0.617697001 -0.39877823 -0.00861499459 0.91700691 13 1 0 0 0 0 0 0 0 0 0 0 
0.561781168 -1.85804749 0.491471201 -0.39877823 -0.00861499459 0.91700691 13 1 0 0 0 0 0 0 0 0 0 0 
0.608266354 -2.21697402 0.506138027 -0.39877823 -0.00861499459 0.91700691 13 0.90654397 14 0.0934560448 0 0 0 0 0 0 0 0 
0.525060058 -2.23992181 0.173210055 -0.932437241 -0.144741699 -0.331075132 13 0.952498257 14 0.0475017391 0 0 0 0 0 0 0 0 
0.63356024 -2.24712825 -0.13435325 -0.932437241 -0.144741699 -0.331075132 13 0.962371767 14 0.037628226 0 0 0 0 0 0 0 0 
0.670518279 -2.57614732 -0.0894639939 -0.932437241 -0.144741699 -0.331075132 13 0.813954711 14 0.186045289 0 0 0 0 0 0 0 0 
0.567911386 -2.5807054 0.196375296 -0.932437241 -0.144741699 -0.331075132 13 0.784469783 14 0.215530217 0 0 0 0 0 0 0 0 
0.525060058 -2.23992181 0.173210055 -0.962819517 -0.105111539 0.248858005 13 0.952498257 14 0.0475017391 0 0 0 0 0 0 0 0 
0.567911386 -2.5807054 0.196375296 -0.962819517 -0.105111539 0.248858005 13 0.784469783 14 0.215530217 0 0 0 0 0 0 0 0 
0.64936769 -2.57266903 0.513606131 -0.962819517 -0.105111539 0.248858005 13 0.540635586 14 0.459364414 0 0 0 0 0 0 0 0 
0.608266354 -2.21697402 0.506138027 -0.962819517 -0.105111539 0.248858005 13 0.90654397 14 0.0934560448 0 0 0 0 0 0 0 0 
0.525060058 -2.23992181 0.173210055 -0.962475955 -0.113050401 0.24669753 13 0.952498257 14 0.0475017391 0 0 0 0 0 0 0 0 
0.608266354 -2.21697402 0.506138027 -0.962475955 -0.113050401 0.24669753 13 0.90654397 14 0.0934560448 0 0 0 0 0 0 0 0 
0.561781168 -1.85804749 0.491471201 -0.962475955 -0.113050401 0.24669753 13 1 0 0 0 0 0 0 0 0 0 0 
0.47685498 -1.89386535 0.141510487 -0.962475955 -0.113050401 0.24669753 13 1 0 0 0 0 0 0 0 0 0 0 
0.525060058 -2.23992181 0.173210055 -0.934188604 -0.169051588 -0.314186394 13 0.952498257 14 0.0475017391 0 0 0 0 0 0 0 0 
0.47685498 -1.89386535 0.141510487 -0.934188604 -0.169051588 -0.314186394 13 1 0 0 0 0 0 0 0 0 0 0 
0.591555715 -1.91129398 -0.201327428 -0.934188604 -0.169051588 -0.314186394 13 1 0 0 0 0 0 0 0 0 0 0 
0.63356024 -2.24712825 -0.13435325 -0.934188604 -0.169051588 -0.314186394 13 0.962371767 14 0.037628226 0 0 0 0 0 0 0 0 
0.864443064 -1.53146553 -0.388937622 0.415580302 -0.159148023 -0.895524979 13 1 0 0 0 0 0 0 0 0 0 0 
1.1709429 -1.4908452 -0.2498945 0.415580302 -0.159148023 -0.895524979 13 1 0 0 0 0 0 0 0 0 0 0 
1.19043648 -1.85612607 -0.179958999 0.415580302 -0.159148023 -0.895524979 13 1 0 0 0 0 0 0 0 0 0 0 
0.895958543 -1.89258432 -0.306109667 0.415580302 -0.159148023 -0.895524979 13 1 0 0 0 0 0 0 0 0 0 0 
0.864443064 -1.53146553 -0.388937622 -0.314390957 -0.22914882 -0.921221495 13 1 0 0 0 0 0 0 0 0 0 0 
0.895958543 -1.89258432 -0.306109667 -0.314390957 -0.22914882 -0.921221495 13 1 0 0 0 0 0 0 0 0 0 0 
0.591555715 -1.91129398 -0.201327428 -0.314390957 -0.22914882 -0.921221495 13 1 0 0 0 0 0 0 0 0 0 0 
0.546773732 -1.55031586 -0.272078604 -0.314390957 -0.22914882 -0.921221495 13 1 0 0 0 0 0 0 0 0 0 0 
0.864443064 -1.53146553 -0.388937622 -0.33055228 -0.230398193 -0.915233254 13 1 0 0 0 0 0 0 0 0 0 0 
0.546773732 -1.55031586 -0.272078604 -0.33055228 -0.230398193 -0.915233254 13 1 0 0 0 0 0 0 0 0 0 0 
0.496588349 -1.15981793 -0.349638104 -0.33055228 -0.230398193 -0.915233254 13 0.991581321 12 0.00841865782 0 0 0 0 0 0 0 0 
0.828032374 -1.1234268 -0.481123865 -0.33055228 -0.230398193 -0.915233254 13 0.998336077 12 0.00166391267 0 0 0 0 0 0 0 0 
0.864443064 -1.53146553 -0.388937622 0.438758254 -0.148280084 -0.886286855 13 1 0 0 0 0 0 0 0 0 0 0 
0.828032374 -1.1234268 -0.481123865 0.438758254 -0.148280084 -0.886286855 13 0.998336077 12 0.00166391267 0 0 0 0 0 0 0 0 
1.14354336 -1.06494594 -0.328819424 0.438758254 -0.148280084 -0.886286855 13 1 0 0 0 0 0 0 0 0 0 0 
1.1709429 -1.4908452 -0.2498945 0.438758254 -0.148280084 -0.886286855 13 1 0 0 0 0 0 0 0 0 0 0 
1.25821698 -1.44827819 0.137656063 0.950011492 0.0623968318 0.30591625 13 1 0 0 0 0 0 0 0 0 0 0 
1.13743448 -1.42553484 0.517811894 0.950011492 0.0623968318 0.30591625 13 1 0 0 0 0 0 0 0 0 0 0 
1.16066194 -1.80287957 0.512936771 0.950011492 0.0623968318 0.30591625 13 1 0 0 0 0 0 0 0 0 0 0 
1.27536261 -1.82030821 0.170001745 0.950011492 0.0623968318 0.30591625 13 1 0 0 0 0 0 0 0 0 0 0 
1.25821698 -1.44827819 0.137656063 0.973281682 0.0165961087 -0.229013771 13 1 0 0 0 0 0 0 0 0 0 0 
1.27536261 -1.82030821 0.170001745 0.973281682 0.0165961087 -0.229013771 13 1 0 0 0 0 0 0 0 0 0 0 
1.19043648 -1.85612607 -0.179958999 0.973281682 0.0165961087 -0.229013771 13 1 0 0 0 0 0 0 0 0 0 0 
1.1709429 -1.4908452 -0.2498945 0.973281682 0.0165961087 -0.229013771 13 1 0 0 0 0 0 0 0 0 0 0 
1.25821698 -1.44827819 0.137656063 0.976197302 0.0307733119 -0.214690194 13 1 0 0 0 0 0 0 0 0 0 0 
1.1709429 -1.4908452 -0.2498945 0.976197302 0.0307733119 -0.214690194 13 1 0 0 0 0 0 0 0 0 0 0 
1.14354336 -1.06494594 -0.328819424 0.976197302 0.0307733119 -0.214690194 13 1 0 0 0 0 0 0 0 0 0 0 
1.23299837 -1.01599944 0.100335695 0.976197302 0.0307733119 -0.214690194 13 1 0 0 0 0 0 0 0 0 0 0 
1.25821698 -1.44827819 0.137656063 0.953118503 0.0761339366 0.292862833 13 1 0 0 0 0 0 0 0 0 0 0 
1.23299837 -1.01599944 0.100335695 0.953118503 0.0761339366 0.292862833 13 1 0 0 0 0 0 0 0 0 0 0 
1.1040374 -0.998676896 0.522551179 0.953118503 0.0761339366 0.292862833 13 1 0 0 0 0 0 0 0 0 0 0 
1.13743448 -1.42553484 0.517811894 0.953118503 0.0761339366 0.292862833 13 1 0 0 0 0 0 0 0 0 0 0 
4.92523479 3.32134151 0.0950265452 0.00730881607 0.982232988 0.187523127 37 0.631355047 34 0.297242254 25 0.071402669 0 0 0 0 0 0 
4.82415342 3.33506036 0.0832760558 0.00730881607 0.982232988 0.187523127 25 0.474504709 37 0.367693901 34 0.137069568 26 0.0207318123 0 0 0 0 
4.75356436 3.29461837 0.241695106 0.00730881607 0.982232988 0.187523127 26 0.588082433 37 0.407670975 25 0.00424660929 0 0 0 0 0 0 
4.90384912 3.3200376 0.158855706 0.00730881607 0.982232988 0.187523127 37 0.824448407 34 0.106805541 26 0.0687460601 0 0 0 0 0 0 
4.92523479 3.32134151 0.0950265452 0.475724936 0.839300215 0.26317507 37 0.631355047 34 0.297242254 25 0.071402669 0 0 0 0 0 0 
4.90384912 3.3200376 0.158855706 0.475724936 0.839300215 0.26317507 37 0.824448407 34 0.106805541 26 0.0687460601 0 0 0 0 0 0 
4.9814744 3.2872231 0.102175765 0.475724936 0.839300215 0.26317507 34 0.523820043 37 0.476179987 0 0 0 0 0 0 0 0 
4.99144602 3.3087244 0.0365945622 0.475724936 0.839300215 0.26317507 34 0.654610097 37 0.295069128 31 0.0503207855 0 0 0 0 0 0 
4.92523479 3.32134151 0.0950265452 0.138480514 0.988460958 -0.0613851249 37 0.631355047 34 0.297242254 25 0.071402669 0 0 0 0 0 0 
4.99144602 3.3087244 0.0365945622 0.138480514 0.988460958 -0.0613851249 34 0.654610097 37 0.295069128 31 0.0503207855 0 0 0 0 0 0 
4.99214602 3.3024857 -0.0576538779 0.138480514 0.988460958 -0.0613851249 31 0.534927428 34 0.465072602 0 0 0 0 0 0 0 0 
4.82415342 3.33506036 0.0832760558 0.138480514 0.988460958 -0.0613851249 25 0.474504709 37 0.367693901 34 0.137069568 26 0.0207318123 0 0 0 0 
0 -0.0086154649 0.702861011 0 -0.395995289 0.918252528 58 0.408927739 12 0.40892747 59 0.063209787 13 0.0632097721 17 0.0557252169 0 0 
-0.448694706 -0.186153322 0.69562155 0 -0.395995289 0.918252528 58 0.567087471 59 0.255161881 12 0.143418774 13 0.017988164 17 0.0163437035 0 0 
0 -0.3573623 0.552464306 0 -0.395995289 0.918252528 58 0.348119467 12 0.348119289 59 0.151880652 13 0.151880577 0 0 0 0 
0.448694706 -0.186153322 0.69562155 0 -0.395995289 0.918252528 12 0.567087233 13 0.25516209 58 0.143418819 59 0.0179881677 17 0.0163436662 0 0 
0 -0.0086154649 0.702861011 0.125046104 0.0134504838 0.992059767 58 0.408927739 12 0.40892747 59 0.063209787 13 0.0632097721 17 0.0557252169 0 0 
0.448694706 -0.186153322 0.69562155 0.125046104 0.0134504838 0.992059767 12 0.567087233 13 0.25516209 58 0.143418819 59 0.0179881677 17 0.0163436662 0 0 
0.863580108 0.127871856 0.592158854 0.125046104 0.0134504838 0.992059767 12 0.709425807 13 0.181238458 17 0.0840601921 58 0.0252755526 0 0 0 0 
0 0.281629026 0.745835841 0.125046104 0.0134504838 0.992059767 58 0.419967353 12 0.419967264 17 0.148308992 59 0.00587821892 13 0.0058781947 0 0 
0 -0.0086154649 0.702861011 -0.125046104 0.0134506114 0.992059767 58 0.408927739 12 0.40892747 59 0.063209787 13 0.0632097721 17 0.0557252169 0 0 
0 0.281629026 0.745835841 -0.125046104 0.0134506114 0.992059767 58 0.419967353 12 0.419967264 17 0.148308992 59 0.00587821892 13 0.0058781947 0 0 
-0.863580108 0.127871856 0.592158854 -0.125046104 0.0134506114 0.992059767 58 0.709425926 59 0.181238338 17 0.084060207 12 0.0252755377 0 0 0 0 
-0.448694706 -0.186153322 0.69562155 -0.125046104 0.0134506114 0.992059767 58 0.567087471 59 0.255161881 12 0.143418774 13 0.017988164 17 0.0163437035 0 0 
0.819765151 -1.44438517 0.634670913 -0.395211309 -0.070576638 0.915875018 13 1 0 0 0 0 0 0 0 0 0 0 
0.513265312 -1.48500562 0.49562782 -0.395211309 -0.070576638 0.915875018 13 1 0 0 0 0 0 0 0 0 0 0 
0.561781168 -1.85804749 0.491471201 -0.395211309 -0.070576638 0.915875018 13 1 0 0 0 0 0 0 0 0 0 0 
0.856259108 -1.82158911 0.617697001 -0.395211309 -0.070576638 0.915875018 13 1 0 0 0 0 0 0 0 0 0 0 
0.819765151 -1.44438517 0.634670913 0.335636616 -0.000711441215 0.94199121 13 1 0 0 0 0 0 0 0 0 0 0 
0.856259108 -1.82158911 0.617697001 0.335636616 -0.000711441215 0.94199121 13 1 0 0 0 0 0 0 0 0 0 0 
1.16066194 -1.80287957 0.512936771 0.335636616 -0.000711441215 0.94199121 13 1 0 0 0 0 0 0 0 0 0 0 
1.13743448 -1.42553484 0.517811894 0.335636616 -0.000711441215 0.94199121 13 1 0 0 0 0 0 0 0 0 0 0 
0.819765151 -1.44438517 0.634670913 0.35259828 0.0104962131 0.935715914 13 1 0 0 0 0 0 0 0 0 0 0 
1.13743448 -1.42553484 0.517811894 0.35259828 0.0104962131 0.935715914 13 1 0 0 0 0 0 0 0 0 0 0 
1.1040374 -0.998676896 0.522551179 0.35259828 0.0104962131 0.935715914 13 1 0 0 0 0 0 0 0 0 0 0 
0.764300287 -1.03506804 0.654036999 0.35259828 0.0104962131 0.935715914 13 0.986091733 12 0.0139082549 0 0 0 0 0 0 0 0 
0.819765151 -1.44438517 0.634670913 -0.405528456 -0.0938616619 0.909250677 13 1 0 0 0 0 0 0 0 0 0 0 
0.764300287 -1.03506804 0.654036999 -0.405528456 -0.0938616619 0.909250677 13 0.986091733 12 0.0139082549 0 0 0 0 0 0 0 0 
0.440496147 -1.09354877 0.501732528 -0.405528456 -0.0938616619 0.909250677 13 0.987605035 12 0.0123949749 0 0 0 0 0 0 0 0 
0.513265312 -1.48500562 0.49562782 -0.405528456 -0.0938616619 0.909250677 13 1 0 0 0 0 0 0 0 0 0 0 
0.425991327 -1.52757251 0.108077243 -0.940293014 -0.166210636 -0.297023624 13 1 0 0 0 0 0 0 0 0 0 0 
0.546773732 -1.55031586 -0.272078604 -0.940293014 -0.166210636 -0.297023624 13 1 0 0 0 0 0 0 0 0 0 0 
0.591555715 -1.91129398 -0.201327428 -0.940293014 -0.166210636 -0.297023624 13 1 0 0 0 0 0 0 0 0 0 0 
0.47685498 -1.89386535 0.141510487 -0.940293014 -0.166210636 -0.297023624 13 1 0 0 0 0 0 0 0 0 0 0 
0.425991327 -1.52757251 0.108077243 -0.963851333 -0.120141231 0.237816781 13 1 0 0 0 0 0 0 0 0 0 0 
0.47685498 -1.89386535 0.141510487 -0.963851333 -0.120141231 0.237816781 13 1 0 0 0 0 0 0 0 0 0 0 
0.561781168 -1.85804749 0.491471201 -0.963851333 -0.120141231 0.237816781 13 1 0 0 0 0 0 0 0 0 0 0 
0.513265312 -1.48500562 0.49562782 -0.963851333 -0.120141231 0.237816781 13 1 0 0 0 0 0 0 0 0 0 0 
0.425991327 -1.52757251 0.108077243 -0.962227106 -0.164557248 0.216886997 13 1 0 0 0 0 0 0 0 0 0 0 
0.513265312 -1.48500562 0.49562782 -0.962227106 -0.164557248 0.216886997 13 1 0 0 0 0 0 0 0 0 0 0 
0.440496147 -1.09354877 0.501732528 -0.962227106 -0.164557248 0.216886997 13 0.987605035 12 0.0123949749 0 0 0 0 0 0 0 0 
0.35933426 -1.14249539 0.0725774467 -0.962227106 -0.164557248 0.216886997 13 0.999480426 12 0.000519555586 0 0 0 0 0 0 0 0 
0.425991327 -1.52757251 0.108077243 -0.93836695 -0.184018657 -0.29258278 13 1 0 0 0 0 0 0 0 0 0 0 
0.35933426 -1.14249539 0.0725774467 -0.93836695 -0.184018657 -0.29258278 13 0.999480426 12 0.000519555586 0 0 0 0 0 0 0 0 
0.496588349 -1.15981793 -0.349638104 -0.93836695 -0.184018657 -0.29258278 13 0.991581321 12 0.00841865782 0 0 0 0 0 0 0 0 
0.546773732 -1.55031586 -0.272078604 -0.93836695 -0.184018657 -0.29258278 13 1 0 0 0 0 0 0 0 0 0 0 
0.783969522 -0.6467098 -0.587666631 0.472277433 -0.133228436 -0.871323287 13 0.880540788 12 0.119459204 0 0 0 0 0 0 0 0 
1.10158193 -0.539313197 -0.422166675 0.472277433 -0.133228436 -0.871323287 13 0.905472994 12 0.0945269912 0 0 0 0 0 0 0 0 
1.14354336 -1.06494594 -0.328819424 0.472277433 -0.133228436 -0.871323287 13 1 0 0 0 0 0 0 0 0 0 0 
0.828032374 -1.1234268 -0.481123865 0.472277433 -0.133228436 -0.871323287 13 0.998336077 12 0.00166391267 0 0 0 0 0 0 0 0 
0.783969522 -0.6467098 -0.587666631 -0.336673021 -0.234489292 -0.911957324 13 0.880540788 12 0.119459204 0 0 0 0 0 0 0 0 
0.828032374 -1.1234268 -0.481123865 -0.336673021 -0.234489292 -0.911957324 13 0.998336077 12 0.00166391267 0 0 0 0 0 0 0 0 
0.496588349 -1.15981793 -0.349638104 -0.336673021 -0.234489292 -0.911957324 13 0.991581321 12 0.00841865782 0 0 0 0 0 0 0 0 
0.438373804 -0.735424161 -0.43703723 -0.336673021 -0.234489292 -0.911957324 13 0.845274866 12 0.133023784 58 0.0217013489 0 0 0 0 0 0 
0.783969522 -0.6467098 -0.587666631 -0.0184930228 -0.350219071 -0.936485231 13 0.880540788 12 0.119459204 0 0 0 0 0 0 0 0 
0.438373804 -0.735424161 -0.43703723 -0.0184930228 -0.350219071 -0.936485231 13 0.845274866 12 0.133023784 58 0.0217013489 0 0 0 0 0 0 
0.333681881 -0.248302877 -0.727767587 -0.0184930228 -0.350219071 -0.936485231 12 0.594185054 13 0.244105652 58 0.145141467 59 0.016567843 0 0 0 0 
0.745267808 -0.120495752 -0.673063397 -0.0184930228 -0.350219071 -0.936485231 12 0.504749417 13 0.482060611 58 0.0131899789 0 0 0 0 0 0 
0.783969522 -0.6467098 -0.587666631 0.521067321 -0.0664504915 -0.850924909 13 0.880540788 12 0.119459204 0 0 0 0 0 0 0 0 
0.745267808 -0.120495752 -0.673063397 0.521067321 -0.0664504915 -0.850924909 12 0.504749417 13 0.482060611 58 0.0131899789 0 0 0 0 0 0 
1.02128816 0.0673491806 -0.498105973 0.521067321 -0.0664504915 -0.850924909 12 0.510115743 13 0.489884228 0 0 0 0 0 0 0 0 
1.10158193 -0.539313197 -0.422166675 0.521067321 -0.0664504915 -0.850924909 13 0.905472994 12 0.0945269912 0 0 0 0 0 0 0 0 
-4.53730392 3.04688334 -0.0495430417 -0.0365326889 -0.998062491 0.0503650941 43 0.954138517 46 0.037246041 44 0.00861541368 0 0 0 0 0 0 
-4.58362961 3.05470729 0.112057231 -0.0365326889 -0.998062491 0.0503650941 43 0.74827981 44 0.170087591 55 0.0560498945 52 0.0255827252 0 0 0 0 
-4.87859774 3.06616378 0.0849663466 -0.0365326889 -0.998062491 0.0503650941 52 0.665933967 55 0.241722807 43 0.0523162037 49 0.0400270112 0 0 0 0 
-4.71671486 3.04906273 -0.0963333473 -0.0365326889 -0.998062491 0.0503650941 43 0.602543294 49 0.161531806 46 0.137964517 52 0.0940245613 55 0.00393581577 0 0 
-4.53730392 3.04688334 -0.0495430417 0.0851365924 -0.987113774 -0.135492265 43 0.954138517 46 0.037246041 44 0.00861541368 0 0 0 0 0 0 
-4.71671486 3.04906273 -0.0963333473 0.0851365924 -0.987113774 -0.135492265 43 0.602543294 49 0.161531806 46 0.137964517 52 0.0940245613 55 0.00393581577 0 0 
-4.64709139 3.06756139 -0.269174784 0.0851365924 -0.987113774 -0.135492265 46 0.855081618 43 0.144918367 0 0 0 0 0 0 0 0 
-4.49353218 3.08168197 -0.193740666 0.0851365924 -0.987113774 -0.135492265 43 0.751619101 46 0.196282342 42 0.0520985723 0 0 0 0 0 0 
-4.53730392 3.04688334 -0.0495430417 0.0240225121 -0.9669258 -0.25392437 43 0.954138517 46 0.037246041 44 0.00861541368 0 0 0 0 0 0 
-4.49353218 3.08168197 -0.193740666 0.0240225121 -0.9669258 -0.25392437 43 0.751619101 46 0.196282342 42 0.0520985723 0 0 0 0 0 0 
-4.3318615 3.07906032 -0.152635306 0.0240225121 -0.9669258 -0.25392437 43 0.76617986 42 0.207309708 46 0.0265104156 0 0 0 0 0 0 
-4.33570194 3.03772855 -0.0114376526 0.0240225121 -0.9669258 -0.25392437 43 0.824526787 42 0.175473213 0 0 0 0 0 0 0 0 
-4.53730392 3.04688334 -0.0495430417 0.00123160076 -0.990343451 0.138630375 43 0.954138517 46 0.037246041 44 0.00861541368 0 0 0 0 0 0 
-4.33570194 3.03772855 -0.0114376526 0.00123160076 -0.990343451 0.138630375 43 0.824526787 42 0.175473213 0 0 0 0 0 0 0 0 
-4.33926535 3.07637501 0.159380302 0.00123160076 -0.990343451 0.138630375 43 0.769164324 42 0.156033516 44 0.0748021677 0 0 0 0 0 0 
-4.58362961 3.05470729 0.112057231 0.00123160076 -0.990343451 0.138630375 43 0.74827981 44 0.170087591 55 0.0560498945 52 0.0255827252 0 0 0 0 
1.19225633 -0.478604645 0.0545056239 0.953070641 0.0965634286 0.286935389 13 0.937492311 12 0.0625076964 0 0 0 0 0 0 0 0 
1.05080402 -0.483266354 0.526221037 0.953070641 0.0965634286 0.286935389 13 0.882866681 12 0.117133312 0 0 0 0 0 0 0 0 
1.1040374 -0.998676896 0.522551179 0.953070641 0.0965634286 0.286935389 13 1 0 0 0 0 0 0 0 0 0 0 
1.23299837 -1.01599944 0.100335695 0.953070641 0.0965634286 0.286935389 13 1 0 0 0 0 0 0 0 0 0 0 
1.19225633 -0.478604645 0.0545056239 0.978404462 0.0498565249 -0.200596839 13 0.937492311 12 0.0625076964 0 0 0 0 0 0 0 0 
1.23299837 -1.01599944 0.100335695 0.978404462 0.0498565249 -0.200596839 13 1 0 0 0 0 0 0 0 0 0 0 
1.14354336 -1.06494594 -0.328819424 0.978404462 0.0498565249 -0.200596839 13 1 0 0 0 0 0 0 0 0 0 0 
1.10158193 -0.539313197 -0.422166675 0.978404462 0.0498565249 -0.200596839 13 0.905472994 12 0.0945269912 0 0 0 0 0 0 0 0 
1.19225633 -0.478604645 0.0545056239 0.975638926 0.118929565 -0.184348643 13 0.937492311 12 0.0625076964 0 0 0 0 0 0 0 0 
1.10158193 -0.539313197 -0.422166675 0.975638926 0.118929565 -0.184348643 13 0.905472994 12 0.0945269912 0 0 0 0 0 0 0 0 
1.02128816 0.0673491806 -0.498105973 0.975638926 0.118929565 -0.184348643 12 0.510115743 13 0.489884228 0 0 0 0 0 0 0 0 
1.10074198 0.147367641 0.0163893122 0.975638926 0.118929565 -0.184348643 13 0.490715891 12 0.487966865 17 0.021317251 0 0 0 0 0 0 
1.19225633 -0.478604645 0.0545056239 0.920024753 0.199712217 0.337149292 13 0.937492311 12 0.0625076964 0 0 0 0 0 0 0 0 
1.10074198 0.147367641 0.0163893122 0.920024753 0.199712217 0.337149292 13 0.490715891 12 0.487966865 17 0.021317251 0 0 0 0 0 0 
0.863580108 0.127871856 0.592158854 0.920024753 0.199712217 0.337149292 12 0.709425807 13 0.181238458 17 0.0840601921 58 0.0252755526 0 0 0 0 
1.05080402 -0.483266354 0.526221037 0.920024753 0.199712217 0.337149292 13 0.882866681 12 0.117133312 0 0 0 0 0 0 0 0 
0.672035754 -0.571980774 0.676850379 -0.396437436 -0.129184216 0.908927321 13 0.828541338 12 0.150993213 58 0.0204654299 0 0 0 0 0 0 
0.321251005 -0.679377437 0.511350453 -0.396437436 -0.129184216 0.908927321 13 0.755659938 12 0.127469391 58 0.0916670859 59 0.0252036098 0 0 0 0 
0.440496147 -1.09354877 0.501732528 -0.396437436 -0.129184216 0.908927321 13 0.987605035 12 0.0123949749 0 0 0 0 0 0 0 0 
0.764300287 -1.03506804 0.654036999 -0.396437436 -0.129184216 0.908927321 13 0.986091733 12 0.0139082549 0 0 0 0 0 0 0 0 
0.672035754 -0.571980774 0.676850379 0.361033738 0.0284560751 0.932118475 13 0.828541338 12 0.150993213 58 0.0204654299 0 0 0 0 0 0 
0.764300287 -1.03506804 0.654036999 0.361033738 0.0284560751 0.932118475 13 0.986091733 12 0.0139082549 0 0 0 0 0 0 0 0 
1.1040374 -0.998676896 0.522551179 0.361033738 0.0284560751 0.932118475 13 1 0 0 0 0 0 0 0 0 0 0 
1.05080402 -0.483266354 0.526221037 0.361033738 0.0284560751 0.932118475 13 0.882866681 12 0.117133312 0 0 0 0 0 0 0 0 
0.672035754 -0.571980774 0.676850379 0.287570119 0.0371088311 0.957040429 13 0.828541338 12 0.150993213 58 0.0204654299 0 0 0 0 0 0 
1.05080402 -0.483266354 0.526221037 0.287570119 0.0371088311 0.957040429 13 0.882866681 12 0.117133312 0 0 0 0 0 0 0 0 
0.863580108 0.127871856 0.592158854 0.287570119 0.0371088311 0.957040429 12 0.709425807 13 0.181238458 17 0.0840601921 58 0.0252755526 0 0 0 0 
0.448694706 -0.186153322 0.69562155 0.287570119 0.0371088311 0.957040429 12 0.567087233 13 0.25516209 58 0.143418819 59 0.0179881677 17 0.0163436662 0 0 
0.672035754 -0.571980774 0.676850379 -0.260007203 -0.278268248 0.924642205 13 0.828541338 12 0.150993213 58 0.0204654299 0 0 0 0 0 0 
0.448694706 -0.186153322 0.69562155 -0.260007203 -0.278268248 0.924642205 12 0.567087233 13 0.25516209 58 0.143418819 59 0.0179881677 17 0.0163436662 0 0 
0 -0.3573623 0.552464306 -0.260007203 -0.278268248 0.924642205 58 0.348119467 12 0.348119289 59 0.151880652 13 0.151880577 0 0 0 0 
0.321251005 -0.679377437 0.511350453 -0.260007203 -0.278268248 0.924642205 13 0.755659938 12 0.127469391 58 0.0916670859 59 0.0252036098 0 0 0 0 
-0.913527966 2.64215899 -0.468731999 -0.709970713 -0.145986483 -0.688933611 40 0.844295919 41 0.083410494 19 0.0722935572 0 0 0 0 0 0 
-0.914549768 2.31757569 -0.379821241 -0.709970713 -0.145986483 -0.688933611 40 0.747064352 17 0.151027188 41 0.0584636219 19 0.0316513442 18 0.0117935194 0 0 
-1.10894001 2.76841021 -0.294105828 -0.709970713 -0.145986483 -0.688933611 40 0.778695405 41 0.221304595 0 0 0 0 0 0 0 0 
-1.05868638 3.03704357 -0.383740008 -0.709970713 -0.145986483 -0.688933611 40 0.751414478 41 0.248585492 0 0 0 0 0 0 0 0 
-0.913527966 2.64215899 -0.468731999 -0.234913066 0.192895964 -0.952684164 40 0.844295919 41 0.083410494 19 0.0722935572 0 0 0 0 0 0 
-1.05868638 3.03704357 -0.383740008 -0.234913066 0.192895964 -0.952684164 40 0.751414478 41 0.248585492 0 0 0 0 0 0 0 0 
-0.874067307 3.37467766 -0.330144525 -0.234913066 0.192895964 -0.952684164 40 0.849260449 41 0.129788294 19 0.0190215241 20 0.00192972063 0 0 0 0 
-0.632851839 2.56905913 -0.583497941 -0.234913066 0.192895964 -0.952684164 40 0.756689847 19 0.169059306 17 0.0530865565 41 0.0211642925 0 0 0 0 
-0.913527966 2.64215899 -0.468731999 -0.386606425 -0.278898597 -0.879062712 40 0.844295919 41 0.083410494 19 0.0722935572 0 0 0 0 0 0 
-0.632851839 2.56905913 -0.583497941 -0.386606425 -0.278898597 -0.879062712 40 0.756689847 19 0.169059306 17 0.0530865565 41 0.0211642925 0 0 0 0 
-0.431139231 1.56755853 -0.339946985 -0.386606425 -0.278898597 -0.879062712 17 0.809482694 18 0.105168186 40 0.0627095848 58 0.0226395167 0 0 0 0 
-0.914549768 2.31757569 -0.379821241 -0.386606425 -0.278898597 -0.879062712 40 0.747064352 17 0.151027188 41 0.0584636219 19 0.0316513442 18 0.0117935194 0 0 
-0.72494036 0.436034054 -0.556712747 -0.45109278 0.225312844 -0.863567889 58 0.708695829 17 0.148090973 59 0.14143163 12 0.00178158737 0 0 0 0 
-0.745267808 -0.120495752 -0.673063397 -0.45109278 0.225312844 -0.863567889 58 0.504749358 59 0.482060641 12 0.0131899929 0 0 0 0 0 0 
-1.02128816 0.0673491806 -0.498105973 -0.45109278 0.225312844 -0.863567889 58 0.510115743 59 0.489884257 0 0 0 0 0 0 0 0 
-0.878892064 0.736336946 -0.379708022 -0.45109278 0.225312844 -0.863567889 58 0.560038805 17 0.332384735 59 0.107576437 0 0 0 0 0 0 
-0.72494036 0.436034054 -0.556712747 -0.278019547 0.249870256 -0.92750746 58 0.708695829 17 0.148090973 59 0.14143163 12 0.00178158737 0 0 0 0 
-0.878892064 0.736336946 -0.379708022 -0.278019547 0.249870256 -0.92750746 58 0.560038805 17 0.332384735 59 0.107576437 0 0 0 0 0 0 
-0.431139231 1.56755853 -0.339946985 -0.278019547 0.249870256 -0.92750746 17 0.809482694 18 0.105168186 40 0.0627095848 58 0.0226395167 0 0 0 0 
-0.433749795 0.567849636 -0.558529496 -0.278019547 0.249870256 -0.92750746 58 0.628787935 17 0.255924404 59 0.0628497377 12 0.0524379425 0 0 0 0 
-0.72494036 0.436034054 -0.556712747 -0.0796948746 0.198602453 -0.976834595 58 0.708695829 17 0.148090973 59 0.14143163 12 0.00178158737 0 0 0 0 
-0.433749795 0.567849636 -0.558529496 -0.0796948746 0.198602453 -0.976834595 58 0.628787935 17 0.255924404 59 0.0628497377 12 0.0524379425 0 0 0 0 
-0.333681881 -0.248302877 -0.727767587 -0.0796948746 0.198602453 -0.976834595 58 0.594185114 59 0.244105726 12 0.145141423 13 0.0165677406 0 0 0 0 
-0.745267808 -0.120495752 -0.673063397 -0.0796948746 0.198602453 -0.976834595 58 0.504749358 59 0.482060641 12 0.0131899929 0 0 0 0 0 0 
0.263748974 -0.740085959 0.0346781947 -0.92206049 -0.219798759 -0.318579853 13 0.814704061 12 0.122434333 58 0.0628615916 0 0 0 0 0 0 
0.438373804 -0.735424161 -0.43703723 -0.92206049 -0.219798759 -0.318579853 13 0.845274866 12 0.133023784 58 0.0217013489 0 0 0 0 0 0 
0.496588349 -1.15981793 -0.349638104 -0.92206049 -0.219798759 -0.318579853 13 0.991581321 12 0.00841865782 0 0 0 0 0 0 0 0 
0.35933426 -1.14249539 0.0725774467 -0.92206049 -0.219798759 -0.318579853 13 0.999480426 12 0.000519555586 0 0 0 0 0 0 0 0 
0.263748974 -0.740085959 0.0346781947 -0.95354414 -0.244781718 0.175600499 13 0.814704061 12 0.122434333 58 0.0628615916 0 0 0 0 0 0 
0.35933426 -1.14249539 0.0725774467 -0.95354414 -0.244781718 0.175600499 13 0.999480426 12 0.000519555586 0 0 0 0 0 0 0 0 
0.440496147 -1.09354877 0.501732528 -0.95354414 -0.244781718 0.175600499 13 0.987605035 12 0.0123949749 0 0 0 0 0 0 0 0 
0.321251005 -0.679377437 0.511350453 -0.95354414 -0.244781718 0.175600499 13 0.755659938 12 0.127469391 58 0.0916670859 59 0.0252036098 0 0 0 0 
0.263748974 -0.740085959 0.0346781947 -0.817937016 -0.575244248 0.00855471008 13 0.814704061 12 0.122434333 58 0.0628615916 0 0 0 0 0 0 
0.321251005 -0.679377437 0.511350453 -0.817937016 -0.575244248 0.00855471008 13 0.755659938 12 0.127469391 58 0.0916670859 59 0.0252036098 0 0 0 0 
0 -0.3573623 0.552464306 -0.817937016 -0.575244248 0.00855471008 58 0.348119467 12 0.348119289 59 0.151880652 13 0.151880577 0 0 0 0 
0.142787069 -0.434014499 -0.0530950427 -0.817937016 -0.575244248 0.00855471008 12 0.429350972 13 0.296362281 58 0.198606208 59 0.0756805539 0 0 0 0 
0.263748974 -0.740085959 0.0346781947 -0.8503443 -0.403246999 -0.338092327 13 0.814704061 12 0.122434333 58 0.0628615916 0 0 0 0 0 0 
0.142787069 -0.434014499 -0.0530950427 -0.8503443 -0.403246999 -0.338092327 12 0.429350972 13 0.296362281 58 0.198606208 59 0.0756805539 0 0 0 0 
0.333681881 -0.248302877 -0.727767587 -0.8503443 -0.403246999 -0.338092327 12 0.594185054 13 0.244105652 58 0.145141467 59 0.016567843 0 0 0 0 
0.438373804 -0.735424161 -0.43703723 -0.8503443 -0.403246999 -0.338092327 13 0.845274866 12 0.133023784 58 0.0217013489 0 0 0 0 0 0 
-4.51320553 3.32434559 0.235767171 -0.0907166451 0.840119302 0.534761727 44 0.705732167 43 0.238767415 42 0.0555004068 0 0 0 0 0 0 
-4.53874779 3.33638573 0.179193109 -0.0907166451 0.840119302 0.534761727 44 0.607663095 43 0.298781931 42 0.0631361157 55 0.0304188468 0 0 0 0 
-4.75356436 3.29461837 0.241695106 -0.0907166451 0.840119302 0.534761727 44 0.74406451 55 0.232325584 43 0.0236098915 0 0 0 0 0 0 
-4.59947681 3.26798892 0.276343465 -0.0907166451 0.840119302 0.534761727 44 0.849005699 43 0.0979847014 55 0.0530095883 0 0 0 0 0 0 
-4.51320553 3.32434559 0.235767171 0.0403822176 0.574559391 0.81746614 44 0.705732167 43 0.238767415 42 0.0555004068 0 0 0 0 0 0 
-4.59947681 3.26798892 0.276343465 0.0403822176 0.574559391 0.81746614 44 0.849005699 43 0.0979847014 55 0.0530095883 0 0 0 0 0 0 
-4.49939251 3.2460475 0.290116847 0.0403822176 0.574559391 0.81746614 44 0.814251781 43 0.148188055 42 0.0375601761 0 0 0 0 0 0 
-4.43144321 3.32183957 0.23019357 0.0403822176 0.574559391 0.81746614 43 0.415441215 44 0.411301434 42 0.173257381 0 0 0 0 0 0 
-4.51320553 3.32434559 0.235767171 -0.0783002749 0.903062046 0.422312826 44 0.705732167 43 0.238767415 42 0.0555004068 0 0 0 0 0 0 
-4.43144321 3.32183957 0.23019357 -0.0783002749 0.903062046 0.422312826 43 0.415441215 44 0.411301434 42 0.173257381 0 0 0 0 0 0 
-4.33229923 3.37385273 0.163444296 -0.0783002749 0.903062046 0.422312826 43 0.477160543 42 0.440327048 44 0.082512401 0 0 0 0 0 0 
-4.53874779 3.33638573 0.179193109 -0.0783002749 0.903062046 0.422312826 44 0.607663095 43 0.298781931 42 0.0631361157 55 0.0304188468 0 0 0 0 
0.65731591 4.57914829 2.98023224e-08 0.932105839 0.257143915 -0.255060315 21 1 0 0 0 0 0 0 0 0 0 0 
0.492986917 4.57914829 -0.604218662 0.932105839 0.257143915 -0.255060315 21 1 0 0 0 0 0 0 0 0 0 0 
0.362950861 5.05945015 -0.591517925 0.932105839 0.257143915 -0.255060315 21 1 0 0 0 0 0 0 0 0 0 0 
0.487981439 5.19661522 7.4505806e-09 0.932105839 0.257143915 -0.255060315 21 1 0 0 0 0 0 0 0 0 0 0 
0.65731591 4.57914829 2.98023224e-08 0.908052206 0.296684891 0.29566744 21 1 0 0 0 0 0 0 0 0 0 0 
0.487981439 5.19661522 7.4505806e-09 0.908052206 0.296684891 0.29566744 21 1 0 0 0 0 0 0 0 0 0 0 
0.362950861 5.06912708 0.412387222 0.908052206 0.296684891 0.29566744 21 1 0 0 0 0 0 0 0 0 0 0 
0.492986917 4.57914829 0.604218721 0.908052206 0.296684891 0.29566744 21 1 0 0 0 0 0 0 0 0 0 0 
0.65731591 4.57914829 2.98023224e-08 0.9717049 -0.115513816 0.206024766 21 1 0 0 0 0 0 0 0 0 0 0 
0.492986917 4.57914829 0.604218721 0.9717049 -0.115513816 0.206024766 21 1 0 0 0 0 0 0 0 0 0 0 
0.459493726 4.03217602 0.626341462 0.9717049 -0.115513816 0.206024766 21 0.955123782 20 0.0433768965 19 0.00149929617 0 0 0 0 0 0 
0.556073248 4.03217697 4.84287739e-08 0.9717049 -0.115513816 0.206024766 21 0.980735481 20 0.0189967547 19 0.000267755066 0 0 0 0 0 0 
0.65731591 4.57914829 2.98023224e-08 0.963880301 -0.139472708 -0.226896688 21 1 0 0 0 0 0 0 0 0 0 0 
0.556073248 4.03217697 4.84287739e-08 0.963880301 -0.139472708 -0.226896688 21 0.980735481 20 0.0189967547 19 0.000267755066 0 0 0 0 0 0 
0.459493726 4.03217602 -0.504146814 0.963880301 -0.139472708 -0.226896688 21 0.959913671 20 0.0400863476 0 0 0 0 0 0 0 0 
0.492986917 4.57914829 -0.604218662 0.963880301 -0.139472708 -0.226896688 21 1 0 0 0 0 0 0 0 0 0 0 
-0.931194007 2.65120745 0.468732178 -0.424214244 0.199872702 0.883228838 40 0.829030335 41 0.108144224 19 0.0628254116 0 0 0 0 0 0 
-0.643893063 2.57641101 0.692706883 -0.424214244 0.199872702 0.883228838 40 0.692128718 19 0.171559557 18 0.072772041 41 0.0592683963 17 0.00298993639 22 0.00128133246 
-0.893274009 3.38559818 0.32075417 -0.424214244 0.199872702 0.883228838 40 0.522782266 41 0.477217734 0 0 0 0 0 0 0 0 
-1.08626926 3.04982281 0.373102099 -0.424214244 0.199872702 0.883228838 40 0.679723859 41 0.320276141 0 0 0 0 0 0 0 0 
-0.931194007 2.65120745 0.468732178 -0.717180729 -0.150490195 0.680444419 40 0.829030335 41 0.108144224 19 0.0628254116 0 0 0 0 0 0 
-1.08626926 3.04982281 0.373102099 -0.717180729 -0.150490195 0.680444419 40 0.679723859 41 0.320276141 0 0 0 0 0 0 0 0 
-1.12907505 2.77771187 0.288146228 -0.717180729 -0.150490195 0.680444419 40 0.763899624 41 0.236100361 0 0 0 0 0 0 0 0 
-0.925591052 2.32323098 0.381758749 -0.717180729 -0.150490195 0.680444419 40 0.707768261 18 0.127862379 17 0.0789165646 41 0.0643675327 19 0.0210852753 0 0 
-0.931194007 2.65120745 0.468732178 -0.700760484 -0.0895487741 0.707754016 40 0.829030335 41 0.108144224 19 0.0628254116 0 0 0 0 0 0 
-0.925591052 2.32323098 0.381758749 -0.700760484 -0.0895487741 0.707754016 40 0.707768261 18 0.127862379 17 0.0789165646 41 0.0643675327 19 0.0210852753 0 0 
-0.661090672 1.69923365 0.615717769 -0.700760484 -0.0895487741 0.707754016 18 0.617509484 17 0.210907459 40 0.152052328 19 0.0194875505 58 4.31788503e-05 0 0 
-0.643893063 2.57641101 0.692706883 -0.700760484 -0.0895487741 0.707754016 40 0.692128718 19 0.171559557 18 0.072772041 41 0.0592683963 17 0.00298993639 22 0.00128133246 
0 4.57914829 -0.805624902 -0.360657185 0.13861829 -0.922340155 21 1 0 0 0 0 0 0 0 0 0 0 
-0.492986917 4.57914829 -0.604218662 -0.360657185 0.13861829 -0.922340155 21 1 0 0 0 0 0 0 0 0 0 0 
-0.362950861 5.05945015 -0.591517925 -0.360657185 0.13861829 -0.922340155 21 1 0 0 0 0 0 0 0 0 0 0 
0 5.19661522 -0.70418942 -0.360657185 0.13861829 -0.922340155 21 1 0 0 0 0 0 0 0 0 0 0 
0 4.57914829 -0.805624902 0.360657126 0.13861835 -0.922340155 21 1 0 0 0 0 0 0 0 0 0 0 
0 5.19661522 -0.70418942 0.360657126 0.13861835 -0.922340155 21 1 0 0 0 0 0 0 0 0 0 0 
0.362950861 5.05945015 -0.591517925 0.360657126 0.13861835 -0.922340155 21 1 0 0 0 0 0 0 0 0 0 0 
0.492986917 4.57914829 -0.604218662 0.360657126 0.13861835 -0.922340155 21 1 0 0 0 0 0 0 0 0 0 0 
0 4.57914829 -0.805624902 0.396514684 -0.164687768 -0.903135777 21 1 0 0 0 0 0 0 0 0 0 0 
0.492986917 4.57914829 -0.604218662 0.396514684 -0.164687768 -0.903135777 21 1 0 0 0 0 0 0 0 0 0 0 
0.459493726 4.03217602 -0.504146814 0.396514684 -0.164687768 -0.903135777 21 0.959913671 20 0.0400863476 0 0 0 0 0 0 0 0 
0 4.03217697 -0.720919788 0.396514684 -0.164687768 -0.903135777 21 0.958113194 20 0.0418868214 0 0 0 0 0 0 0 0 
0 4.57914829 -0.805624902 -0.396514595 -0.164687827 -0.903135777 21 1 0 0 0 0 0 0 0 0 0 0 
0 4.03217697 -0.720919788 -0.396514595 -0.164687827 -0.903135777 21 0.958113194 20 0.0418868214 0 0 0 0 0 0 0 0 
-0.459493726 4.03217602 -0.504146814 -0.396514595 -0.164687827 -0.903135777 21 0.95991385 20 0.0400861725 0 0 0 0 0 0 0 0 
-0.492986917 4.57914829 -0.604218662 -0.396514595 -0.164687827 -0.903135777 21 1 0 0 0 0 0 0 0 0 0 0 
0.913527966 2.64215899 -0.468731999 0.234912962 0.192895904 -0.952684164 22 0.844295621 23 0.0834109262 19 0.0722934678 0 0 0 0 0 0 
0.632851839 2.56905913 -0.583497941 0.234912962 0.192895904 -0.952684164 22 0.75668925 19 0.16905956 17 0.0530865565 23 0.0211646147 0 0 0 0 
0.874067307 3.37467766 -0.330144525 0.234912962 0.192895904 -0.952684164 22 0.849260151 23 0.129788548 19 0.0190212242 20 0.00193006394 0 0 0 0 
1.05868638 3.03704357 -0.383740008 0.234912962 0.192895904 -0.952684164 22 0.751414061 23 0.248585954 0 0 0 0 0 0 0 0 
0.913527966 2.64215899 -0.468731999 0.709970713 -0.145986453 -0.688933611 22 0.844295621 23 0.0834109262 19 0.0722934678 0 0 0 0 0 0 
1.05868638 3.03704357 -0.383740008 0.709970713 -0.145986453 -0.688933611 22 0.751414061 23 0.248585954 0 0 0 0 0 0 0 0 
1.10894001 2.76841021 -0.294105828 0.709970713 -0.145986453 -0.688933611 22 0.778694868 23 0.221305132 0 0 0 0 0 0 0 0 
0.914549768 2.31757569 -0.379821241 0.709970713 -0.145986453 -0.688933611 22 0.747064173 17 0.15102753 23 0.058463905 19 0.0316508338 18 0.0117935305 0 0 
0.913527966 2.64215899 -0.468731999 0.386606425 -0.278898537 -0.879062653 22 0.844295621 23 0.0834109262 19 0.0722934678 0 0 0 0 0 0 
0.914549768 2.31757569 -0.379821241 0.386606425 -0.278898537 -0.879062653 22 0.747064173 17 0.15102753 23 0.058463905 19 0.0316508338 18 0.0117935305 0 0 
0.431139231 1.56755853 -0.339946985 0.386606425 -0.278898537 -0.879062653 17 0.809482992 18 0.10516838 22 0.0627091005 12 0.0226395074 0 0 0 0 
0.632851839 2.56905913 -0.583497941 0.386606425 -0.278898537 -0.879062653 22 0.75668925 19 0.16905956 17 0.0530865565 23 0.0211646147 0 0 0 0 
-0.65731591 4.57914829 2.98023224e-08 -0.908052266 0.29668498 0.295667529 21 1 0 0 0 0 0 0 0 0 0 0 
-0.492986917 4.57914829 0.604218721 -0.908052266 0.29668498 0.295667529 21 1 0 0 0 0 0 0 0 0 0 0 
-0.362950861 5.06912708 0.412387222 -0.908052266 0.29668498 0.295667529 21 1 0 0 0 0 0 0 0 0 0 0 
-0.487981439 5.19661522 7.4505806e-09 -0.908052266 0.29668498 0.295667529 21 1 0 0 0 0 0 0 0 0 0 0 
-0.65731591 4.57914829 2.98023224e-08 -0.932105839 0.257143974 -0.255060375 21 1 0 0 0 0 0 0 0 0 0 0 
-0.487981439 5.19661522 7.4505806e-09 -0.932105839 0.257143974 -0.255060375 21 1 0 0 0 0 0 0 0 0 0 0 
-0.362950861 5.05945015 -0.591517925 -0.932105839 0.257143974 -0.255060375 21 1 0 0 0 0 0 0 0 0 0 0 
-0.492986917 4.57914829 -0.604218662 -0.932105839 0.257143974 -0.255060375 21 1 0 0 0 0 0 0 0 0 0 0 
-0.65731591 4.57914829 2.98023224e-08 -0.963880301 -0.139472678 -0.226896688 21 1 0 0 0 0 0 0 0 0 0 0 
-0.492986917 4.57914829 -0.604218662 -0.963880301 -0.139472678 -0.226896688 21 1 0 0 0 0 0 0 0 0 0 0 
-0.459493726 4.03217602 -0.504146814 -0.963880301 -0.139472678 -0.226896688 21 0.95991385 20 0.0400861725 0 0 0 0 0 0 0 0 
-0.556073248 4.03217697 4.84287739e-08 -0.963880301 -0.139472678 -0.226896688 21 0.980735719 20 0.0189966597 19 0.000267605123 0 0 0 0 0 0 
-0.65731591 4.57914829 2.98023224e-08 -0.97170496 -0.115513816 0.206024721 21 1 0 0 0 0 0 0 0 0 0 0 
-0.556073248 4.03217697 4.84287739e-08 -0.97170496 -0.115513816 0.206024721 21 0.980735719 20 0.0189966597 19 0.000267605123 0 0 0 0 0 0 
-0.459493726 4.03217602 0.626341462 -0.97170496 -0.115513816 0.206024721 21 0.955123782 20 0.0433770083 19 0.00149921793 0 0 0 0 0 0 
-0.492986917 4.57914829 0.604218721 -0.97170496 -0.115513816 0.206024721 21 1 0 0 0 0 0 0 0 0 0 0 
0 4.57914829 0.805624962 0.367617399 0.401073307 0.839045703 21 1 0 0 0 0 0 0 0 0 0 0 
0.492986917 4.57914829 0.604218721 0.367617399 0.401073307 0.839045703 21 1 0 0 0 0 0 0 0 0 0 0 
0.362950861 5.06912708 0.412387222 0.367617399 0.401073307 0.839045703 21 1 0 0 0 0 0 0 0 0 0 0 
0 5.19661522 0.525058687 0.367617399 0.401073307 0.839045703 21 1 0 0 0 0 0 0 0 0 0 0 
0 4.57914829 0.805624962 -0.367617577 0.401073247 0.839045644 21 1 0 0 0 0 0 0 0 0 0 0 
0 5.19661522 0.525058687 -0.367617577 0.401073247 0.839045644 21 1 0 0 0 0 0 0 0 0 0 0 
-0.362950861 5.06912708 0.412387222 -0.367617577 0.401073247 0.839045644 21 1 0 0 0 0 0 0 0 0 0 0 
-0.492986917 4.57914829 0.604218721 -0.367617577 0.401073247 0.839045644 21 1 0 0 0 0 0 0 0 0 0 0 
0 4.57914829 0.805624962 -0.348694682 -0.0142396549 0.937128246 21 1 0 0 0 0 0 0 0 0 0 0 
-0.492986917 4.57914829 0.604218721 -0.348694682 -0.0142396549 0.937128246 21 1 0 0 0 0 0 0 0 0 0 0 
-0.459493726 4.03217602 0.626341462 -0.348694682 -0.0142396549 0.937128246 21 0.955123782 20 0.0433770083 19 0.00149921793 0 0 0 0 0 0 
0 3.76595616 0.775297046 -0.348694682 -0.0142396549 0.937128246 21 0.884052992 20 0.0778160021 19 0.0381310172 0 0 0 0 0 0 
0 4.57914829 0.805624962 0.348694682 -0.0142396167 0.937128246 21 1 0 0 0 0 0 0 0 0 0 0 
0 3.76595616 0.775297046 0.348694682 -0.0142396167 0.937128246 21 0.884052992 20 0.0778160021 19 0.0381310172 0 0 0 0 0 0 
0.459493726 4.03217602 0.626341462 0.348694682 -0.0142396167 0.937128246 21 0.955123782 20 0.0433768965 19 0.00149929617 0 0 0 0 0 0 
0.492986917 4.57914829 0.604218721 0.348694682 -0.0142396167 0.937128246 21 1 0 0 0 0 0 0 0 0 0 0 
-4.89939213 2.92489648 0.702627778 -0.761403322 0.322948545 0.562111557 45 1 0 0 0 0 0 0 0 0 0 0 
-4.87140083 2.91742182 0.744114995 -0.761403322 0.322948545 0.562111557 45 1 0 0 0 0 0 0 0 0 0 0 
-4.86896038 2.96325755 0.721809745 -0.761403322 0.322948545 0.562111557 45 1 0 0 0 0 0 0 0 0 0 0 
-4.88951588 2.97948217 0.683921158 -0.761403322 0.322948545 0.562111557 45 1 0 0 0 0 0 0 0 0 0 0 
-4.89939213 2.92489648 0.702627778 -0.941610515 0.211580619 0.261922181 45 1 0 0 0 0 0 0 0 0 0 0 
-4.88951588 2.97948217 0.683921158 -0.941610515 0.211580619 0.261922181 45 1 0 0 0 0 0 0 0 0 0 0 
-4.90363026 2.97841907 0.644155383 -0.941610515 0.211580619 0.261922181 45 1 0 0 0 0 0 0 0 0 0 0 
-4.90992785 2.93656492 0.645207882 -0.941610515 0.211580619 0.261922181 45 1 0 0 0 0 0 0 0 0 0 0 
-4.89939213 2.92489648 0.702627778 -0.874420702 -0.4722417 0.111249283 45 1 0 0 0 0 0 0 0 0 0 0 
-4.90992785 2.93656492 0.645207882 -0.874420702 -0.4722417 0.111249283 45 1 0 0 0 0 0 0 0 0 0 0 
-4.89397812 2.90158725 0.646237075 -0.874420702 -0.4722417 0.111249283 45 1 0 0 0 0 0 0 0 0 0 0 
-4.87781286 2.88681459 0.686445117 -0.874420702 -0.4722417 0.111249283 45 1 0 0 0 0 0 0 0 0 0 0 
-4.89939213 2.92489648 0.702627778 -0.729613781 -0.567142487 0.382116675 45 1 0 0 0 0 0 0 0 0 0 0 
-4.87781286 2.88681459 0.686445117 -0.729613781 -0.567142487 0.382116675 45 1 0 0 0 0 0 0 0 0 0 0 
-4.85930824 2.88765669 0.723891497 -0.729613781 -0.567142487 0.382116675 45 1 0 0 0 0 0 0 0 0 0 0 
-4.87140083 2.91742182 0.744114995 -0.729613781 -0.567142487 0.382116675 45 1 0 0 0 0 0 0 0 0 0 0 
-1.06053245 -5.59974337 1.60077238 -0.18909733 0.434417516 0.880638301 62 1 0 0 0 0 0 0 0 0 0 0 
-1.05535543 -5.44634247 1.53805983 -0.18909733 0.434417516 0.880638301 62 1 0 0 0 0 0 0 0 0 0 0 
-1.29354966 -5.47516632 1.48928344 -0.18909733 0.434417516 0.880638301 62 1 0 0 0 0 0 0 0 0 0 0 
-1.38255084 -5.58876657 1.53805983 -0.18909733 0.434417516 0.880638301 62 1 0 0 0 0 0 0 0 0 0 0 
-1.06053245 -5.59974337 1.60077238 -0.217095539 -0.422431439 0.880012155 62 1 0 0 0 0 0 0 0 0 0 0 
-1.38255084 -5.58876657 1.53805983 -0.217095539 -0.422431439 0.880012155 62 1 0 0 0 0 0 0 0 0 0 0 
-1.30149245 -5.70816374 1.48928344 -0.217095539 -0.422431439 0.880012155 62 1 0 0 0 0 0 0 0 0 0 0 
-1.06570876 -5.7515974 1.53805983 -0.217095539 -0.422431439 0.880012155 62 1 0 0 0 0 0 0 0 0 0 0 
-1.06053245 -5.59974337 1.60077238 0.187764153 -0.436320722 0.879982293 62 1 0 0 0 0 0 0 0 0 0 0 
-1.06570876 -5.7515974 1.53805983 0.187764153 -0.436320722 0.879982293 62 1 0 0 0 0 0 0 0 0 0 0 
-0.827514648 -5.72432137 1.48928344 0.187764153 -0.436320722 0.879982293 62 1 0 0 0 0 0 0 0 0 0 0 
-0.73851335 -5.61079454 1.53805983 0.187764153 -0.436320722 0.879982293 62 1 0 0 0 0 0 0 0 0 0 0 
-1.06053245 -5.59974337 1.60077238 0.224170342 0.43189761 0.873620093 62 1 0 0 0 0 0 0 0 0 0 0 
-0.73851335 -5.61079454 1.53805983 0.224170342 0.43189761 0.873620093 62 1 0 0 0 0 0 0 0 0 0 0 
-0.819571853 -5.49929619 1.48928344 0.224170342 0.43189761 0.873620093 62 1 0 0 0 0 0 0 0 0 0 0 
-1.05535543 -5.44634247 1.53805983 0.224170342 0.43189761 0.873620093 62 1 0 0 0 0 0 0 0 0 0 0 
-5.53898764 3.10830402 0.389505416 -0.791575015 0.17057091 0.58678323 57 1 0 0 0 0 0 0 0 0 0 0 
-5.51442909 3.10982347 0.425476819 -0.791575015 0.17057091 0.58678323 57 1 0 0 0 0 0 0 0 0 0 0 
-5.51345778 3.14229655 0.414064109 -0.791575015 0.17057091 0.58678323 57 1 0 0 0 0 0 0 0 0 0 0 
-5.53350735 3.15149879 0.387625664 -0.791575015 0.17057091 0.58678323 57 1 0 0 0 0 0 0 0 0 0 0 
-5.53898764 3.10830402 0.389505416 -0.984852433 0.170845196 0.029624382 57 1 0 0 0 0 0 0 0 0 0 0 
-5.53350735 3.15149879 0.387625664 -0.984852433 0.170845196 0.029624382 57 1 0 0 0 0 0 0 0 0 0 0 
-5.53414059 3.14232635 0.354442537 -0.984852433 0.170845196 0.029624382 57 1 0 0 0 0 0 0 0 0 0 0 
-5.54198074 3.10986328 0.346054554 -0.984852433 0.170845196 0.029624382 57 1 0 0 0 0 0 0 0 0 0 0 
-5.53898764 3.10830402 0.389505416 -0.910460174 -0.413581699 0.00352822291 57 1 0 0 0 0 0 0 0 0 0 0 
-5.54198074 3.10986328 0.346054554 -0.910460174 -0.413581699 0.00352822291 57 1 0 0 0 0 0 0 0 0 0 0 
-5.52617979 3.07978582 0.35164997 -0.910460174 -0.413581699 0.00352822291 57 1 0 0 0 0 0 0 0 0 0 0 
-5.52290297 3.06818819 0.383905709 -0.910460174 -0.413581699 0.00352822291 57 1 0 0 0 0 0 0 0 0 0 0 
-5.53898764 3.10830402 0.389505416 -0.717184663 -0.413858563 0.560684681 57 1 0 0 0 0 0 0 0 0 0 0 
-5.52290297 3.06818819 0.383905709 -0.717184663 -0.413858563 0.560684681 57 1 0 0 0 0 0 0 0 0 0 0 
-5.50549698 3.07975578 0.411271572 -0.717184663 -0.413858563 0.560684681 57 1 0 0 0 0 0 0 0 0 0 0 
-5.51442909 3.10982347 0.425476819 -0.717184663 -0.413858563 0.560684681 57 1 0 0 0 0 0 0 0 0 0 0 
-5.16299009 3.16616297 -0.597274244 -0.925444603 0.185489818 -0.330372334 48 1 0 0 0 0 0 0 0 0 0 0 
-5.17322111 3.16690111 -0.570744634 -0.925444603 0.185489818 -0.330372334 48 1 0 0 0 0 0 0 0 0 0 0 
-5.16658163 3.18827248 -0.574799597 -0.925444603 0.185489818 -0.330372334 48 0.996942282 47 0.00305770431 0 0 0 0 0 0 0 0 
-5.15894747 3.19425344 -0.595371425 -0.925444603 0.185489818 -0.330372334 48 1 0 0 0 0 0 0 0 0 0 0 
-5.16299009 3.16616297 -0.597274244 -0.69505465 0.177157342 -0.696788549 48 1 0 0 0 0 0 0 0 0 0 0 
-5.15894747 3.19425344 -0.595371425 -0.69505465 0.177157342 -0.696788549 48 1 0 0 0 0 0 0 0 0 0 0 
-5.14384699 3.18744993 -0.610957325 -0.69505465 0.177157342 -0.696788549 48 1 0 0 0 0 0 0 0 0 0 0 
-5.14351034 3.16582632 -0.617997348 -0.69505465 0.177157342 -0.696788549 48 1 0 0 0 0 0 0 0 0 0 0 
-5.16299009 3.16616297 -0.597274244 -0.68601948 -0.255414128 -0.681278825 48 1 0 0 0 0 0 0 0 0 0 0 
-5.14351034 3.16582632 -0.617997348 -0.68601948 -0.255414128 -0.681278825 48 1 0 0 0 0 0 0 0 0 0 0 
-5.14295626 3.14476728 -0.6094262 -0.68601948 -0.255414128 -0.681278825 48 1 0 0 0 0 0 0 0 0 0 0 
-5.15778303 3.13847375 -0.593370497 -0.68601948 -0.255414128 -0.681278825 48 1 0 0 0 0 0 0 0 0 0 0 
-5.16299009 3.16616297 -0.597274244 -0.916413963 -0.247082472 -0.314858466 48 1 0 0 0 0 0 0 0 0 0 0 
-5.15778303 3.13847375 -0.593370497 -0.916413963 -0.247082472 -0.314858466 48 1 0 0 0 0 0 0 0 0 0 0 
-5.1656909 3.14559007 -0.573268473 -0.916413963 -0.247082472 -0.314858466 48 1 0 0 0 0 0 0 0 0 0 0 
-5.17322111 3.16690111 -0.570744634 -0.916413963 -0.247082472 -0.314858466 48 1 0 0 0 0 0 0 0 0 0 0 
-5.67129612 3.03594017 -0.295259923 -0.987350106 -0.158235624 0.0100587001 51 1 0 0 0 0 0 0 0 0 0 0 
-5.67260456 3.03906941 -0.254493296 -0.987350106 -0.158235624 0.0100587001 51 0.99647826 50 0.00352173834 0 0 0 0 0 0 0 0 
-5.67636108 3.06943321 -0.265540719 -0.987350106 -0.158235624 0.0100587001 51 0.990999103 50 0.0090008704 0 0 0 0 0 0 0 0 
-5.67897034 3.07607102 -0.29727757 -0.987350106 -0.158235624 0.0100587001 51 1 0 0 0 0 0 0 0 0 0 0 
-5.67129612 3.03594017 -0.295259923 -0.906573057 -0.162859365 -0.389361233 51 1 0 0 0 0 0 0 0 0 0 0 
-5.67897034 3.07607102 -0.29727757 -0.906573057 -0.162859365 -0.389361233 51 1 0 0 0 0 0 0 0 0 0 0 
-5.66426468 3.06873894 -0.325350434 -0.906573057 -0.162859365 -0.389361233 51 1 0 0 0 0 0 0 0 0 0 0 
-5.65664864 3.03815389 -0.333390772 -0.906573057 -0.162859365 -0.389361233 51 1 0 0 0 0 0 0 0 0 0 0 
-5.67129612 3.03594017 -0.295259923 -0.761339366 -0.542139947 -0.355593562 51 1 0 0 0 0 0 0 0 0 0 0 
-5.65664864 3.03815389 -0.333390772 -0.761339366 -0.542139947 -0.355593562 51 1 0 0 0 0 0 0 0 0 0 0 
-5.64251804 3.01194572 -0.320293307 -0.761339366 -0.542139947 -0.355593562 51 1 0 0 0 0 0 0 0 0 0 0 
-5.65028286 3.00115252 -0.290606529 -0.761339366 -0.542139947 -0.355593562 51 1 0 0 0 0 0 0 0 0 0 0 
-5.67129612 3.03594017 -0.295259923 -0.842117488 -0.537507474 0.0438604392 51 1 0 0 0 0 0 0 0 0 0 0 
-5.65028286 3.00115252 -0.290606529 -0.842117488 -0.537507474 0.0438604392 51 1 0 0 0 0 0 0 0 0 0 0 
-5.65461349 3.01263976 -0.260483652 -0.842117488 -0.537507474 0.0438604392 51 1 0 0 0 0 0 0 0 0 0 0 
-5.67260456 3.03906941 -0.254493296 -0.842117488 -0.537507474 0.0438604392 51 0.99647826 50 0.00352173834 0 0 0 0 0 0 0 0 
4.58109188 3.36726356 0.0474866368 0.120271981 0.971800208 0.202827677 25 0.918079793 24 0.055486083 26 0.0264341142 0 0 0 0 0 0 
4.34395123 3.39655161 0.00643289089 0.120271981 0.971800208 0.202827677 25 0.513788104 24 0.486211896 0 0 0 0 0 0 0 0 
4.33229923 3.37385273 0.163444296 0.120271981 0.971800208 0.202827677 25 0.5017308 24 0.474232256 26 0.0240369495 0 0 0 0 0 0 
4.53874779 3.33638573 0.179193109 0.120271981 0.971800208 0.202827677 25 0.51713562 26 0.361941099 24 0.120923258 0 0 0 0 0 0 
4.58109188 3.36726356 0.0474866368 0.0961038619 0.95727855 0.27273044 25 0.918079793 24 0.055486083 26 0.0264341142 0 0 0 0 0 0 
4.53874779 3.33638573 0.179193109 0.0961038619 0.95727855 0.27273044 25 0.51713562 26 0.361941099 24 0.120923258 0 0 0 0 0 0 
4.75356436 3.29461837 0.241695106 0.0961038619 0.95727855 0.27273044 26 0.588082433 37 0.407670975 25 0.00424660929 0 0 0 0 0 0 
4.82415342 3.33506036 0.0832760558 0.0961038619 0.95727855 0.27273044 25 0.474504709 37 0.367693901 34 0.137069568 26 0.0207318123 0 0 0 0 
4.58109188 3.36726356 0.0474866368 0.14260985 0.988441288 -0.0514416583 25 0.918079793 24 0.055486083 26 0.0264341142 0 0 0 0 0 0 
4.82415342 3.33506036 0.0832760558 0.14260985 0.988441288 -0.0514416583 25 0.474504709 37 0.367693901 34 0.137069568 26 0.0207318123 0 0 0 0 
4.99214602 3.3024857 -0.0576538779 0.14260985 0.988441288 -0.0514416583 31 0.534927428 34 0.465072602 0 0 0 0 0 0 0 0 
4.6355691 3.35281968 -0.098287262 0.14260985 0.988441288 -0.0514416583 25 0.926791012 28 0.0732090026 0 0 0 0 0 0 0 0 
4.58109188 3.36726356 0.0474866368 0.0998526439 0.985980034 -0.133689165 25 0.918079793 24 0.055486083 26 0.0264341142 0 0 0 0 0 0 
4.6355691 3.35281968 -0.098287262 0.0998526439 0.985980034 -0.133689165 25 0.926791012 28 0.0732090026 0 0 0 0 0 0 0 0 
4.37161016 3.36050844 -0.158797622 0.0998526439 0.985980034 -0.133689165 25 0.796315312 24 0.203684703 0 0 0 0 0 0 0 0 
4.34395123 3.39655161 0.00643289089 0.0998526439 0.985980034 -0.133689165 25 0.513788104 24 0.486211896 0 0 0 0 0 0 0 0 
0.931194007 2.65120745 0.468732178 0.717180669 -0.15049018 0.680444479 22 0.829030216 23 0.108144417 19 0.0628253743 0 0 0 0 0 0 
0.925591052 2.32323098 0.381758749 0.717180669 -0.15049018 0.680444479 22 0.707768083 18 0.127862617 17 0.0789166316 23 0.0643676519 19 0.0210850015 0 0 
1.12907505 2.77771187 0.288146228 0.717180669 -0.15049018 0.680444479 22 0.763899684 23 0.236100301 0 0 0 0 0 0 0 0 
1.08626926 3.04982281 0.373102099 0.717180669 -0.15049018 0.680444479 22 0.679723799 23 0.320276201 0 0 0 0 0 0 0 0 
0.931194007 2.65120745 0.468732178 0.424214333 0.199872717 0.883228898 22 0.829030216 23 0.108144417 19 0.0628253743 0 0 0 0 0 0 
1.08626926 3.04982281 0.373102099 0.424214333 0.199872717 0.883228898 22 0.679723799 23 0.320276201 0 0 0 0 0 0 0 0 
0.893274009 3.38559818 0.32075417 0.424214333 0.199872717 0.883228898 22 0.522782147 23 0.477217853 0 0 0 0 0 0 0 0 
0.643893063 2.57641101 0.692706883 0.424214333 0.199872717 0.883228898 22 0.69212836 19 0.171559528 18 0.0727720931 23 0.0592685528 17 0.00298983231 40 0.00128165341 
0.931194007 2.65120745 0.468732178 0.700760424 -0.0895487815 0.707754076 22 0.829030216 23 0.108144417 19 0.0628253743 0 0 0 0 0 0 
0.643893063 2.57641101 0.692706883 0.700760424 -0.0895487815 0.707754076 22 0.69212836 19 0.171559528 18 0.0727720931 23 0.0592685528 17 0.00298983231 40 0.00128165341 
0.661090672 1.69923365 0.615717769 0.700760424 -0.0895487815 0.707754076 18 0.617510378 17 0.210907668 22 0.152051449 19 0.0194873661 12 4.31266926e-05 0 0 
0.925591052 2.32323098 0.381758749 0.700760424 -0.0895487815 0.707754076 22 0.707768083 18 0.127862617 17 0.0789166316 23 0.0643676519 19 0.0210850015 0 0 
-4.58109188 3.36726356 0.0474866368 -0.14260985 0.988441288 -0.0514413454 43 0.71509999 44 0.127784938 55 0.0854399502 42 0.0409689136 46 0.0307062156 0 0 
-4.6355691 3.35281968 -0.098287262 -0.14260985 0.988441288 -0.0514413454 43 0.718365788 46 0.211327597 49 0.0273008943 52 0.0256460719 44 0.0161057133 55 0.00125392922 
-4.99214602 3.3024857 -0.0576538779 -0.14260985 0.988441288 -0.0514413454 52 0.699638784 49 0.218848571 55 0.0802280754 46 0.00128458813 0 0 0 0 
-4.82415342 3.33506036 0.0832760558 -0.14260985 0.988441288 -0.0514413454 55 0.573625386 52 0.154750422 43 0.144742206 44 0.115845002 49 0.0110370014 0 0 
-4.58109188 3.36726356 0.0474866368 -0.0961046591 0.95727849 0.27273044 43 0.71509999 44 0.127784938 55 0.0854399502 42 0.0409689136 46 0.0307062156 0 0 
-4.82415342 3.33506036 0.0832760558 -0.0961046591 0.95727849 0.27273044 55 0.573625386 52 0.154750422 43 0.144742206 44 0.115845002 49 0.0110370014 0 0 
-4.75356436 3.29461837 0.241695106 -0.0961046591 0.95727849 0.27273044 44 0.74406451 55 0.232325584 43 0.0236098915 0 0 0 0 0 0 
-4.53874779 3.33638573 0.179193109 -0.0961046591 0.95727849 0.27273044 44 0.607663095 43 0.298781931 42 0.0631361157 55 0.0304188468 0 0 0 0 
-4.58109188 3.36726356 0.0474866368 -0.120272316 0.971800208 0.202827692 43 0.71509999 44 0.127784938 55 0.0854399502 42 0.0409689136 46 0.0307062156 0 0 
-4.53874779 3.33638573 0.179193109 -0.120272316 0.971800208 0.202827692 44 0.607663095 43 0.298781931 42 0.0631361157 55 0.0304188468 0 0 0 0 
-4.33229923 3.37385273 0.163444296 -0.120272316 0.971800208 0.202827692 43 0.477160543 42 0.440327048 44 0.082512401 0 0 0 0 0 0 
-4.34395123 3.39655161 0.00643289089 -0.120272316 0.971800208 0.202827692 43 0.518444538 42 0.481555462 0 0 0 0 0 0 0 0 
-4.58109188 3.36726356 0.0474866368 -0.0998526439 0.985980034 -0.133689076 43 0.71509999 44 0.127784938 55 0.0854399502 42 0.0409689136 46 0.0307062156 0 0 
-4.34395123 3.39655161 0.00643289089 -0.0998526439 0.985980034 -0.133689076 43 0.518444538 42 0.481555462 0 0 0 0 0 0 0 0 
-4.37161016 3.36050844 -0.158797622 -0.0998526439 0.985980034 -0.133689076 43 0.78705138 42 0.191724092 46 0.0212245192 0 0 0 0 0 0 
-4.6355691 3.35281968 -0.098287262 -0.0998526439 0.985980034 -0.133689076 43 0.718365788 46 0.211327597 49 0.0273008943 52 0.0256460719 44 0.0161057133 55 0.00125392922 
-4.92523479 3.32134151 0.0950265452 -0.475724936 0.839300215 0.26317507 55 0.650434732 52 0.271326184 43 0.0570463762 44 0.0211926885 0 0 0 0 
-4.99144602 3.3087244 0.0365945622 -0.475724936 0.839300215 0.26317507 52 0.70076561 55 0.235102102 49 0.0641322806 0 0 0 0 0 0 
-4.9814744 3.2872231 0.102175765 -0.475724936 0.839300215 0.26317507 52 0.537646532 55 0.462353438 0 0 0 0 0 0 0 0 
-4.90384912 3.3200376 0.158855706 -0.475724936 0.839300215 0.26317507 55 0.683556736 44 0.164761648 52 0.140258938 43 0.0114226872 0 0 0 0 
-4.92523479 3.32134151 0.0950265452 -0.00730644399 0.982233107 0.18752256 55 0.650434732 52 0.271326184 43 0.0570463762 44 0.0211926885 0 0 0 0 
-4.90384912 3.3200376 0.158855706 -0.00730644399 0.982233107 0.18752256 55 0.683556736 44 0.164761648 52 0.140258938 43 0.0114226872 0 0 0 0 
-4.75356436 3.29461837 0.241695106 -0.00730644399 0.982233107 0.18752256 44 0.74406451 55 0.232325584 43 0.0236098915 0 0 0 0 0 0 
-4.82415342 3.33506036 0.0832760558 -0.00730644399 0.982233107 0.18752256 55 0.573625386 52 0.154750422 43 0.144742206 44 0.115845002 49 0.0110370014 0 0 
-4.92523479 3.32134151 0.0950265452 -0.138480514 0.988460958 -0.0613854565 55 0.650434732 52 0.271326184 43 0.0570463762 44 0.0211926885 0 0 0 0 
-4.82415342 3.33506036 0.0832760558 -0.138480514 0.988460958 -0.0613854565 55 0.573625386 52 0.154750422 43 0.144742206 44 0.115845002 49 0.0110370014 0 0 
-4.99214602 3.3024857 -0.0576538779 -0.138480514 0.988460958 -0.0613854565 52 0.699638784 49 0.218848571 55 0.0802280754 46 0.00128458813 0 0 0 0 
-4.99144602 3.3087244 0.0365945622 -0.138480514 0.988460958 -0.0613854565 52 0.70076561 55 0.235102102 49 0.0641322806 0 0 0 0 0 0 
-5.7085042 3.09802866 0.0696105585 -0.944758058 0.0280787162 0.326563567 54 1 0 0 0 0 0 0 0 0 0 0 
-5.6982336 3.09967089 0.102358483 -0.944758058 0.0280787162 0.326563567 54 1 0 0 0 0 0 0 0 0 0 0 
-5.69913483 3.12594032 0.0943161547 -0.944758058 0.0280787162 0.326563567 54 1 0 0 0 0 0 0 0 0 0 0 
-5.70866966 3.13238764 0.069354102 -0.944758058 0.0280787162 0.326563567 54 1 0 0 0 0 0 0 0 0 0 0 
-5.7085042 3.09802866 0.0696105585 -0.992943048 0.0245436206 -0.116025351 54 1 0 0 0 0 0 0 0 0 0 0 
-5.70866966 3.13238764 0.069354102 -0.992943048 0.0245436206 -0.116025351 54 1 0 0 0 0 0 0 0 0 0 0 
-5.70471859 3.12553072 0.0430299453 -0.992943048 0.0245436206 -0.116025351 54 1 0 0 0 0 0 0 0 0 0 0 
-5.70552397 3.09913588 0.03539785 -0.992943048 0.0245436206 -0.116025351 54 1 0 0 0 0 0 0 0 0 0 0 
-5.7085042 3.09802866 0.0696105585 -0.903175414 -0.411480367 -0.122302629 54 1 0 0 0 0 0 0 0 0 0 0 
-5.70552397 3.09913588 0.03539785 -0.903175414 -0.411480367 -0.122302629 54 1 0 0 0 0 0 0 0 0 0 0 
-5.69431639 3.07500458 0.042300906 -0.903175414 -0.411480367 -0.122302629 54 1 0 0 0 0 0 0 0 0 0 0 
-5.69508791 3.06641936 0.0684022382 -0.903175414 -0.411480367 -0.122302629 54 1 0 0 0 0 0 0 0 0 0 0 
-5.7085042 3.09802866 0.0696105585 -0.854981959 -0.407948434 0.320287049 54 1 0 0 0 0 0 0 0 0 0 0 
-5.69508791 3.06641936 0.0684022382 -0.854981959 -0.407948434 0.320287049 54 1 0 0 0 0 0 0 0 0 0 0 
-5.68873215 3.07541442 0.0935871154 -0.854981959 -0.407948434 0.320287049 54 1 0 0 0 0 0 0 0 0 0 0 
-5.6982336 3.09967089 0.102358483 -0.854981959 -0.407948434 0.320287049 54 1 0 0 0 0 0 0 0 0 0 0 
-0.919306874 2.21164346 0.00129165209 -0.909125924 -0.398428619 0.121428087 40 0.73922056 17 0.152777493 18 0.0629896969 41 0.0450122356 0 0 0 0 
-0.925591052 2.32323098 0.381758749 -0.909125924 -0.398428619 0.121428087 40 0.707768261 18 0.127862379 17 0.0789165646 41 0.0643675327 19 0.0210852753 0 0 
-1.12907505 2.77771187 0.288146228 -0.909125924 -0.398428619 0.121428087 40 0.763899624 41 0.236100361 0 0 0 0 0 0 0 0 
-1.13451743 2.68293691 -0.00220006541 -0.909125924 -0.398428619 0.121428087 40 0.76905477 41 0.230945215 0 0 0 0 0 0 0 0 
-0.919306874 2.21164346 0.00129165209 -0.908254802 -0.389900625 -0.151824608 40 0.73922056 17 0.152777493 18 0.0629896969 41 0.0450122356 0 0 0 0 
-1.13451743 2.68293691 -0.00220006541 -0.908254802 -0.389900625 -0.151824608 40 0.76905477 41 0.230945215 0 0 0 0 0 0 0 0 
-1.10894001 2.76841021 -0.294105828 -0.908254802 -0.389900625 -0.151824608 40 0.778695405 41 0.221304595 0 0 0 0 0 0 0 0 
-0.914549768 2.31757569 -0.379821241 -0.908254802 -0.389900625 -0.151824608 40 0.747064352 17 0.151027188 41 0.0584636219 19 0.0316513442 18 0.0117935194 0 0 
-0.919306874 2.21164346 0.00129165209 -0.801058471 -0.349790096 -0.485749036 40 0.73922056 17 0.152777493 18 0.0629896969 41 0.0450122356 0 0 0 0 
-0.914549768 2.31757569 -0.379821241 -0.801058471 -0.349790096 -0.485749036 40 0.747064352 17 0.151027188 41 0.0584636219 19 0.0316513442 18 0.0117935194 0 0 
-0.431139231 1.56755853 -0.339946985 -0.801058471 -0.349790096 -0.485749036 17 0.809482694 18 0.105168186 40 0.0627095848 58 0.0226395167 0 0 0 0 
-0.811958015 1.55396032 0.000875484198 -0.801058471 -0.349790096 -0.485749036 17 0.672514856 18 0.137554631 40 0.135338947 58 0.0545915589 0 0 0 0 
-0.919306874 2.21164346 0.00129165209 -0.950178802 -0.239269495 0.199776009 40 0.73922056 17 0.152777493 18 0.0629896969 41 0.0450122356 0 0 0 0 
-0.811958015 1.55396032 0.000875484198 -0.950178802 -0.239269495 0.199776009 17 0.672514856 18 0.137554631 40 0.135338947 58 0.0545915589 0 0 0 0 
-0.661090672 1.69923365 0.615717769 -0.950178802 -0.239269495 0.199776009 18 0.617509484 17 0.210907459 40 0.152052328 19 0.0194875505 58 4.31788503e-05 0 0 
-0.925591052 2.32323098 0.381758749 -0.950178802 -0.239269495 0.199776009 40 0.707768261 18 0.127862379 17 0.0789165646 41 0.0643675327 19 0.0210852753 0 0 
0 5.36052799 0 0.352027625 0.903641403 -0.243944481 21 1 0 0 0 0 0 0 0 0 0 0 
0.487981439 5.19661522 7.4505806e-09 0.352027625 0.903641403 -0.243944481 21 1 0 0 0 0 0 0 0 0 0 0 
0.362950861 5.05945015 -0.591517925 0.352027625 0.903641403 -0.243944481 21 1 0 0 0 0 0 0 0 0 0 0 
0 5.19661522 -0.70418942 0.352027625 0.903641403 -0.243944481 21 1 0 0 0 0 0 0 0 0 0 0 
0 5.36052799 0 -0.352027625 0.903641403 -0.243944481 21 1 0 0 0 0 0 0 0 0 0 0 
0 5.19661522 -0.70418942 -0.352027625 0.903641403 -0.243944481 21 1 0 0 0 0 0 0 0 0 0 0 
-0.362950861 5.05945015 -0.591517925 -0.352027625 0.903641403 -0.243944481 21 1 0 0 0 0 0 0 0 0 0 0 
-0.487981439 5.19661522 7.4505806e-09 -0.352027625 0.903641403 -0.243944481 21 1 0 0 0 0 0 0 0 0 0 0 
0 5.36052799 0 -0.34459421 0.882433236 0.320260197 21 1 0 0 0 0 0 0 0 0 0 0 
-0.487981439 5.19661522 7.4505806e-09 -0.34459421 0.882433236 0.320260197 21 1 0 0 0 0 0 0 0 0 0 0 
-0.362950861 5.06912708 0.412387222 -0.34459421 0.882433236 0.320260197 21 1 0 0 0 0 0 0 0 0 0 0 
0 5.19661522 0.525058687 -0.34459421 0.882433236 0.320260197 21 1 0 0 0 0 0 0 0 0 0 0 
0 5.36052799 0 0.34459421 0.882433236 0.320260197 21 1 0 0 0 0 0 0 0 0 0 0 
0 5.19661522 0.525058687 0.34459421 0.882433236 0.320260197 21 1 0 0 0 0 0 0 0 0 0 0 
0.362950861 5.06912708 0.412387222 0.34459421 0.882433236 0.320260197 21 1 0 0 0 0 0 0 0 0 0 0 
0.487981439 5.19661522 7.4505806e-09 0.34459421 0.882433236 0.320260197 21 1 0 0 0 0 0 0 0 0 0 0 
4.89939213 2.92489648 0.702627778 0.941610515 0.211580545 0.261922657 27 1 0 0 0 0 0 0 0 0 0 0 
4.90992785 2.93656492 0.645207882 0.941610515 0.211580545 0.261922657 27 1 0 0 0 0 0 0 0 0 0 0 
4.90363026 2.97841907 0.644155383 0.941610515 0.211580545 0.261922657 27 1 0 0 0 0 0 0 0 0 0 0 
4.88951588 2.97948217 0.683921158 0.941610515 0.211580545 0.261922657 27 1 0 0 0 0 0 0 0 0 0 0 
4.89939213 2.92489648 0.702627778 0.761401892 0.322948098 0.562113762 27 1 0 0 0 0 0 0 0 0 0 0 
4.88951588 2.97948217 0.683921158 0.761401892 0.322948098 0.562113762 27 1 0 0 0 0 0 0 0 0 0 0 
4.86896038 2.96325755 0.721809745 0.761401892 0.322948098 0.562113762 27 1 0 0 0 0 0 0 0 0 0 0 
4.87140083 2.91742182 0.744114995 0.761401892 0.322948098 0.562113762 27 1 0 0 0 0 0 0 0 0 0 0 
4.89939213 2.92489648 0.702627778 0.72961396 -0.567142665 0.38211602 27 1 0 0 0 0 0 0 0 0 0 0 
4.87140083 2.91742182 0.744114995 0.72961396 -0.567142665 0.38211602 27 1 0 0 0 0 0 0 0 0 0 0 
4.85930824 2.88765669 0.723891497 0.72961396 -0.567142665 0.38211602 27 1 0 0 0 0 0 0 0 0 0 0 
4.87781286 2.88681459 0.686445117 0.72961396 -0.567142665 0.38211602 27 1 0 0 0 0 0 0 0 0 0 0 
4.89939213 2.92489648 0.702627778 0.874420285 -0.472242326 0.111249432 27 1 0 0 0 0 0 0 0 0 0 0 
4.87781286 2.88681459 0.686445117 0.874420285 -0.472242326 0.111249432 27 1 0 0 0 0 0 0 0 0 0 0 
4.89397812 2.90158725 0.646237075 0.874420285 -0.472242326 0.111249432 27 1 0 0 0 0 0 0 0 0 0 0 
4.90992785 2.93656492 0.645207882 0.874420285 -0.472242326 0.111249432 27 1 0 0 0 0 0 0 0 0 0 0 
1.06053245 -5.59974337 1.60077238 0.217096582 -0.42243278 0.880011261 16 1 0 0 0 0 0 0 0 0 0 0 
1.06570911 -5.75159693 1.53805983 0.217096582 -0.42243278 0.880011261 16 1 0 0 0 0 0 0 0 0 0 0 
1.30149281 -5.70816326 1.48928344 0.217096582 -0.42243278 0.880011261 16 1 0 0 0 0 0 0 0 0 0 0 
1.38255119 -5.5887661 1.53805983 0.217096582 -0.42243278 0.880011261 16 1 0 0 0 0 0 0 0 0 0 0 
1.06053245 -5.59974337 1.60077238 0.189096704 0.434417516 0.880638421 16 1 0 0 0 0 0 0 0 0 0 0 
1.38255119 -5.5887661 1.53805983 0.189096704 0.434417516 0.880638421 16 1 0 0 0 0 0 0 0 0 0 0 
1.29355001 -5.47516584 1.48928344 0.189096704 0.434417516 0.880638421 16 1 0 0 0 0 0 0 0 0 0 0 
1.05535579 -5.44634199 1.53805983 0.189096704 0.434417516 0.880638421 16 1 0 0 0 0 0 0 0 0 0 0 
1.06053245 -5.59974337 1.60077238 -0.224169537 0.431897461 0.87362045 16 1 0 0 0 0 0 0 0 0 0 0 
1.05535579 -5.44634199 1.53805983 -0.224169537 0.431897461 0.87362045 16 1 0 0 0 0 0 0 0 0 0 0 
0.81957221 -5.49929571 1.48928344 -0.224169537 0.431897461 0.87362045 16 1 0 0 0 0 0 0 0 0 0 0 
0.738513708 -5.61079407 1.53805983 -0.224169537 0.431897461 0.87362045 16 1 0 0 0 0 0 0 0 0 0 0 
1.06053245 -5.59974337 1.60077238 -0.187763646 -0.436322629 0.879981577 16 1 0 0 0 0 0 0 0 0 0 0 
0.738513708 -5.61079407 1.53805983 -0.187763646 -0.436322629 0.879981577 16 1 0 0 0 0 0 0 0 0 0 0 
0.827515006 -5.72432089 1.48928344 -0.187763646 -0.436322629 0.879981577 16 1 0 0 0 0 0 0 0 0 0 0 
1.06570911 -5.75159693 1.53805983 -0.187763646 -0.436322629 0.879981577 16 1 0 0 0 0 0 0 0 0 0 0 
0.711702645 3.49919796 -0.00129153871 0.115992188 0.946503878 -0.301125109 22 0.59200722 23 0.19082424 19 0.13353087 21 0.0496048331 20 0.0340328291 0 0 
0.996959269 3.50829864 -0.00843785144 0.115992188 0.946503878 -0.301125109 23 0.52086246 22 0.47913754 0 0 0 0 0 0 0 0 
0.874067307 3.37467766 -0.330144525 0.115992188 0.946503878 -0.301125109 22 0.849260151 23 0.129788548 19 0.0190212242 20 0.00193006394 0 0 0 0 
0.524701834 3.49665308 -0.226954669 0.115992188 0.946503878 -0.301125109 22 0.467662126 19 0.208310202 20 0.162194267 21 0.0827647597 23 0.0790686458 0 0 
0.711702645 3.49919796 -0.00129153871 0.40971747 0.867353857 -0.282540292 22 0.59200722 23 0.19082424 19 0.13353087 21 0.0496048331 20 0.0340328291 0 0 
0.524701834 3.49665308 -0.226954669 0.40971747 0.867353857 -0.282540292 22 0.467662126 19 0.208310202 20 0.162194267 21 0.0827647597 23 0.0790686458 0 0 
0.289346665 3.62728119 -0.22056216 0.40971747 0.867353857 -0.282540292 20 0.447602659 19 0.217897549 21 0.213988632 22 0.120511174 0 0 0 0 
0.403328449 3.62781215 -0.000322867796 0.40971747 0.867353857 -0.282540292 19 0.334025174 21 0.22739087 20 0.212427691 22 0.170898303 23 0.0552579761 0 0 
0.711702645 3.49919796 -0.00129153871 0.405243009 0.876600981 0.259516448 22 0.59200722 23 0.19082424 19 0.13353087 21 0.0496048331 20 0.0340328291 0 0 
0.403328449 3.62781215 -0.000322867796 0.405243009 0.876600981 0.259516448 19 0.334025174 21 0.22739087 20 0.212427691 22 0.170898303 23 0.0552579761 0 0 
0.290681988 3.62834311 0.219916463 0.405243009 0.876600981 0.259516448 20 0.430819303 19 0.219036043 21 0.210297823 22 0.0912391096 23 0.0486077145 0 0 
0.532141268 3.50174284 0.224371582 0.405243009 0.876600981 0.259516448 22 0.3619259 19 0.207730636 23 0.195393443 20 0.154721349 21 0.0802286714 0 0 
0.711702645 3.49919796 -0.00129153871 0.121138774 0.955556929 0.268768489 22 0.59200722 23 0.19082424 19 0.13353087 21 0.0496048331 20 0.0340328291 0 0 
0.532141268 3.50174284 0.224371582 0.121138774 0.955556929 0.268768489 22 0.3619259 19 0.207730636 23 0.195393443 20 0.154721349 21 0.0802286714 0 0 
0.893274009 3.38559818 0.32075417 0.121138774 0.955556929 0.268768489 22 0.522782147 23 0.477217853 0 0 0 0 0 0 0 0 
0.996959269 3.50829864 -0.00843785144 0.121138774 0.955556929 0.268768489 23 0.52086246 22 0.47913754 0 0 0 0 0 0 0 0 
0.919306874 2.21164346 0.00129165209 0.908254802 -0.389900595 -0.151824549 22 0.739220023 17 0.152777657 18 0.0629898459 23 0.0450124592 0 0 0 0 
0.914549768 2.31757569 -0.379821241 0.908254802 -0.389900595 -0.151824549 22 0.747064173 17 0.15102753 23 0.058463905 19 0.0316508338 18 0.0117935305 0 0 
1.10894001 2.76841021 -0.294105828 0.908254802 -0.389900595 -0.151824549 22 0.778694868 23 0.221305132 0 0 0 0 0 0 0 0 
1.13451743 2.68293691 -0.00220006541 0.908254802 -0.389900595 -0.151824549 22 0.769054532 23 0.230945468 0 0 0 0 0 0 0 0 
0.919306874 2.21164346 0.00129165209 0.909125865 -0.398428649 0.12142814 22 0.739220023 17 0.152777657 18 0.0629898459 23 0.0450124592 0 0 0 0 
1.13451743 2.68293691 -0.00220006541 0.909125865 -0.398428649 0.12142814 22 0.769054532 23 0.230945468 0 0 0 0 0 0 0 0 
1.12907505 2.77771187 0.288146228 0.909125865 -0.398428649 0.12142814 22 0.763899684 23 0.236100301 0 0 0 0 0 0 0 0 
0.925591052 2.32323098 0.381758749 0.909125865 -0.398428649 0.12142814 22 0.707768083 18 0.127862617 17 0.0789166316 23 0.0643676519 19 0.0210850015 0 0 
0.919306874 2.21164346 0.00129165209 0.950178802 -0.239269495 0.199775934 22 0.739220023 17 0.152777657 18 0.0629898459 23 0.0450124592 0 0 0 0 
0.925591052 2.32323098 0.381758749 0.950178802 -0.239269495 0.199775934 22 0.707768083 18 0.127862617 17 0.0789166316 23 0.0643676519 19 0.0210850015 0 0 
0.661090672 1.69923365 0.615717769 0.950178802 -0.239269495 0.199775934 18 0.617510378 17 0.210907668 22 0.152051449 19 0.0194873661 12 4.31266926e-05 0 0 
0.811958015 1.55396032 0.000875484198 0.950178802 -0.239269495 0.199775934 17 0.672515273 18 0.137554899 22 0.135338292 12 0.0545915328 0 0 0 0 
0.919306874 2.21164346 0.00129165209 0.80105859 -0.349790066 -0.485749066 22 0.739220023 17 0.152777657 18 0.0629898459 23 0.0450124592 0 0 0 0 
0.811958015 1.55396032 0.000875484198 0.80105859 -0.349790066 -0.485749066 17 0.672515273 18 0.137554899 22 0.135338292 12 0.0545915328 0 0 0 0 
0.431139231 1.56755853 -0.339946985 0.80105859 -0.349790066 -0.485749066 17 0.809482992 18 0.10516838 22 0.0627091005 12 0.0226395074 0 0 0 0 
0.914549768 2.31757569 -0.379821241 0.80105859 -0.349790066 -0.485749066 22 0.747064173 17 0.15102753 23 0.058463905 19 0.0316508338 18 0.0117935305 0 0 
0.0123198973 3.27531195 -0.414752007 -0.0386318602 0.425309271 -0.904223204 19 0.745056868 20 0.176719576 21 0.0782235414 0 0 0 0 0 0 
0.0123199169 3.04461932 -0.462516427 -0.0386318602 0.425309271 -0.904223204 19 0.920240939 20 0.028440766 22 0.0256591626 40 0.0256591216 0 0 0 0 
-0.874067307 3.37467766 -0.330144525 -0.0386318602 0.425309271 -0.904223204 40 0.849260449 41 0.129788294 19 0.0190215241 20 0.00192972063 0 0 0 0 
-0.524701834 3.49665308 -0.226954669 -0.0386318602 0.425309271 -0.904223204 40 0.467662066 19 0.208310395 20 0.162194207 21 0.082764782 41 0.0790685341 0 0 
0.0123198973 3.27531195 -0.414752007 -0.301505804 0.249329627 -0.920287549 19 0.745056868 20 0.176719576 21 0.0782235414 0 0 0 0 0 0 
-0.524701834 3.49665308 -0.226954669 -0.301505804 0.249329627 -0.920287549 40 0.467662066 19 0.208310395 20 0.162194207 21 0.082764782 41 0.0790685341 0 0 
-0.289346665 3.62728119 -0.22056216 -0.301505804 0.249329627 -0.920287549 20 0.447602749 19 0.217897534 21 0.213988706 40 0.120511003 0 0 0 0 
0 3.62710452 -0.363515377 -0.301505804 0.249329627 -0.920287549 20 0.515448093 19 0.278205186 21 0.206346706 0 0 0 0 0 0 
0.0123198973 3.27531195 -0.414752007 0.30410859 0.265423536 -0.91491437 19 0.745056868 20 0.176719576 21 0.0782235414 0 0 0 0 0 0 
0 3.62710452 -0.363515377 0.30410859 0.265423536 -0.91491437 20 0.515448093 19 0.278205186 21 0.206346706 0 0 0 0 0 0 
0.289346665 3.62728119 -0.22056216 0.30410859 0.265423536 -0.91491437 20 0.447602659 19 0.217897549 21 0.213988632 22 0.120511174 0 0 0 0 
0.524701834 3.49665308 -0.226954669 0.30410859 0.265423536 -0.91491437 22 0.467662126 19 0.208310202 20 0.162194267 21 0.0827647597 23 0.0790686458 0 0 
0.0123198973 3.27531195 -0.414752007 0.0396051146 0.426096827 -0.903810203 19 0.745056868 20 0.176719576 21 0.0782235414 0 0 0 0 0 0 
0.524701834 3.49665308 -0.226954669 0.0396051146 0.426096827 -0.903810203 22 0.467662126 19 0.208310202 20 0.162194267 21 0.0827647597 23 0.0790686458 0 0 
0.874067307 3.37467766 -0.330144525 0.0396051146 0.426096827 -0.903810203 22 0.849260151 23 0.129788548 19 0.0190212242 20 0.00193006394 0 0 0 0 
0.0123199169 3.04461932 -0.462516427 0.0396051146 0.426096827 -0.903810203 19 0.920240939 20 0.028440766 22 0.0256591626 40 0.0256591216 0 0 0 0 
5.53898764 3.10830402 0.389505416 0.984852433 0.170844793 0.029629413 39 1 0 0 0 0 0 0 0 0 0 0 
5.54198074 3.10986328 0.346054554 0.984852433 0.170844793 0.029629413 39 1 0 0 0 0 0 0 0 0 0 0 
5.53414059 3.14232635 0.354442537 0.984852433 0.170844793 0.029629413 39 1 0 0 0 0 0 0 0 0 0 0 
5.53350735 3.15149879 0.387625664 0.984852433 0.170844793 0.029629413 39 1 0 0 0 0 0 0 0 0 0 0 
5.53898764 3.10830402 0.389505416 0.79157263 0.170570448 0.586786568 39 1 0 0 0 0 0 0 0 0 0 0 
5.53350735 3.15149879 0.387625664 0.79157263 0.170570448 0.586786568 39 1 0 0 0 0 0 0 0 0 0 0 
5.51345778 3.14229655 0.414064109 0.79157263 0.170570448 0.586786568 39 1 0 0 0 0 0 0 0 0 0 0 
5.51442909 3.10982347 0.425476819 0.79157263 0.170570448 0.586786568 39 1 0 0 0 0 0 0 0 0 0 0 
5.53898764 3.10830402 0.389505416 0.717181385 -0.413858086 0.560689151 39 1 0 0 0 0 0 0 0 0 0 0 
5.51442909 3.10982347 0.425476819 0.717181385 -0.413858086 0.560689151 39 1 0 0 0 0 0 0 0 0 0 0 
5.50549698 3.07975578 0.411271572 0.717181385 -0.413858086 0.560689151 39 1 0 0 0 0 0 0 0 0 0 0 
5.52290297 3.06818819 0.383905709 0.717181385 -0.413858086 0.560689151 39 1 0 0 0 0 0 0 0 0 0 0 
5.53898764 3.10830402 0.389505416 0.910460651 -0.413580716 0.0035333205 39 1 0 0 0 0 0 0 0 0 0 0 
5.52290297 3.06818819 0.383905709 0.910460651 -0.413580716 0.0035333205 39 1 0 0 0 0 0 0 0 0 0 0 
5.52617979 3.07978582 0.35164997 0.910460651 -0.413580716 0.0035333205 39 1 0 0 0 0 0 0 0 0 0 0 
5.54198074 3.10986328 0.346054554 0.910460651 -0.413580716 0.0035333205 39 1 0 0 0 0 0 0 0 0 0 0 
0.923206151 0.845378757 0.00221031299 0.951826394 0.0793767571 0.296185732 17 0.634469151 12 0.266226709 13 0.0872306675 18 0.0120734749 0 0 0 0 
0.811958015 1.55396032 0.000875484198 0.951826394 0.0793767571 0.296185732 17 0.672515273 18 0.137554899 22 0.135338292 12 0.0545915328 0 0 0 0 
0.661090672 1.69923365 0.615717769 0.951826394 0.0793767571 0.296185732 18 0.617510378 17 0.210907668 22 0.152051449 19 0.0194873661 12 4.31266926e-05 0 0 
0.687152207 0.85543716 0.58915478 0.951826394 0.0793767571 0.296185732 17 0.681682527 12 0.177989855 18 0.102109216 13 0.0382183902 0 0 0 0 
0.923206151 0.845378757 0.00221031299 0.901141107 0.228191987 0.368609846 17 0.634469151 12 0.266226709 13 0.0872306675 18 0.0120734749 0 0 0 0 
0.687152207 0.85543716 0.58915478 0.901141107 0.228191987 0.368609846 17 0.681682527 12 0.177989855 18 0.102109216 13 0.0382183902 0 0 0 0 
0.863580108 0.127871856 0.592158854 0.901141107 0.228191987 0.368609846 12 0.709425807 13 0.181238458 17 0.0840601921 58 0.0252755526 0 0 0 0 
1.10074198 0.147367641 0.0163893122 0.901141107 0.228191987 0.368609846 13 0.490715891 12 0.487966865 17 0.021317251 0 0 0 0 0 0 
0.923206151 0.845378757 0.00221031299 0.95429951 0.2372033 -0.181788117 17 0.634469151 12 0.266226709 13 0.0872306675 18 0.0120734749 0 0 0 0 
1.10074198 0.147367641 0.0163893122 0.95429951 0.2372033 -0.181788117 13 0.490715891 12 0.487966865 17 0.021317251 0 0 0 0 0 0 
1.02128816 0.0673491806 -0.498105973 0.95429951 0.2372033 -0.181788117 12 0.510115743 13 0.489884228 0 0 0 0 0 0 0 0 
0.878892064 0.736336946 -0.379708022 0.95429951 0.2372033 -0.181788117 12 0.560039103 17 0.332384527 13 0.107576355 0 0 0 0 0 0 
0.923206151 0.845378757 0.00221031299 0.802960813 0.304291725 -0.51250416 17 0.634469151 12 0.266226709 13 0.0872306675 18 0.0120734749 0 0 0 0 
0.878892064 0.736336946 -0.379708022 0.802960813 0.304291725 -0.51250416 12 0.560039103 17 0.332384527 13 0.107576355 0 0 0 0 0 0 
0.431139231 1.56755853 -0.339946985 0.802960813 0.304291725 -0.51250416 17 0.809482992 18 0.10516838 22 0.0627091005 12 0.0226395074 0 0 0 0 
0.811958015 1.55396032 0.000875484198 0.802960813 0.304291725 -0.51250416 17 0.672515273 18 0.137554899 22 0.135338292 12 0.0545915328 0 0 0 0 
-0.923206151 0.845378757 0.00221031299 -0.951826334 0.0793767497 0.296185642 17 0.634469092 58 0.266226709 59 0.0872308463 18 0.0120733352 0 0 0 0 
-0.687152207 0.85543716 0.58915478 -0.951826334 0.0793767497 0.296185642 17 0.681682467 58 0.1779899 18 0.102109067 59 0.0382185578 0 0 0 0 
-0.661090672 1.69923365 0.615717769 -0.951826334 0.0793767497 0.296185642 18 0.617509484 17 0.210907459 40 0.152052328 19 0.0194875505 58 4.31788503e-05 0 0 
-0.811958015 1.55396032 0.000875484198 -0.951826334 0.0793767497 0.296185642 17 0.672514856 18 0.137554631 40 0.135338947 58 0.0545915589 0 0 0 0 
-0.923206151 0.845378757 0.00221031299 -0.802960813 0.304291725 -0.51250416 17 0.634469092 58 0.266226709 59 0.0872308463 18 0.0120733352 0 0 0 0 
-0.811958015 1.55396032 0.000875484198 -0.802960813 0.304291725 -0.51250416 17 0.672514856 18 0.137554631 40 0.135338947 58 0.0545915589 0 0 0 0 
-0.431139231 1.56755853 -0.339946985 -0.802960813 0.304291725 -0.51250416 17 0.809482694 18 0.105168186 40 0.0627095848 58 0.0226395167 0 0 0 0 
-0.878892064 0.736336946 -0.379708022 -0.802960813 0.304291725 -0.51250416 58 0.560038805 17 0.332384735 59 0.107576437 0 0 0 0 0 0 
-0.923206151 0.845378757 0.00221031299 -0.95429951 0.2372033 -0.181788117 17 0.634469092 58 0.266226709 59 0.0872308463 18 0.0120733352 0 0 0 0 
-0.878892064 0.736336946 -0.379708022 -0.95429951 0.2372033 -0.181788117 58 0.560038805 17 0.332384735 59 0.107576437 0 0 0 0 0 0 
-1.02128816 0.0673491806 -0.498105973 -0.95429951 0.2372033 -0.181788117 58 0.510115743 59 0.489884257 0 0 0 0 0 0 0 0 
-1.10074198 0.147367641 0.0163893122 -0.95429951 0.2372033 -0.181788117 59 0.490715891 58 0.487966835 17 0.0213172715 0 0 0 0 0 0 
-0.923206151 0.845378757 0.00221031299 -0.901141107 0.228191987 0.368609816 17 0.634469092 58 0.266226709 59 0.0872308463 18 0.0120733352 0 0 0 0 
-1.10074198 0.147367641 0.0163893122 -0.901141107 0.228191987 0.368609816 59 0.490715891 58 0.487966835 17 0.0213172715 0 0 0 0 0 0 
-0.863580108 0.127871856 0.592158854 -0.901141107 0.228191987 0.368609816 58 0.709425926 59 0.181238338 17 0.084060207 12 0.0252755377 0 0 0 0 
-0.687152207 0.85543716 0.58915478 -0.901141107 0.228191987 0.368609816 17 0.681682467 58 0.1779899 18 0.102109067 59 0.0382185578 0 0 0 0 
-0.711702645 3.49919796 -0.00129153871 -0.121138468 0.955556929 0.268768489 40 0.592006981 41 0.190824106 19 0.133531094 21 0.0496048443 20 0.0340330042 0 0 
-0.996959269 3.50829864 -0.00843785144 -0.121138468 0.955556929 0.268768489 41 0.52086246 40 0.47913754 0 0 0 0 0 0 0 0 
-0.893274009 3.38559818 0.32075417 -0.121138468 0.955556929 0.268768489 40 0.522782266 41 0.477217734 0 0 0 0 0 0 0 0 
-0.532141268 3.50174284 0.224371582 -0.121138468 0.955556929 0.268768489 40 0.3619259 19 0.207730785 41 0.19539322 20 0.154721454 21 0.080228664 0 0 
-0.711702645 3.49919796 -0.00129153871 -0.405242831 0.87660116 0.259516537 40 0.592006981 41 0.190824106 19 0.133531094 21 0.0496048443 20 0.0340330042 0 0 
-0.532141268 3.50174284 0.224371582 -0.405242831 0.87660116 0.259516537 40 0.3619259 19 0.207730785 41 0.19539322 20 0.154721454 21 0.080228664 0 0 
-0.290681988 3.62834311 0.219916463 -0.405242831 0.87660116 0.259516537 20 0.430819333 19 0.219036058 21 0.210297868 40 0.0912391618 41 0.0486075878 0 0 
-0.403328449 3.62781215 -0.000322867796 -0.405242831 0.87660116 0.259516537 19 0.334025145 21 0.22739087 20 0.212427765 40 0.170898288 41 0.0552579351 0 0 
-0.711702645 3.49919796 -0.00129153871 -0.409717202 0.867353916 -0.282540351 40 0.592006981 41 0.190824106 19 0.133531094 21 0.0496048443 20 0.0340330042 0 0 
-0.403328449 3.62781215 -0.000322867796 -0.409717202 0.867353916 -0.282540351 19 0.334025145 21 0.22739087 20 0.212427765 40 0.170898288 41 0.0552579351 0 0 
-0.289346665 3.62728119 -0.22056216 -0.409717202 0.867353916 -0.282540351 20 0.447602749 19 0.217897534 21 0.213988706 40 0.120511003 0 0 0 0 
-0.524701834 3.49665308 -0.226954669 -0.409717202 0.867353916 -0.282540351 40 0.467662066 19 0.208310395 20 0.162194207 21 0.082764782 41 0.0790685341 0 0 
-0.711702645 3.49919796 -0.00129153871 -0.115992188 0.946503878 -0.301125109 40 0.592006981 41 0.190824106 19 0.133531094 21 0.0496048443 20 0.0340330042 0 0 
-0.524701834 3.49665308 -0.226954669 -0.115992188 0.946503878 -0.301125109 40 0.467662066 19 0.208310395 20 0.162194207 21 0.082764782 41 0.0790685341 0 0 
-0.874067307 3.37467766 -0.330144525 -0.115992188 0.946503878 -0.301125109 40 0.849260449 41 0.129788294 19 0.0190215241 20 0.00192972063 0 0 0 0 
-0.996959269 3.50829864 -0.00843785144 -0.115992188 0.946503878 -0.301125109 41 0.52086246 40 0.47913754 0 0 0 0 0 0 0 0 
5.16299009 3.16616297 -0.597274244 0.695059001 0.177158237 -0.696784019 30 1 0 0 0 0 0 0 0 0 0 0 
5.14351034 3.16582632 -0.617997348 0.695059001 0.177158237 -0.696784019 30 1 0 0 0 0 0 0 0 0 0 0 
5.14384699 3.18744993 -0.610957325 0.695059001 0.177158237 -0.696784019 30 1 0 0 0 0 0 0 0 0 0 0 
5.15894747 3.19425344 -0.595371425 0.695059001 0.177158237 -0.696784019 30 1 0 0 0 0 0 0 0 0 0 0 
5.16299009 3.16616297 -0.597274244 0.925443232 0.185488939 -0.330376714 30 1 0 0 0 0 0 0 0 0 0 0 
5.15894747 3.19425344 -0.595371425 0.925443232 0.185488939 -0.330376714 30 1 0 0 0 0 0 0 0 0 0 0 
5.16658163 3.18827248 -0.574799597 0.925443232 0.185488939 -0.330376714 30 0.99693799 29 0.00306198793 0 0 0 0 0 0 0 0 
5.17322111 3.16690111 -0.570744634 0.925443232 0.185488939 -0.330376714 30 1 0 0 0 0 0 0 0 0 0 0 
5.16299009 3.16616297 -0.597274244 0.91641438 -0.247081771 -0.314857572 30 1 0 0 0 0 0 0 0 0 0 0 
5.17322111 3.16690111 -0.570744634 0.91641438 -0.247081771 -0.314857572 30 1 0 0 0 0 0 0 0 0 0 0 
5.1656909 3.14559007 -0.573268473 0.91641438 -0.247081771 -0.314857572 30 1 0 0 0 0 0 0 0 0 0 0 
5.15778303 3.13847375 -0.593370497 0.91641438 -0.247081771 -0.314857572 30 1 0 0 0 0 0 0 0 0 0 0 
5.16299009 3.16616297 -0.597274244 0.68601948 -0.255414307 -0.681278825 30 1 0 0 0 0 0 0 0 0 0 0 
5.15778303 3.13847375 -0.593370497 0.68601948 -0.255414307 -0.681278825 30 1 0 0 0 0 0 0 0 0 0 0 
5.14295626 3.14476728 -0.6094262 0.68601948 -0.255414307 -0.681278825 30 1 0 0 0 0 0 0 0 0 0 0 
5.14351034 3.16582632 -0.617997348 0.68601948 -0.255414307 -0.681278825 30 1 0 0 0 0 0 0 0 0 0 0 
5.67129612 3.03594017 -0.295259923 0.906573057 -0.162859544 -0.389361233 33 1 0 0 0 0 0 0 0 0 0 0 
5.65664864 3.03815389 -0.333390772 0.906573057 -0.162859544 -0.389361233 33 1 0 0 0 0 0 0 0 0 0 0 
5.66426468 3.06873894 -0.325350434 0.906573057 -0.162859544 -0.389361233 33 1 0 0 0 0 0 0 0 0 0 0 
5.67897034 3.07607102 -0.29727757 0.906573057 -0.162859544 -0.389361233 33 1 0 0 0 0 0 0 0 0 0 0 
5.67129612 3.03594017 -0.295259923 0.987349987 -0.158236071 0.0100616328 33 1 0 0 0 0 0 0 0 0 0 0 
5.67897034 3.07607102 -0.29727757 0.987349987 -0.158236071 0.0100616328 33 1 0 0 0 0 0 0 0 0 0 0 
5.67636108 3.06943321 -0.265540719 0.987349987 -0.158236071 0.0100616328 33 0.990999162 32 0.00900082849 0 0 0 0 0 0 0 0 
5.67260456 3.03906941 -0.254493296 0.987349987 -0.158236071 0.0100616328 33 0.99647826 32 0.0035217125 0 0 0 0 0 0 0 0 
5.67129612 3.03594017 -0.295259923 0.842116833 -0.537509084 0.043854747 33 1 0 0 0 0 0 0 0 0 0 0 
5.67260456 3.03906941 -0.254493296 0.842116833 -0.537509084 0.043854747 33 0.99647826 32 0.0035217125 0 0 0 0 0 0 0 0 
5.65461349 3.01263976 -0.260483652 0.842116833 -0.537509084 0.043854747 33 1 0 0 0 0 0 0 0 0 0 0 
5.65028286 3.00115252 -0.290606529 0.842116833 -0.537509084 0.043854747 33 1 0 0 0 0 0 0 0 0 0 0 
5.67129612 3.03594017 -0.295259923 0.761340082 -0.542140484 -0.355591029 33 1 0 0 0 0 0 0 0 0 0 0 
5.65028286 3.00115252 -0.290606529 0.761340082 -0.542140484 -0.355591029 33 1 0 0 0 0 0 0 0 0 0 0 
5.64251804 3.01194572 -0.320293307 0.761340082 -0.542140484 -0.355591029 33 1 0 0 0 0 0 0 0 0 0 0 
5.65664864 3.03815389 -0.333390772 0.761340082 -0.542140484 -0.355591029 33 1 0 0 0 0 0 0 0 0 0 0 
5.7085042 3.09802866 0.0696105585 0.992943466 0.0245435294 -0.116020851 36 1 0 0 0 0 0 0 0 0 0 0 
5.70552397 3.09913588 0.03539785 0.992943466 0.0245435294 -0.116020851 36 1 0 0 0 0 0 0 0 0 0 0 
5.70471859 3.12553072 0.0430299453 0.992943466 0.0245435294 -0.116020851 36 1 0 0 0 0 0 0 0 0 0 0 
5.70866966 3.13238764 0.069354102 0.992943466 0.0245435294 -0.116020851 36 1 0 0 0 0 0 0 0 0 0 0 
5.7085042 3.09802866 0.0696105585 0.944759309 0.0280787535 0.326559961 36 1 0 0 0 0 0 0 0 0 0 0 
5.70866966 3.13238764 0.069354102 0.944759309 0.0280787535 0.326559961 36 1 0 0 0 0 0 0 0 0 0 0 
5.69913483 3.12594032 0.0943161547 0.944759309 0.0280787535 0.326559961 36 1 0 0 0 0 0 0 0 0 0 0 
5.6982336 3.09967089 0.102358483 0.944759309 0.0280787535 0.326559961 36 1 0 0 0 0 0 0 0 0 0 0 
5.7085042 3.09802866 0.0696105585 0.854980946 -0.407949924 0.320288181 36 1 0 0 0 0 0 0 0 0 0 0 
5.6982336 3.09967089 0.102358483 0.854980946 -0.407949924 0.320288181 36 1 0 0 0 0 0 0 0 0 0 0 
5.68873215 3.07541442 0.0935871154 0.854980946 -0.407949924 0.320288181 36 1 0 0 0 0 0 0 0 0 0 0 
5.69508791 3.06641936 0.0684022382 0.854980946 -0.407949924 0.320288181 36 1 0 0 0 0 0 0 0 0 0 0 
5.7085042 3.09802866 0.0696105585 0.90317601 -0.411481559 -0.122294843 36 1 0 0 0 0 0 0 0 0 0 0 
5.69508791 3.06641936 0.0684022382 0.90317601 -0.411481559 -0.122294843 36 1 0 0 0 0 0 0 0 0 0 0 
5.69431639 3.07500458 0.042300906 0.90317601 -0.411481559 -0.122294843 36 1 0 0 0 0 0 0 0 0 0 0 
5.70552397 3.09913588 0.03539785 0.90317601 -0.411481559 -0.122294843 36 1 0 0 0 0 0 0 0 0 0 0 
0 0.611788154 -0.559135079 -0.0428879708 0.204903454 -0.977842093 17 0.668256164 58 0.165871963 12 0.165871903 0 0 0 0 0 0 
-0.433749795 0.567849636 -0.558529496 -0.0428879708 0.204903454 -0.977842093 58 0.628787935 17 0.255924404 59 0.0628497377 12 0.0524379425 0 0 0 0 
-0.431139231 1.56755853 -0.339946985 -0.0428879708 0.204903454 -0.977842093 17 0.809482694 18 0.105168186 40 0.0627095848 58 0.0226395167 0 0 0 0 
0 1.57882488 -0.365707278 -0.0428879708 0.204903454 -0.977842093 17 0.556687534 18 0.443312436 0 0 0 0 0 0 0 0 
0 0.611788154 -0.559135079 0.0428879559 0.204903454 -0.977842093 17 0.668256164 58 0.165871963 12 0.165871903 0 0 0 0 0 0 
0 1.57882488 -0.365707278 0.0428879559 0.204903454 -0.977842093 17 0.556687534 18 0.443312436 0 0 0 0 0 0 0 0 
0.431139231 1.56755853 -0.339946985 0.0428879559 0.204903454 -0.977842093 17 0.809482992 18 0.10516838 22 0.0627091005 12 0.0226395074 0 0 0 0 
0.433749795 0.567849636 -0.558529496 0.0428879559 0.204903454 -0.977842093 12 0.628787994 17 0.255924344 13 0.0628497079 58 0.0524379425 0 0 0 0 
0 0.611788154 -0.559135079 -0.144662917 0.136035353 -0.980085194 17 0.668256164 58 0.165871963 12 0.165871903 0 0 0 0 0 0 
0.433749795 0.567849636 -0.558529496 -0.144662917 0.136035353 -0.980085194 12 0.628787994 17 0.255924344 13 0.0628497079 58 0.0524379425 0 0 0 0 
0.333681881 -0.248302877 -0.727767587 -0.144662917 0.136035353 -0.980085194 12 0.594185054 13 0.244105652 58 0.145141467 59 0.016567843 0 0 0 0 
0 -0.10945724 -0.588516891 -0.144662917 0.136035353 -0.980085194 58 0.380354345 12 0.380354255 17 0.0863193795 59 0.0764860362 13 0.0764860064 0 0 
0 0.611788154 -0.559135079 0.144662917 0.136035353 -0.980085194 17 0.668256164 58 0.165871963 12 0.165871903 0 0 0 0 0 0 
0 -0.10945724 -0.588516891 0.144662917 0.136035353 -0.980085194 58 0.380354345 12 0.380354255 17 0.0863193795 59 0.0764860362 13 0.0764860064 0 0 
-0.333681881 -0.248302877 -0.727767587 0.144662917 0.136035353 -0.980085194 58 0.594185114 59 0.244105726 12 0.145141423 13 0.0165677406 0 0 0 0 
-0.433749795 0.567849636 -0.558529496 0.144662917 0.136035353 -0.980085194 58 0.628787935 17 0.255924404 59 0.0628497377 12 0.0524379425 0 0 0 0 
0 0.85879004 0.759745359 0.20655632 0.0197545309 0.978235245 17 0.697052658 18 0.111091696 58 0.0959278792 12 0.0959277898 0 0 0 0 
0 0.281629026 0.745835841 0.20655632 0.0197545309 0.978235245 58 0.419967353 12 0.419967264 17 0.148308992 59 0.00587821892 13 0.0058781947 0 0 
0.863580108 0.127871856 0.592158854 0.20655632 0.0197545309 0.978235245 12 0.709425807 13 0.181238458 17 0.0840601921 58 0.0252755526 0 0 0 0 
0.687152207 0.85543716 0.58915478 0.20655632 0.0197545309 0.978235245 17 0.681682527 12 0.177989855 18 0.102109216 13 0.0382183902 0 0 0 0 
0 0.85879004 0.759745359 0.195731208 0.0140772574 0.980556548 17 0.697052658 18 0.111091696 58 0.0959278792 12 0.0959277898 0 0 0 0 
0.687152207 0.85543716 0.58915478 0.195731208 0.0140772574 0.980556548 17 0.681682527 12 0.177989855 18 0.102109216 13 0.0382183902 0 0 0 0 
0.661090672 1.69923365 0.615717769 0.195731208 0.0140772574 0.980556548 18 0.617510378 17 0.210907668 22 0.152051449 19 0.0194873661 12 4.31266926e-05 0 0 
0 1.64227188 0.715022743 0.195731208 0.0140772574 0.980556548 18 0.752549708 17 0.147866026 19 0.0694089904 40 0.0150879826 22 0.0150873149 0 0 
0 0.85879004 0.759745359 -0.195731208 0.0140772304 0.980556548 17 0.697052658 18 0.111091696 58 0.0959278792 12 0.0959277898 0 0 0 0 
0 1.64227188 0.715022743 -0.195731208 0.0140772304 0.980556548 18 0.752549708 17 0.147866026 19 0.0694089904 40 0.0150879826 22 0.0150873149 0 0 
-0.661090672 1.69923365 0.615717769 -0.195731208 0.0140772304 0.980556548 18 0.617509484 17 0.210907459 40 0.152052328 19 0.0194875505 58 4.31788503e-05 0 0 
-0.687152207 0.85543716 0.58915478 -0.195731208 0.0140772304 0.980556548 17 0.681682467 58 0.1779899 18 0.102109067 59 0.0382185578 0 0 0 0 
0 0.85879004 0.759745359 -0.206556305 0.019754516 0.978235245 17 0.697052658 18 0.111091696 58 0.0959278792 12 0.0959277898 0 0 0 0 
-0.687152207 0.85543716 0.58915478 -0.206556305 0.019754516 0.978235245 17 0.681682467 58 0.1779899 18 0.102109067 59 0.0382185578 0 0 0 0 
-0.863580108 0.127871856 0.592158854 -0.206556305 0.019754516 0.978235245 58 0.709425926 59 0.181238338 17 0.084060207 12 0.0252755377 0 0 0 0 
0 0.281629026 0.745835841 -0.206556305 0.019754516 0.978235245 58 0.419967353 12 0.419967264 17 0.148308992 59 0.00587821892 13 0.0058781947 0 0 
-0.0115118837 2.53413534 -0.57111752 -0.0130720343 0.263143867 -0.964668036 19 0.801786065 40 0.0802864358 22 0.0802856088 17 0.0376419015 0 0 0 0 
-0.632851839 2.56905913 -0.583497941 -0.0130720343 0.263143867 -0.964668036 40 0.756689847 19 0.169059306 17 0.0530865565 41 0.0211642925 0 0 0 0 
-0.874067307 3.37467766 -0.330144525 -0.0130720343 0.263143867 -0.964668036 40 0.849260449 41 0.129788294 19 0.0190215241 20 0.00192972063 0 0 0 0 
0.0123199169 3.04461932 -0.462516427 -0.0130720343 0.263143867 -0.964668036 19 0.920240939 20 0.028440766 22 0.0256591626 40 0.0256591216 0 0 0 0 
-0.0115118837 2.53413534 -0.57111752 0.0132091055 0.262677222 -0.964793324 19 0.801786065 40 0.0802864358 22 0.0802856088 17 0.0376419015 0 0 0 0 
0.0123199169 3.04461932 -0.462516427 0.0132091055 0.262677222 -0.964793324 19 0.920240939 20 0.028440766 22 0.0256591626 40 0.0256591216 0 0 0 0 
0.874067307 3.37467766 -0.330144525 0.0132091055 0.262677222 -0.964793324 22 0.849260151 23 0.129788548 19 0.0190212242 20 0.00193006394 0 0 0 0 
0.632851839 2.56905913 -0.583497941 0.0132091055 0.262677222 -0.964793324 22 0.75668925 19 0.16905956 17 0.0530865565 23 0.0211646147 0 0 0 0 
-0.0115118837 2.53413534 -0.57111752 0.0170721821 -0.225168243 -0.974170327 19 0.801786065 40 0.0802864358 22 0.0802856088 17 0.0376419015 0 0 0 0 
0.632851839 2.56905913 -0.583497941 0.0170721821 -0.225168243 -0.974170327 22 0.75668925 19 0.16905956 17 0.0530865565 23 0.0211646147 0 0 0 0 
0.431139231 1.56755853 -0.339946985 0.0170721821 -0.225168243 -0.974170327 17 0.809482992 18 0.10516838 22 0.0627091005 12 0.0226395074 0 0 0 0 
0 1.57882488 -0.365707278 0.0170721821 -0.225168243 -0.974170327 17 0.556687534 18 0.443312436 0 0 0 0 0 0 0 0 
-0.0115118837 2.53413534 -0.57111752 -0.0174500085 -0.225396663 -0.974110782 19 0.801786065 40 0.0802864358 22 0.0802856088 17 0.0376419015 0 0 0 0 
0 1.57882488 -0.365707278 -0.0174500085 -0.225396663 -0.974110782 17 0.556687534 18 0.443312436 0 0 0 0 0 0 0 0 
-0.431139231 1.56755853 -0.339946985 -0.0174500085 -0.225396663 -0.974110782 17 0.809482694 18 0.105168186 40 0.0627095848 58 0.0226395167 0 0 0 0 
-0.632851839 2.56905913 -0.583497941 -0.0174500085 -0.225396663 -0.974110782 40 0.756689847 19 0.169059306 17 0.0530865565 41 0.0211642925 0 0 0 0 
0 2.55147886 0.707004368 0.0890033841 -0.0375717133 0.995322526 19 0.700408816 40 0.110178761 22 0.110178217 18 0.0792342201 0 0 0 0 
0 1.64227188 0.715022743 0.0890033841 -0.0375717133 0.995322526 18 0.752549708 17 0.147866026 19 0.0694089904 40 0.0150879826 22 0.0150873149 0 0 
0.661090672 1.69923365 0.615717769 0.0890033841 -0.0375717133 0.995322526 18 0.617510378 17 0.210907668 22 0.152051449 19 0.0194873661 12 4.31266926e-05 0 0 
0.643893063 2.57641101 0.692706883 0.0890033841 -0.0375717133 0.995322526 22 0.69212836 19 0.171559528 18 0.0727720931 23 0.0592685528 17 0.00298983231 40 0.00128165341 
0 2.55147886 0.707004368 0.00777606759 0.413316727 0.910554171 19 0.700408816 40 0.110178761 22 0.110178217 18 0.0792342201 0 0 0 0 
0.643893063 2.57641101 0.692706883 0.00777606759 0.413316727 0.910554171 22 0.69212836 19 0.171559528 18 0.0727720931 23 0.0592685528 17 0.00298983231 40 0.00128165341 
0.893274009 3.38559818 0.32075417 0.00777606759 0.413316727 0.910554171 22 0.522782147 23 0.477217853 0 0 0 0 0 0 0 0 
0 3.27529168 0.380971372 0.00777606759 0.413316727 0.910554171 19 0.954551995 20 0.0277904905 40 0.00882884767 22 0.00882867631 0 0 0 0 
0 2.55147886 0.707004368 -0.00777599728 0.413316756 0.910554171 19 0.700408816 40 0.110178761 22 0.110178217 18 0.0792342201 0 0 0 0 
0 3.27529168 0.380971372 -0.00777599728 0.413316756 0.910554171 19 0.954551995 20 0.0277904905 40 0.00882884767 22 0.00882867631 0 0 0 0 
-0.893274009 3.38559818 0.32075417 -0.00777599728 0.413316756 0.910554171 40 0.522782266 41 0.477217734 0 0 0 0 0 0 0 0 
-0.643893063 2.57641101 0.692706883 -0.00777599728 0.413316756 0.910554171 40 0.692128718 19 0.171559557 18 0.072772041 41 0.0592683963 17 0.00298993639 22 0.00128133246 
0 2.55147886 0.707004368 -0.0890033841 -0.0375717059 0.995322526 19 0.700408816 40 0.110178761 22 0.110178217 18 0.0792342201 0 0 0 0 
-0.643893063 2.57641101 0.692706883 -0.0890033841 -0.0375717059 0.995322526 40 0.692128718 19 0.171559557 18 0.072772041 41 0.0592683963 17 0.00298993639 22 0.00128133246 
-0.661090672 1.69923365 0.615717769 -0.0890033841 -0.0375717059 0.995322526 18 0.617509484 17 0.210907459 40 0.152052328 19 0.0194875505 58 4.31788503e-05 0 0 
0 1.64227188 0.715022743 -0.0890033841 -0.0375717059 0.995322526 18 0.752549708 17 0.147866026 19 0.0694089904 40 0.0150879826 22 0.0150873149 0 0 
0 3.50259137 0.299592614 0.0443613715 0.495605767 0.867414057 19 0.742943466 20 0.177124754 21 0.0799317658 0 0 0 0 0 0 
0 3.27529168 0.380971372 0.0443613715 0.495605767 0.867414057 19 0.954551995 20 0.0277904905 40 0.00882884767 22 0.00882867631 0 0 0 0 
0.893274009 3.38559818 0.32075417 0.0443613715 0.495605767 0.867414057 22 0.522782147 23 0.477217853 0 0 0 0 0 0 0 0 
0.532141268 3.50174284 0.224371582 0.0443613715 0.495605767 0.867414057 22 0.3619259 19 0.207730636 23 0.195393443 20 0.154721349 21 0.0802286714 0 0 
0 3.50259137 0.299592614 0.174147978 0.207371935 0.962636709 19 0.742943466 20 0.177124754 21 0.0799317658 0 0 0 0 0 0 
0.532141268 3.50174284 0.224371582 0.174147978 0.207371935 0.962636709 22 0.3619259 19 0.207730636 23 0.195393443 20 0.154721349 21 0.0802286714 0 0 
0.290681988 3.62834311 0.219916463 0.174147978 0.207371935 0.962636709 20 0.430819303 19 0.219036043 21 0.210297823 22 0.0912391096 23 0.0486077145 0 0 
0 3.62852001 0.293329537 0.174147978 0.207371935 0.962636709 20 0.507262766 19 0.286674142 21 0.206063092 0 0 0 0 0 0 
0 3.50259137 0.299592614 -0.174148127 0.20737198 0.96263659 19 0.742943466 20 0.177124754 21 0.0799317658 0 0 0 0 0 0 
0 3.62852001 0.293329537 -0.174148127 0.20737198 0.96263659 20 0.507262766 19 0.286674142 21 0.206063092 0 0 0 0 0 0 
-0.290681988 3.62834311 0.219916463 -0.174148127 0.20737198 0.96263659 20 0.430819333 19 0.219036058 21 0.210297868 40 0.0912391618 41 0.0486075878 0 0 
-0.532141268 3.50174284 0.224371582 -0.174148127 0.20737198 0.96263659 40 0.3619259 19 0.207730785 41 0.19539322 20 0.154721454 21 0.080228664 0 0 
0 3.50259137 0.299592614 -0.0443614684 0.495605707 0.867414057 19 0.742943466 20 0.177124754 21 0.0799317658 0 0 0 0 0 0 
-0.532141268 3.50174284 0.224371582 -0.0443614684 0.495605707 0.867414057 40 0.3619259 19 0.207730785 41 0.19539322 20 0.154721454 21 0.080228664 0 0 
-0.893274009 3.38559818 0.32075417 -0.0443614684 0.495605707 0.867414057 40 0.522782266 41 0.477217734 0 0 0 0 0 0 0 0 
0 3.27529168 0.380971372 -0.0443614684 0.495605707 0.867414057 19 0.954551995 20 0.0277904905 40 0.00882884767 22 0.00882867631 0 0 0 0 
4.53730392 3.04688334 -0.0495430417 0.0365331918 -0.998062491 0.0503650941 25 1 0 0 0 0 0 0 0 0 0 0 
4.71671486 3.04906273 -0.0963333473 0.0365331918 -0.998062491 0.0503650941 25 0.630984604 28 0.369015366 0 0 0 0 0 0 0 0 
4.87859774 3.06616378 0.0849663466 0.0365331918 -0.998062491 0.0503650941 37 0.747876704 34 0.252123296 0 0 0 0 0 0 0 0 
4.58362961 3.05470729 0.112057231 0.0365331918 -0.998062491 0.0503650941 25 0.937383354 37 0.0479271784 26 0.0146894818 0 0 0 0 0 0 
4.53730392 3.04688334 -0.0495430417 -0.00123082648 -0.990343392 0.138630539 25 1 0 0 0 0 0 0 0 0 0 0 
4.58362961 3.05470729 0.112057231 -0.00123082648 -0.990343392 0.138630539 25 0.937383354 37 0.0479271784 26 0.0146894818 0 0 0 0 0 0 
4.33926535 3.07637501 0.159380302 -0.00123082648 -0.990343392 0.138630539 25 0.784624875 24 0.178309858 26 0.0370652974 0 0 0 0 0 0 
4.33570194 3.03772855 -0.0114376526 -0.00123082648 -0.990343392 0.138630539 25 0.818217874 24 0.181782141 0 0 0 0 0 0 0 0 
4.53730392 3.04688334 -0.0495430417 -0.0240230486 -0.9669258 -0.253924251 25 1 0 0 0 0 0 0 0 0 0 0 
4.33570194 3.03772855 -0.0114376526 -0.0240230486 -0.9669258 -0.253924251 25 0.818217874 24 0.181782141 0 0 0 0 0 0 0 0 
4.3318615 3.07906032 -0.152635306 -0.0240230486 -0.9669258 -0.253924251 25 0.782800078 24 0.217199937 0 0 0 0 0 0 0 0 
4.49353218 3.08168197 -0.193740666 -0.0240230486 -0.9669258 -0.253924251 25 0.807377636 28 0.133003235 24 0.0596191175 0 0 0 0 0 0 
4.53730392 3.04688334 -0.0495430417 -0.0851370916 -0.987113774 -0.135492265 25 1 0 0 0 0 0 0 0 0 0 0 
4.49353218 3.08168197 -0.193740666 -0.0851370916 -0.987113774 -0.135492265 25 0.807377636 28 0.133003235 24 0.0596191175 0 0 0 0 0 0 
4.64709139 3.06756139 -0.269174784 -0.0851370916 -0.987113774 -0.135492265 28 0.902460515 25 0.0975394621 0 0 0 0 0 0 0 0 
4.71671486 3.04906273 -0.0963333473 -0.0851370916 -0.987113774 -0.135492265 25 0.630984604 28 0.369015366 0 0 0 0 0 0 0 0 
-4.47997332 3.19514871 -0.244434446 0.253412813 -0.380111575 -0.889548779 43 0.69026649 46 0.240393668 42 0.0693398491 0 0 0 0 0 0 
-4.3299408 3.21121383 -0.202487111 0.253412813 -0.380111575 -0.889548779 43 0.72391063 42 0.229059219 46 0.0470301323 0 0 0 0 0 0 
-4.3318615 3.07906032 -0.152635306 0.253412813 -0.380111575 -0.889548779 43 0.76617986 42 0.207309708 46 0.0265104156 0 0 0 0 0 0 
-4.49353218 3.08168197 -0.193740666 0.253412813 -0.380111575 -0.889548779 43 0.751619101 46 0.196282342 42 0.0520985723 0 0 0 0 0 0 
-4.47997332 3.19514871 -0.244434446 0.44236657 -0.426439703 -0.788961947 43 0.69026649 46 0.240393668 42 0.0693398491 0 0 0 0 0 0 
-4.49353218 3.08168197 -0.193740666 0.44236657 -0.426439703 -0.788961947 43 0.751619101 46 0.196282342 42 0.0520985723 0 0 0 0 0 0 
-4.64709139 3.06756139 -0.269174784 0.44236657 -0.426439703 -0.788961947 46 0.855081618 43 0.144918367 0 0 0 0 0 0 0 0 
-4.60868835 3.174263 -0.308349073 0.44236657 -0.426439703 -0.788961947 46 0.836641431 43 0.163358569 0 0 0 0 0 0 0 0 
-4.47997332 3.19514871 -0.244434446 0.412001282 0.255009264 -0.874771535 43 0.69026649 46 0.240393668 42 0.0693398491 0 0 0 0 0 0 
-4.60868835 3.174263 -0.308349073 0.412001282 0.255009264 -0.874771535 46 0.836641431 43 0.163358569 0 0 0 0 0 0 0 0 
-4.64127922 3.26955128 -0.298717082 0.412001282 0.255009264 -0.874771535 46 0.848521411 43 0.146617174 49 0.00486142281 0 0 0 0 0 0 
-4.53212929 3.30478454 -0.234242082 0.412001282 0.255009264 -0.874771535 43 0.59615618 46 0.334519714 42 0.0637355521 49 0.00558854826 0 0 0 0 
-4.47997332 3.19514871 -0.244434446 0.278578401 0.291381836 -0.915145278 43 0.69026649 46 0.240393668 42 0.0693398491 0 0 0 0 0 0 
-4.53212929 3.30478454 -0.234242082 0.278578401 0.291381836 -0.915145278 43 0.59615618 46 0.334519714 42 0.0637355521 49 0.00558854826 0 0 0 0 
-4.37161016 3.36050844 -0.158797622 0.278578401 0.291381836 -0.915145278 43 0.78705138 42 0.191724092 46 0.0212245192 0 0 0 0 0 0 
-4.3299408 3.21121383 -0.202487111 0.278578401 0.291381836 -0.915145278 43 0.72391063 42 0.229059219 46 0.0470301323 0 0 0 0 0 0 
4.47997332 3.19514871 -0.244434446 -0.253412873 -0.380111694 -0.889548779 25 0.767766476 28 0.15156275 24 0.080670774 0 0 0 0 0 0 
4.49353218 3.08168197 -0.193740666 -0.253412873 -0.380111694 -0.889548779 25 0.807377636 28 0.133003235 24 0.0596191175 0 0 0 0 0 0 
4.3318615 3.07906032 -0.152635306 -0.253412873 -0.380111694 -0.889548779 25 0.782800078 24 0.217199937 0 0 0 0 0 0 0 0 
4.3299408 3.21121383 -0.202487111 -0.253412873 -0.380111694 -0.889548779 25 0.753046215 24 0.243629336 28 0.00332445512 0 0 0 0 0 0 
4.47997332 3.19514871 -0.244434446 -0.278578073 0.291381449 -0.915145457 25 0.767766476 28 0.15156275 24 0.080670774 0 0 0 0 0 0 
4.3299408 3.21121383 -0.202487111 -0.278578073 0.291381449 -0.915145457 25 0.753046215 24 0.243629336 28 0.00332445512 0 0 0 0 0 0 
4.37161016 3.36050844 -0.158797622 -0.278578073 0.291381449 -0.915145457 25 0.796315312 24 0.203684703 0 0 0 0 0 0 0 0 
4.53212929 3.30478454 -0.234242082 -0.278578073 0.291381449 -0.915145457 25 0.731209278 28 0.181626022 24 0.0871647373 0 0 0 0 0 0 
4.47997332 3.19514871 -0.244434446 -0.412001669 0.255009383 -0.874771357 25 0.767766476 28 0.15156275 24 0.080670774 0 0 0 0 0 0 
4.53212929 3.30478454 -0.234242082 -0.412001669 0.255009383 -0.874771357 25 0.731209278 28 0.181626022 24 0.0871647373 0 0 0 0 0 0 
4.64127922 3.26955128 -0.298717082 -0.412001669 0.255009383 -0.874771357 28 0.867328048 25 0.132671967 0 0 0 0 0 0 0 0 
4.60868835 3.174263 -0.308349073 -0.412001669 0.255009383 -0.874771357 28 0.844675958 25 0.155324057 0 0 0 0 0 0 0 0 
4.47997332 3.19514871 -0.244434446 -0.442366779 -0.426439852 -0.788961887 25 0.767766476 28 0.15156275 24 0.080670774 0 0 0 0 0 0 
4.60868835 3.174263 -0.308349073 -0.442366779 -0.426439852 -0.788961887 28 0.844675958 25 0.155324057 0 0 0 0 0 0 0 0 
4.64709139 3.06756139 -0.269174784 -0.442366779 -0.426439852 -0.788961887 28 0.902460515 25 0.0975394621 0 0 0 0 0 0 0 0 
4.49353218 3.08168197 -0.193740666 -0.442366779 -0.426439852 -0.788961887 25 0.807377636 28 0.133003235 24 0.0596191175 0 0 0 0 0 0 
4.69064379 3.32808924 -0.19578132 0.129502192 0.986543417 -0.0998067483 28 0.522019088 25 0.477980882 0 0 0 0 0 0 0 0 
4.6355691 3.35281968 -0.098287262 0.129502192 0.986543417 -0.0998067483 25 0.926791012 28 0.0732090026 0 0 0 0 0 0 0 0 
4.99214602 3.3024857 -0.0576538779 0.129502192 0.986543417 -0.0998067483 31 0.534927428 34 0.465072602 0 0 0 0 0 0 0 0 
4.91891432 3.30924225 -0.161383271 0.129502192 0.986543417 -0.0998067483 31 0.719102979 28 0.269031644 34 0.0118653821 0 0 0 0 0 0 
4.69064379 3.32808924 -0.19578132 0.164128616 0.916460693 -0.364913136 28 0.522019088 25 0.477980882 0 0 0 0 0 0 0 0 
4.91891432 3.30924225 -0.161383271 0.164128616 0.916460693 -0.364913136 31 0.719102979 28 0.269031644 34 0.0118653821 0 0 0 0 0 0 
4.88300896 3.28060699 -0.228509113 0.164128616 0.916460693 -0.364913136 31 0.625545681 28 0.374454319 0 0 0 0 0 0 0 0 
4.74065065 3.30099535 -0.262274206 0.164128616 0.916460693 -0.364913136 28 0.800267398 31 0.146393716 25 0.0533388928 0 0 0 0 0 0 
4.69064379 3.32808924 -0.19578132 -0.0480687059 0.877995551 -0.476249278 28 0.522019088 25 0.477980882 0 0 0 0 0 0 0 0 
4.74065065 3.30099535 -0.262274206 -0.0480687059 0.877995551 -0.476249278 28 0.800267398 31 0.146393716 25 0.0533388928 0 0 0 0 0 0 
4.64127922 3.26955128 -0.298717082 -0.0480687059 0.877995551 -0.476249278 28 0.867328048 25 0.132671967 0 0 0 0 0 0 0 0 
4.53212929 3.30478454 -0.234242082 -0.0480687059 0.877995551 -0.476249278 25 0.731209278 28 0.181626022 24 0.0871647373 0 0 0 0 0 0 
4.69064379 3.32808924 -0.19578132 0.0517616756 0.928593695 -0.367470413 28 0.522019088 25 0.477980882 0 0 0 0 0 0 0 0 
4.53212929 3.30478454 -0.234242082 0.0517616756 0.928593695 -0.367470413 25 0.731209278 28 0.181626022 24 0.0871647373 0 0 0 0 0 0 
4.37161016 3.36050844 -0.158797622 0.0517616756 0.928593695 -0.367470413 25 0.796315312 24 0.203684703 0 0 0 0 0 0 0 0 
4.6355691 3.35281968 -0.098287262 0.0517616756 0.928593695 -0.367470413 25 0.926791012 28 0.0732090026 0 0 0 0 0 0 0 0 
-4.69064379 3.32808924 -0.19578132 -0.164128616 0.916460693 -0.364913136 46 0.620486856 43 0.286229312 49 0.0932838321 0 0 0 0 0 0 
-4.74065065 3.30099535 -0.262274206 -0.164128616 0.916460693 -0.364913136 46 0.794265568 49 0.109985687 43 0.0957487375 0 0 0 0 0 0 
-4.88300896 3.28060699 -0.228509113 -0.164128616 0.916460693 -0.364913136 49 0.597878575 46 0.343208671 52 0.0589127652 0 0 0 0 0 0 
-4.91891432 3.30924225 -0.161383271 -0.164128616 0.916460693 -0.364913136 49 0.623229146 52 0.18178463 46 0.168339923 43 0.0266463198 0 0 0 0 
-4.69064379 3.32808924 -0.19578132 -0.129502192 0.986543357 -0.099806875 46 0.620486856 43 0.286229312 49 0.0932838321 0 0 0 0 0 0 
-4.91891432 3.30924225 -0.161383271 -0.129502192 0.986543357 -0.099806875 49 0.623229146 52 0.18178463 46 0.168339923 43 0.0266463198 0 0 0 0 
-4.99214602 3.3024857 -0.0576538779 -0.129502192 0.986543357 -0.099806875 52 0.699638784 49 0.218848571 55 0.0802280754 46 0.00128458813 0 0 0 0 
-4.6355691 3.35281968 -0.098287262 -0.129502192 0.986543357 -0.099806875 43 0.718365788 46 0.211327597 49 0.0273008943 52 0.0256460719 44 0.0161057133 55 0.00125392922 
-4.69064379 3.32808924 -0.19578132 -0.0517616831 0.928593814 -0.367470294 46 0.620486856 43 0.286229312 49 0.0932838321 0 0 0 0 0 0 
-4.6355691 3.35281968 -0.098287262 -0.0517616831 0.928593814 -0.367470294 43 0.718365788 46 0.211327597 49 0.0273008943 52 0.0256460719 44 0.0161057133 55 0.00125392922 
-4.37161016 3.36050844 -0.158797622 -0.0517616831 0.928593814 -0.367470294 43 0.78705138 42 0.191724092 46 0.0212245192 0 0 0 0 0 0 
-4.53212929 3.30478454 -0.234242082 -0.0517616831 0.928593814 -0.367470294 43 0.59615618 46 0.334519714 42 0.0637355521 49 0.00558854826 0 0 0 0 
-4.69064379 3.32808924 -0.19578132 0.0480687059 0.877995551 -0.476249278 46 0.620486856 43 0.286229312 49 0.0932838321 0 0 0 0 0 0 
-4.53212929 3.30478454 -0.234242082 0.0480687059 0.877995551 -0.476249278 43 0.59615618 46 0.334519714 42 0.0637355521 49 0.00558854826 0 0 0 0 
-4.64127922 3.26955128 -0.298717082 0.0480687059 0.877995551 -0.476249278 46 0.848521411 43 0.146617174 49 0.00486142281 0 0 0 0 0 0 
-4.74065065 3.30099535 -0.262274206 0.0480687059 0.877995551 -0.476249278 46 0.794265568 49 0.109985687 43 0.0957487375 0 0 0 0 0 0 
-4.39803267 3.23511219 0.237119764 0.693399906 -0.121644258 0.710210741 43 0.562203825 44 0.306327283 42 0.131468862 0 0 0 0 0 0 
-4.45948267 3.20152783 0.304428816 0.693399906 -0.121644258 0.710210741 44 0.768762589 43 0.194564983 42 0.0366724357 0 0 0 0 0 0 
-4.49677801 3.06593561 0.304551512 0.693399906 -0.121644258 0.710210741 44 0.801650405 43 0.183660895 55 0.0146886772 0 0 0 0 0 0 
-4.39776707 3.07545829 0.222580627 0.693399906 -0.121644258 0.710210741 43 0.541195929 44 0.366509497 42 0.0713963658 55 0.0208982397 0 0 0 0 
-4.39803267 3.23511219 0.237119764 0.512734532 -0.216990888 0.830673397 43 0.562203825 44 0.306327283 42 0.131468862 0 0 0 0 0 0 
-4.39776707 3.07545829 0.222580627 0.512734532 -0.216990888 0.830673397 43 0.541195929 44 0.366509497 42 0.0713963658 55 0.0208982397 0 0 0 0 
-4.33926535 3.07637501 0.159380302 0.512734532 -0.216990888 0.830673397 43 0.769164324 42 0.156033516 44 0.0748021677 0 0 0 0 0 0 
-4.29039717 3.22709799 0.195918202 0.512734532 -0.216990888 0.830673397 43 0.628274381 42 0.289705068 44 0.0820205733 0 0 0 0 0 0 
-4.39803267 3.23511219 0.237119764 0.398004115 0.276016831 0.874875724 43 0.562203825 44 0.306327283 42 0.131468862 0 0 0 0 0 0 
-4.29039717 3.22709799 0.195918202 0.398004115 0.276016831 0.874875724 43 0.628274381 42 0.289705068 44 0.0820205733 0 0 0 0 0 0 
-4.33229923 3.37385273 0.163444296 0.398004115 0.276016831 0.874875724 43 0.477160543 42 0.440327048 44 0.082512401 0 0 0 0 0 0 
-4.43144321 3.32183957 0.23019357 0.398004115 0.276016831 0.874875724 43 0.415441215 44 0.411301434 42 0.173257381 0 0 0 0 0 0 
-4.39803267 3.23511219 0.237119764 0.45977217 0.386243492 0.799640834 43 0.562203825 44 0.306327283 42 0.131468862 0 0 0 0 0 0 
-4.43144321 3.32183957 0.23019357 0.45977217 0.386243492 0.799640834 43 0.415441215 44 0.411301434 42 0.173257381 0 0 0 0 0 0 
-4.49939251 3.2460475 0.290116847 0.45977217 0.386243492 0.799640834 44 0.814251781 43 0.148188055 42 0.0375601761 0 0 0 0 0 0 
-4.45948267 3.20152783 0.304428816 0.45977217 0.386243492 0.799640834 44 0.768762589 43 0.194564983 42 0.0366724357 0 0 0 0 0 0 
4.39803267 3.23511219 0.237119764 -0.693399489 -0.121644378 0.710211158 25 0.619832218 26 0.219360247 24 0.160807535 0 0 0 0 0 0 
4.39776707 3.07545829 0.222580627 -0.693399489 -0.121644378 0.710211158 25 0.549167991 26 0.323650748 24 0.127181262 0 0 0 0 0 0 
4.49677801 3.06593561 0.304551512 -0.693399489 -0.121644378 0.710211158 26 0.877411723 25 0.122588299 0 0 0 0 0 0 0 0 
4.45948267 3.20152783 0.304428816 -0.693399489 -0.121644378 0.710211158 26 0.795511842 25 0.188214257 24 0.0162738953 0 0 0 0 0 0 
4.39803267 3.23511219 0.237119764 -0.459771097 0.386242986 0.799641728 25 0.619832218 26 0.219360247 24 0.160807535 0 0 0 0 0 0 
4.45948267 3.20152783 0.304428816 -0.459771097 0.386242986 0.799641728 26 0.795511842 25 0.188214257 24 0.0162738953 0 0 0 0 0 0 
4.49939251 3.2460475 0.290116847 -0.459771097 0.386242986 0.799641728 26 0.825267792 25 0.157114848 24 0.0176173765 0 0 0 0 0 0 
4.43144321 3.32183957 0.23019357 -0.459771097 0.386242986 0.799641728 25 0.498877704 26 0.276479721 24 0.22464259 0 0 0 0 0 0 
4.39803267 3.23511219 0.237119764 -0.398003399 0.276016295 0.874876142 25 0.619832218 26 0.219360247 24 0.160807535 0 0 0 0 0 0 
4.43144321 3.32183957 0.23019357 -0.398003399 0.276016295 0.874876142 25 0.498877704 26 0.276479721 24 0.22464259 0 0 0 0 0 0 
4.33229923 3.37385273 0.163444296 -0.398003399 0.276016295 0.874876142 25 0.5017308 24 0.474232256 26 0.0240369495 0 0 0 0 0 0 
4.29039717 3.22709799 0.195918202 -0.398003399 0.276016295 0.874876142 25 0.646977305 24 0.311244726 26 0.0417779721 0 0 0 0 0 0 
4.39803267 3.23511219 0.237119764 -0.512733817 -0.216990784 0.830673814 25 0.619832218 26 0.219360247 24 0.160807535 0 0 0 0 0 0 
4.29039717 3.22709799 0.195918202 -0.512733817 -0.216990784 0.830673814 25 0.646977305 24 0.311244726 26 0.0417779721 0 0 0 0 0 0 
4.33926535 3.07637501 0.159380302 -0.512733817 -0.216990784 0.830673814 25 0.784624875 24 0.178309858 26 0.0370652974 0 0 0 0 0 0 
4.39776707 3.07545829 0.222580627 -0.512733817 -0.216990784 0.830673814 25 0.549167991 26 0.323650748 24 0.127181262 0 0 0 0 0 0 
-4.60485077 3.05975366 0.214958951 -0.133838996 -0.967081606 -0.216426224 44 0.564161658 43 0.294047773 55 0.141790569 0 0 0 0 0 0 
-4.61941242 3.01229167 0.293272495 -0.133838996 -0.967081606 -0.216426224 44 0.77251929 55 0.115479842 43 0.112000853 0 0 0 0 0 0 
-4.74486589 3.06583667 0.274363577 -0.133838996 -0.967081606 -0.216426224 55 0.634750605 44 0.313164204 43 0.0294973124 52 0.0225878581 0 0 0 0 
-4.7760129 3.05622625 0.193796262 -0.133838996 -0.967081606 -0.216426224 55 0.641539872 44 0.149068236 52 0.146258518 43 0.0631333813 0 0 0 0 
-4.60485077 3.05975366 0.214958951 -0.0152206579 -0.999735415 -0.0172456577 44 0.564161658 43 0.294047773 55 0.141790569 0 0 0 0 0 0 
-4.7760129 3.05622625 0.193796262 -0.0152206579 -0.999735415 -0.0172456577 55 0.641539872 44 0.149068236 52 0.146258518 43 0.0631333813 0 0 0 0 
-4.87859774 3.06616378 0.0849663466 -0.0152206579 -0.999735415 -0.0172456577 52 0.665933967 55 0.241722807 43 0.0523162037 49 0.0400270112 0 0 0 0 
-4.58362961 3.05470729 0.112057231 -0.0152206579 -0.999735415 -0.0172456577 43 0.74827981 44 0.170087591 55 0.0560498945 52 0.0255827252 0 0 0 0 
-4.60485077 3.05975366 0.214958951 0.0750037655 -0.995331347 0.0607445985 44 0.564161658 43 0.294047773 55 0.141790569 0 0 0 0 0 0 
-4.58362961 3.05470729 0.112057231 0.0750037655 -0.995331347 0.0607445985 43 0.74827981 44 0.170087591 55 0.0560498945 52 0.0255827252 0 0 0 0 
-4.33926535 3.07637501 0.159380302 0.0750037655 -0.995331347 0.0607445985 43 0.769164324 42 0.156033516 44 0.0748021677 0 0 0 0 0 0 
-4.39776707 3.07545829 0.222580627 0.0750037655 -0.995331347 0.0607445985 43 0.541195929 44 0.366509497 42 0.0713963658 55 0.0208982397 0 0 0 0 
-4.60485077 3.05975366 0.214958951 0.212494388 -0.958474278 -0.190192208 44 0.564161658 43 0.294047773 55 0.141790569 0 0 0 0 0 0 
-4.39776707 3.07545829 0.222580627 0.212494388 -0.958474278 -0.190192208 43 0.541195929 44 0.366509497 42 0.0713963658 55 0.0208982397 0 0 0 0 
-4.49677801 3.06593561 0.304551512 0.212494388 -0.958474278 -0.190192208 44 0.801650405 43 0.183660895 55 0.0146886772 0 0 0 0 0 0 
-4.61941242 3.01229167 0.293272495 0.212494388 -0.958474278 -0.190192208 44 0.77251929 55 0.115479842 43 0.112000853 0 0 0 0 0 0 
4.60485077 3.05975366 0.214958951 0.133838713 -0.967081785 -0.216425955 26 0.413715601 37 0.342140049 25 0.24414432 0 0 0 0 0 0 
4.7760129 3.05622625 0.193796262 0.133838713 -0.967081785 -0.216425955 37 0.956430376 26 0.0435696132 0 0 0 0 0 0 0 0 
4.74486589 3.06583667 0.274363577 0.133838713 -0.967081785 -0.216425955 37 0.731483161 26 0.268516839 0 0 0 0 0 0 0 0 
4.61941242 3.01229167 0.293272495 0.133838713 -0.967081785 -0.216425955 26 0.792892039 37 0.207107961 0 0 0 0 0 0 0 0 
4.60485077 3.05975366 0.214958951 -0.212494388 -0.958474278 -0.190192208 26 0.413715601 37 0.342140049 25 0.24414432 0 0 0 0 0 0 
4.61941242 3.01229167 0.293272495 -0.212494388 -0.958474278 -0.190192208 26 0.792892039 37 0.207107961 0 0 0 0 0 0 0 0 
4.49677801 3.06593561 0.304551512 -0.212494388 -0.958474278 -0.190192208 26 0.877411723 25 0.122588299 0 0 0 0 0 0 0 0 
4.39776707 3.07545829 0.222580627 -0.212494388 -0.958474278 -0.190192208 25 0.549167991 26 0.323650748 24 0.127181262 0 0 0 0 0 0 
4.60485077 3.05975366 0.214958951 -0.0750037655 -0.995331347 0.0607445315 26 0.413715601 37 0.342140049 25 0.24414432 0 0 0 0 0 0 
4.39776707 3.07545829 0.222580627 -0.0750037655 -0.995331347 0.0607445315 25 0.549167991 26 0.323650748 24 0.127181262 0 0 0 0 0 0 
4.33926535 3.07637501 0.159380302 -0.0750037655 -0.995331347 0.0607445315 25 0.784624875 24 0.178309858 26 0.0370652974 0 0 0 0 0 0 
4.58362961 3.05470729 0.112057231 -0.0750037655 -0.995331347 0.0607445315 25 0.937383354 37 0.0479271784 26 0.0146894818 0 0 0 0 0 0 
4.60485077 3.05975366 0.214958951 0.0152203459 -0.999735475 -0.0172456596 26 0.413715601 37 0.342140049 25 0.24414432 0 0 0 0 0 0 
4.58362961 3.05470729 0.112057231 0.0152203459 -0.999735475 -0.0172456596 25 0.937383354 37 0.0479271784 26 0.0146894818 0 0 0 0 0 0 
4.87859774 3.06616378 0.0849663466 0.0152203459 -0.999735475 -0.0172456596 37 0.747876704 34 0.252123296 0 0 0 0 0 0 0 0 
4.7760129 3.05622625 0.193796262 0.0152203459 -0.999735475 -0.0172456596 37 0.956430376 26 0.0435696132 0 0 0 0 0 0 0 0 
4.81950951 3.05101681 -0.1230115 0.276432604 -0.960810661 -0.0206850432 28 0.535227358 31 0.464772642 0 0 0 0 0 0 0 0 
4.89251471 3.05615044 -0.14380756 0.276432604 -0.960810661 -0.0206850432 31 0.723239362 28 0.182942137 34 0.0938185155 0 0 0 0 0 0 
4.95504379 3.08925271 -0.0877840444 0.276432604 -0.960810661 -0.0206850432 31 0.718249321 34 0.281750679 0 0 0 0 0 0 0 0 
4.9091301 3.05829263 -0.0212656017 0.276432604 -0.960810661 -0.0206850432 34 0.457226068 31 0.43547529 37 0.10729865 0 0 0 0 0 0 
4.81950951 3.05101681 -0.1230115 0.0219370052 -0.997550726 0.0664188489 28 0.535227358 31 0.464772642 0 0 0 0 0 0 0 0 
4.9091301 3.05829263 -0.0212656017 0.0219370052 -0.997550726 0.0664188489 34 0.457226068 31 0.43547529 37 0.10729865 0 0 0 0 0 0 
4.87859774 3.06616378 0.0849663466 0.0219370052 -0.997550726 0.0664188489 37 0.747876704 34 0.252123296 0 0 0 0 0 0 0 0 
4.71671486 3.04906273 -0.0963333473 0.0219370052 -0.997550726 0.0664188489 25 0.630984604 28 0.369015366 0 0 0 0 0 0 0 0 
4.81950951 3.05101681 -0.1230115 -0.062026348 -0.997284055 -0.0397149362 28 0.535227358 31 0.464772642 0 0 0 0 0 0 0 0 
4.71671486 3.04906273 -0.0963333473 -0.062026348 -0.997284055 -0.0397149362 25 0.630984604 28 0.369015366 0 0 0 0 0 0 0 0 
4.64709139 3.06756139 -0.269174784 -0.062026348 -0.997284055 -0.0397149362 28 0.902460515 25 0.0975394621 0 0 0 0 0 0 0 0 
4.76881409 3.0515151 -0.23928538 -0.062026348 -0.997284055 -0.0397149362 28 0.912680149 31 0.0873198658 0 0 0 0 0 0 0 0 
4.81950951 3.05101681 -0.1230115 0.158402562 -0.974666357 -0.157905266 28 0.535227358 31 0.464772642 0 0 0 0 0 0 0 0 
4.76881409 3.0515151 -0.23928538 0.158402562 -0.974666357 -0.157905266 28 0.912680149 31 0.0873198658 0 0 0 0 0 0 0 0 
4.85644913 3.07294083 -0.221282482 0.158402562 -0.974666357 -0.157905266 31 0.554651082 28 0.445348918 0 0 0 0 0 0 0 0 
4.89251471 3.05615044 -0.14380756 0.158402562 -0.974666357 -0.157905266 31 0.723239362 28 0.182942137 34 0.0938185155 0 0 0 0 0 0 
-4.81950951 3.05101681 -0.1230115 -0.0219370071 -0.997550726 0.0664186403 49 0.568096399 43 0.173226327 46 0.140885964 52 0.11779131 0 0 0 0 
-4.71671486 3.04906273 -0.0963333473 -0.0219370071 -0.997550726 0.0664186403 43 0.602543294 49 0.161531806 46 0.137964517 52 0.0940245613 55 0.00393581577 0 0 
-4.87859774 3.06616378 0.0849663466 -0.0219370071 -0.997550726 0.0664186403 52 0.665933967 55 0.241722807 43 0.0523162037 49 0.0400270112 0 0 0 0 
-4.9091301 3.05829263 -0.0212656017 -0.0219370071 -0.997550726 0.0664186403 52 0.678195953 49 0.243015766 55 0.0582073443 43 0.0205809157 0 0 0 0 
-4.81950951 3.05101681 -0.1230115 -0.276432604 -0.960810661 -0.0206850432 49 0.568096399 43 0.173226327 46 0.140885964 52 0.11779131 0 0 0 0 
-4.9091301 3.05829263 -0.0212656017 -0.276432604 -0.960810661 -0.0206850432 52 0.678195953 49 0.243015766 55 0.0582073443 43 0.0205809157 0 0 0 0 
-4.95504379 3.08925271 -0.0877840444 -0.276432604 -0.960810661 -0.0206850432 49 0.637633801 52 0.362366199 0 0 0 0 0 0 0 0 
-4.89251471 3.05615044 -0.14380756 -0.276432604 -0.960810661 -0.0206850432 49 0.747837007 46 0.101452954 52 0.0995086208 43 0.0512014292 0 0 0 0 
-4.81950951 3.05101681 -0.1230115 -0.158402592 -0.974666595 -0.157904372 49 0.568096399 43 0.173226327 46 0.140885964 52 0.11779131 0 0 0 0 
-4.89251471 3.05615044 -0.14380756 -0.158402592 -0.974666595 -0.157904372 49 0.747837007 46 0.101452954 52 0.0995086208 43 0.0512014292 0 0 0 0 
-4.85644913 3.07294083 -0.221282482 -0.158402592 -0.974666595 -0.157904372 49 0.600403249 46 0.374498695 43 0.013821614 52 0.0112764556 0 0 0 0 
-4.76881409 3.0515151 -0.23928538 -0.158402592 -0.974666595 -0.157904372 46 0.755117714 49 0.181603283 43 0.0632790253 0 0 0 0 0 0 
-4.81950951 3.05101681 -0.1230115 0.0620249733 -0.997284174 -0.0397149399 49 0.568096399 43 0.173226327 46 0.140885964 52 0.11779131 0 0 0 0 
-4.76881409 3.0515151 -0.23928538 0.0620249733 -0.997284174 -0.0397149399 46 0.755117714 49 0.181603283 43 0.0632790253 0 0 0 0 0 0 
-4.64709139 3.06756139 -0.269174784 0.0620249733 -0.997284174 -0.0397149399 46 0.855081618 43 0.144918367 0 0 0 0 0 0 0 0 
-4.71671486 3.04906273 -0.0963333473 0.0620249733 -0.997284174 -0.0397149399 43 0.602543294 49 0.161531806 46 0.137964517 52 0.0940245613 55 0.00393581577 0 0 
1.30977583 -4.57104778 0.0664830953 0.934227824 -0.0385074094 0.354592115 14 1 0 0 0 0 0 0 0 0 0 0 
1.23282731 -4.55448246 0.273904532 0.934227824 -0.0385074094 0.354592115 14 1 0 0 0 0 0 0 0 0 0 0 
1.23581815 -4.70611048 0.246668905 0.934227824 -0.0385074094 0.354592115 14 1 0 0 0 0 0 0 0 0 0 0 
1.30992937 -4.77401304 0.0469268784 0.934227824 -0.0385074094 0.354592115 14 1 0 0 0 0 0 0 0 0 0 0 
1.30977583 -4.57104778 0.0664830953 0.956855655 0.0262855571 -0.289372534 14 1 0 0 0 0 0 0 0 0 0 0 
1.30992937 -4.77401304 0.0469268784 0.956855655 0.0262855571 -0.289372534 14 1 0 0 0 0 0 0 0 0 0 0 
1.24900484 -4.8259201 -0.157616973 0.956855655 0.0262855571 -0.289372534 14 0.999703646 15 0.000296330283 0 0 0 0 0 0 0 0 
1.24646282 -4.58698177 -0.145945549 0.956855655 0.0262855571 -0.289372534 14 1 0 0 0 0 0 0 0 0 0 0 
1.30977583 -4.57104778 0.0664830953 0.958024919 0.0246737227 -0.285621405 14 1 0 0 0 0 0 0 0 0 0 0 
1.24646282 -4.58698177 -0.145945549 0.958024919 0.0246737227 -0.285621405 14 1 0 0 0 0 0 0 0 0 0 0 
1.24390531 -4.33507824 -0.134073839 0.958024919 0.0246737227 -0.285621405 14 1 0 0 0 0 0 0 0 0 0 0 
1.30963945 -4.34946966 0.0864778459 0.958024919 0.0246737227 -0.285621405 14 1 0 0 0 0 0 0 0 0 0 0 
1.30977583 -4.57104778 0.0664830953 0.937100589 -0.0334549509 0.347452641 14 1 0 0 0 0 0 0 0 0 0 0 
1.30963945 -4.34946966 0.0864778459 0.937100589 -0.0334549509 0.347452641 14 1 0 0 0 0 0 0 0 0 0 0 
1.22974861 -4.36842442 0.301830828 0.937100589 -0.0334549509 0.347452641 14 1 0 0 0 0 0 0 0 0 0 0 
1.23282731 -4.55448246 0.273904532 0.937100589 -0.0334549509 0.347452641 14 1 0 0 0 0 0 0 0 0 0 0 
1.03834307 -4.5899353 -0.223431379 0.347016633 0.0485684015 -0.936600626 14 1 0 0 0 0 0 0 0 0 0 0 
1.24646282 -4.58698177 -0.145945549 0.347016633 0.0485684015 -0.936600626 14 1 0 0 0 0 0 0 0 0 0 0 
1.24900484 -4.8259201 -0.157616973 0.347016633 0.0485684015 -0.936600626 14 0.999703646 15 0.000296330283 0 0 0 0 0 0 0 0 
1.04864883 -4.8369751 -0.232200682 0.347016633 0.0485684015 -0.936600626 14 1 0 0 0 0 0 0 0 0 0 0 
1.03834307 -4.5899353 -0.223431379 -0.282890677 0.0224461984 -0.958889484 14 1 0 0 0 0 0 0 0 0 0 0 
1.04864883 -4.8369751 -0.232200682 -0.282890677 0.0224461984 -0.958889484 14 1 0 0 0 0 0 0 0 0 0 0 
0.843897283 -4.84437799 -0.172022417 -0.282890677 0.0224461984 -0.958889484 14 1 0 0 0 0 0 0 0 0 0 0 
0.825678229 -4.60402346 -0.160967171 -0.282890677 0.0224461984 -0.958889484 14 1 0 0 0 0 0 0 0 0 0 0 
1.03834307 -4.5899353 -0.223431379 -0.2830953 0.0221019443 -0.958837092 14 1 0 0 0 0 0 0 0 0 0 0 
0.825678229 -4.60402346 -0.160967171 -0.2830953 0.0221019443 -0.958837092 14 1 0 0 0 0 0 0 0 0 0 0 
0.80703038 -4.35277176 -0.149669901 -0.2830953 0.0221019443 -0.958837092 14 1 0 0 0 0 0 0 0 0 0 0 
1.02782738 -4.33814478 -0.21452266 -0.2830953 0.0221019443 -0.958837092 14 1 0 0 0 0 0 0 0 0 0 0 
1.03834307 -4.5899353 -0.223431379 0.347924471 0.0476587266 -0.93631041 14 1 0 0 0 0 0 0 0 0 0 0 
1.02782738 -4.33814478 -0.21452266 0.347924471 0.0476587266 -0.93631041 14 1 0 0 0 0 0 0 0 0 0 0 
1.24390531 -4.33507824 -0.134073839 0.347924471 0.0476587266 -0.93631041 14 1 0 0 0 0 0 0 0 0 0 0 
1.24646282 -4.58698177 -0.145945549 0.347924471 0.0476587266 -0.93631041 14 1 0 0 0 0 0 0 0 0 0 0 
0.790375531 -5.02135229 0.00943809375 -0.93364346 0.0138453897 -0.357936233 14 0.972898781 15 0.025977321 16 0.00112391182 0 0 0 0 0 0 
0.861778021 -5.0768466 -0.182908103 -0.93364346 0.0138453897 -0.357936233 14 0.861125886 15 0.138874099 0 0 0 0 0 0 0 0 
0.864518106 -5.31893826 -0.19546707 -0.93364346 0.0138453897 -0.357936233 15 0.668544948 14 0.25833407 16 0.0731209666 0 0 0 0 0 0 
0.791074753 -5.22278118 -0.00412995834 -0.93364346 0.0138453897 -0.357936233 14 0.656464815 15 0.253304124 16 0.0902310535 0 0 0 0 0 0 
0.790375531 -5.02135229 0.00943809375 -0.948708117 -0.0336971804 0.314352304 14 0.972898781 15 0.025977321 16 0.00112391182 0 0 0 0 0 0 
0.791074753 -5.22278118 -0.00412995834 -0.948708117 -0.0336971804 0.314352304 14 0.656464815 15 0.253304124 16 0.0902310535 0 0 0 0 0 0 
0.851074576 -5.06419563 0.188033909 -0.948708117 -0.0336971804 0.314352304 14 0.874565721 16 0.0688125044 15 0.0566218048 0 0 0 0 0 0 
0.848909497 -4.887568 0.206347525 -0.948708117 -0.0336971804 0.314352304 14 1 0 0 0 0 0 0 0 0 0 0 
0.790375531 -5.02135229 0.00943809375 -0.928340137 -0.136547402 0.345744818 14 0.972898781 15 0.025977321 16 0.00112391182 0 0 0 0 0 0 
0.848909497 -4.887568 0.206347525 -0.928340137 -0.136547402 0.345744818 14 1 0 0 0 0 0 0 0 0 0 0 
0.83071053 -4.73137188 0.232263461 -0.928340137 -0.136547402 0.345744818 14 1 0 0 0 0 0 0 0 0 0 0 
0.769785941 -4.80192757 0.0277196094 -0.928340137 -0.136547402 0.345744818 14 1 0 0 0 0 0 0 0 0 0 0 
0.790375531 -5.02135229 0.00943809375 -0.940591097 -0.0584857389 -0.334466726 14 0.972898781 15 0.025977321 16 0.00112391182 0 0 0 0 0 0 
0.769785941 -4.80192757 0.0277196094 -0.940591097 -0.0584857389 -0.334466726 14 1 0 0 0 0 0 0 0 0 0 0 
0.843897283 -4.84437799 -0.172022417 -0.940591097 -0.0584857389 -0.334466726 14 1 0 0 0 0 0 0 0 0 0 0 
0.861778021 -5.0768466 -0.182908103 -0.940591097 -0.0584857389 -0.334466726 14 0.861125886 15 0.138874099 0 0 0 0 0 0 0 0 
1.04166937 -4.81822777 0.278068304 -0.307562798 -0.107735477 0.94540894 14 1 0 0 0 0 0 0 0 0 0 0 
0.848909497 -4.887568 0.206347525 -0.307562798 -0.107735477 0.94540894 14 1 0 0 0 0 0 0 0 0 0 0 
0.851074576 -5.06419563 0.188033909 -0.307562798 -0.107735477 0.94540894 14 0.874565721 16 0.0688125044 15 0.0566218048 0 0 0 0 0 0 
1.04899883 -5.00608301 0.257935554 -0.307562798 -0.107735477 0.94540894 14 0.881495833 16 0.0676829442 15 0.0508212335 0 0 0 0 0 0 
1.04166937 -4.81822777 0.278068304 0.279846847 -0.0977887362 0.955051363 14 1 0 0 0 0 0 0 0 0 0 0 
1.04899883 -5.00608301 0.257935554 0.279846847 -0.0977887362 0.955051363 14 0.881495833 16 0.0676829442 15 0.0508212335 0 0 0 0 0 0 
1.25140417 -5.00417471 0.19757314 0.279846847 -0.0977887362 0.955051363 14 0.902426124 16 0.0559672527 15 0.0416066088 0 0 0 0 0 0 
1.23871875 -4.83328676 0.220037222 0.279846847 -0.0977887362 0.955051363 14 1 0 0 0 0 0 0 0 0 0 0 
1.04166937 -4.81822777 0.278068304 0.262023151 -0.188678518 0.946437716 14 1 0 0 0 0 0 0 0 0 0 0 
1.23871875 -4.83328676 0.220037222 0.262023151 -0.188678518 0.946437716 14 1 0 0 0 0 0 0 0 0 0 0 
1.23581815 -4.70611048 0.246668905 0.262023151 -0.188678518 0.946437716 14 1 0 0 0 0 0 0 0 0 0 0 
1.03106654 -4.68621016 0.306847155 0.262023151 -0.188678518 0.946437716 14 1 0 0 0 0 0 0 0 0 0 0 
1.04166937 -4.81822777 0.278068304 -0.287966341 -0.206245095 0.935167491 14 1 0 0 0 0 0 0 0 0 0 0 
1.03106654 -4.68621016 0.306847155 -0.287966341 -0.206245095 0.935167491 14 1 0 0 0 0 0 0 0 0 0 0 
0.83071053 -4.73137188 0.232263461 -0.287966341 -0.206245095 0.935167491 14 1 0 0 0 0 0 0 0 0 0 0 
0.848909497 -4.887568 0.206347525 -0.287966341 -0.206245095 0.935167491 14 1 0 0 0 0 0 0 0 0 0 0 
1.3101213 -4.93279028 0.0276910327 0.943838954 0.0096209608 0.330265999 14 1 0 0 0 0 0 0 0 0 0 0 
1.23871875 -4.83328676 0.220037222 0.943838954 0.0096209608 0.330265999 14 1 0 0 0 0 0 0 0 0 0 0 
1.25140417 -5.00417471 0.19757314 0.943838954 0.0096209608 0.330265999 14 0.902426124 16 0.0559672527 15 0.0416066088 0 0 0 0 0 0 
1.32484758 -5.1340189 -0.0173423216 0.943838954 0.0096209608 0.330265999 14 0.682053208 15 0.248516992 16 0.0694297925 0 0 0 0 0 0 
1.3101213 -4.93279028 0.0276910327 0.915698826 0.135434881 -0.37835598 14 1 0 0 0 0 0 0 0 0 0 0 
1.32484758 -5.1340189 -0.0173423216 0.915698826 0.135434881 -0.37835598 14 0.682053208 15 0.248516992 16 0.0694297925 0 0 0 0 0 0 
1.26484776 -5.30366945 -0.21463801 0.915698826 0.135434881 -0.37835598 15 0.628664017 14 0.267306268 16 0.104029678 0 0 0 0 0 0 
1.25158739 -5.06298304 -0.169218391 0.915698826 0.135434881 -0.37835598 14 0.82863462 15 0.162360519 16 0.00900484715 0 0 0 0 0 0 
1.3101213 -4.93279028 0.0276910327 0.954254508 0.0298647452 -0.297500581 14 1 0 0 0 0 0 0 0 0 0 0 
1.25158739 -5.06298304 -0.169218391 0.954254508 0.0298647452 -0.297500581 14 0.82863462 15 0.162360519 16 0.00900484715 0 0 0 0 0 0 
1.24900484 -4.8259201 -0.157616973 0.954254508 0.0298647452 -0.297500581 14 0.999703646 15 0.000296330283 0 0 0 0 0 0 0 0 
1.30992937 -4.77401304 0.0469268784 0.954254508 0.0298647452 -0.297500581 14 1 0 0 0 0 0 0 0 0 0 0 
1.3101213 -4.93279028 0.0276910327 0.929462671 -0.0486070961 0.365699887 14 1 0 0 0 0 0 0 0 0 0 0 
1.30992937 -4.77401304 0.0469268784 0.929462671 -0.0486070961 0.365699887 14 1 0 0 0 0 0 0 0 0 0 0 
1.23581815 -4.70611048 0.246668905 0.929462671 -0.0486070961 0.365699887 14 1 0 0 0 0 0 0 0 0 0 0 
1.23871875 -4.83328676 0.220037222 0.929462671 -0.0486070961 0.365699887 14 1 0 0 0 0 0 0 0 0 0 0 
1.0588274 -5.0815239 -0.240939185 0.286776394 0.154011175 -0.945536852 14 0.878876686 15 0.121123314 0 0 0 0 0 0 0 0 
1.25158739 -5.06298304 -0.169218391 0.286776394 0.154011175 -0.945536852 14 0.82863462 15 0.162360519 16 0.00900484715 0 0 0 0 0 0 
1.26484776 -5.30366945 -0.21463801 0.286776394 0.154011175 -0.945536852 15 0.628664017 14 0.267306268 16 0.104029678 0 0 0 0 0 0 
1.0669235 -5.33074665 -0.268839747 0.286776394 0.154011175 -0.945536852 15 0.494980812 14 0.423869789 16 0.0811493993 0 0 0 0 0 0 
1.0588274 -5.0815239 -0.240939185 -0.309033513 0.0712824389 -0.94837606 14 0.878876686 15 0.121123314 0 0 0 0 0 0 0 0 
1.0669235 -5.33074665 -0.268839747 -0.309033513 0.0712824389 -0.94837606 15 0.494980812 14 0.423869789 16 0.0811493993 0 0 0 0 0 0 
0.864518106 -5.31893826 -0.19546707 -0.309033513 0.0712824389 -0.94837606 15 0.668544948 14 0.25833407 16 0.0731209666 0 0 0 0 0 0 
0.861778021 -5.0768466 -0.182908103 -0.309033513 0.0712824389 -0.94837606 14 0.861125886 15 0.138874099 0 0 0 0 0 0 0 0 
1.0588274 -5.0815239 -0.240939185 -0.282307059 0.0228488855 -0.959052026 14 0.878876686 15 0.121123314 0 0 0 0 0 0 0 0 
0.861778021 -5.0768466 -0.182908103 -0.282307059 0.0228488855 -0.959052026 14 0.861125886 15 0.138874099 0 0 0 0 0 0 0 0 
0.843897283 -4.84437799 -0.172022417 -0.282307059 0.0228488855 -0.959052026 14 1 0 0 0 0 0 0 0 0 0 0 
1.04864883 -4.8369751 -0.232200682 -0.282307059 0.0228488855 -0.959052026 14 1 0 0 0 0 0 0 0 0 0 0 
1.0588274 -5.0815239 -0.240939185 0.345155448 0.0487296656 -0.937279701 14 0.878876686 15 0.121123314 0 0 0 0 0 0 0 0 
1.04864883 -4.8369751 -0.232200682 0.345155448 0.0487296656 -0.937279701 14 1 0 0 0 0 0 0 0 0 0 0 
1.24900484 -4.8259201 -0.157616973 0.345155448 0.0487296656 -0.937279701 14 0.999703646 15 0.000296330283 0 0 0 0 0 0 0 0 
1.25158739 -5.06298304 -0.169218391 0.345155448 0.0487296656 -0.937279701 14 0.82863462 15 0.162360519 16 0.00900484715 0 0 0 0 0 0 
2.76714301 2.82731485 -0.130725563 -0.121345766 -0.949215055 -0.290286362 23 0.903837323 24 0.0961626768 0 0 0 0 0 0 0 0 
2.76300931 2.88859248 -0.328782469 -0.121345766 -0.949215055 -0.290286362 23 0.889568925 24 0.110431083 0 0 0 0 0 0 0 0 
2.9892776 2.86697268 -0.353261471 -0.121345766 -0.949215055 -0.290286362 23 0.51288873 24 0.4871113 0 0 0 0 0 0 0 0 
2.98633051 2.8008182 -0.135120735 -0.121345766 -0.949215055 -0.290286362 23 0.540312111 24 0.459687889 0 0 0 0 0 0 0 0 
2.76714301 2.82731485 -0.130725563 -0.104532495 -0.935560286 0.337342352 23 0.903837323 24 0.0961626768 0 0 0 0 0 0 0 0 
2.98633051 2.8008182 -0.135120735 -0.104532495 -0.935560286 0.337342352 23 0.540312111 24 0.459687889 0 0 0 0 0 0 0 0 
2.97880149 2.87886548 0.0778280869 -0.104532495 -0.935560286 0.337342352 23 0.769556761 24 0.230443224 0 0 0 0 0 0 0 0 
2.77189064 2.8969686 0.065086402 -0.104532495 -0.935560286 0.337342352 23 0.934442937 24 0.0655570626 0 0 0 0 0 0 0 0 
2.76714301 2.82731485 -0.130725563 0.081995517 -0.938879669 0.334337682 23 0.903837323 24 0.0961626768 0 0 0 0 0 0 0 0 
2.77189064 2.8969686 0.065086402 0.081995517 -0.938879669 0.334337682 23 0.934442937 24 0.0655570626 0 0 0 0 0 0 0 0 
2.58093214 2.8925426 0.0981139243 0.081995517 -0.938879669 0.334337682 23 1 0 0 0 0 0 0 0 0 0 0 
2.56388736 2.81532836 -0.113161758 0.081995517 -0.938879669 0.334337682 23 1 0 0 0 0 0 0 0 0 0 0 
2.76714301 2.82731485 -0.130725563 0.0330412872 -0.955217779 -0.294053257 23 0.903837323 24 0.0961626768 0 0 0 0 0 0 0 0 
2.56388736 2.81532836 -0.113161758 0.0330412872 -0.955217779 -0.294053257 23 1 0 0 0 0 0 0 0 0 0 0 
2.55202007 2.8810668 -0.329508275 0.0330412872 -0.955217779 -0.294053257 23 0.995370626 24 0.00462939078 0 0 0 0 0 0 0 0 
2.76300931 2.88859248 -0.328782469 0.0330412872 -0.955217779 -0.294053257 23 0.889568925 24 0.110431083 0 0 0 0 0 0 0 0 
2.77426863 3.09639239 0.126545414 -0.0817595124 -0.290399969 0.953406155 23 0.948132575 24 0.0518673956 0 0 0 0 0 0 0 0 
2.77189064 2.8969686 0.065086402 -0.0817595124 -0.290399969 0.953406155 23 0.934442937 24 0.0655570626 0 0 0 0 0 0 0 0 
2.97880149 2.87886548 0.0778280869 -0.0817595124 -0.290399969 0.953406155 23 0.769556761 24 0.230443224 0 0 0 0 0 0 0 0 
2.97019958 3.09556103 0.142582178 -0.0817595124 -0.290399969 0.953406155 23 0.807437122 24 0.192562908 0 0 0 0 0 0 0 0 
2.77426863 3.09639239 0.126545414 -0.0741723478 0.339809537 0.93756485 23 0.948132575 24 0.0518673956 0 0 0 0 0 0 0 0 
2.97019958 3.09556103 0.142582178 -0.0741723478 0.339809537 0.93756485 23 0.807437122 24 0.192562908 0 0 0 0 0 0 0 0 
2.96511173 3.30763268 0.0650817826 -0.0741723478 0.339809537 0.93756485 23 0.799315989 24 0.200684026 0 0 0 0 0 0 0 0 
2.77368689 3.29363966 0.0552444384 -0.0741723478 0.339809537 0.93756485 23 0.943068802 24 0.0569311976 0 0 0 0 0 0 0 0 
2.77426863 3.09639239 0.126545414 0.205491826 0.332945824 0.920282602 23 0.948132575 24 0.0518673956 0 0 0 0 0 0 0 0 
2.77368689 3.29363966 0.0552444384 0.205491826 0.332945824 0.920282602 23 0.943068802 24 0.0569311976 0 0 0 0 0 0 0 0 
2.59665179 3.3194313 0.0855131969 0.205491826 0.332945824 0.920282602 23 1 0 0 0 0 0 0 0 0 0 0 
2.59341574 3.10794902 0.162677959 0.205491826 0.332945824 0.920282602 23 1 0 0 0 0 0 0 0 0 0 0 
2.77426863 3.09639239 0.126545414 0.169484079 -0.292025685 0.941273689 23 0.948132575 24 0.0518673956 0 0 0 0 0 0 0 0 
2.59341574 3.10794902 0.162677959 0.169484079 -0.292025685 0.941273689 23 1 0 0 0 0 0 0 0 0 0 0 
2.58093214 2.8925426 0.0981139243 0.169484079 -0.292025685 0.941273689 23 1 0 0 0 0 0 0 0 0 0 0 
2.77189064 2.8969686 0.065086402 0.169484079 -0.292025685 0.941273689 23 0.934442937 24 0.0655570626 0 0 0 0 0 0 0 0 
2.76953793 3.3543129 -0.145269752 -0.0864919126 0.952559173 0.291805089 23 0.936552465 24 0.0634475499 0 0 0 0 0 0 0 0 
2.77368689 3.29363966 0.0552444384 -0.0864919126 0.952559173 0.291805089 23 0.943068802 24 0.0569311976 0 0 0 0 0 0 0 0 
2.96511173 3.30763268 0.0650817826 -0.0864919126 0.952559173 0.291805089 23 0.799315989 24 0.200684026 0 0 0 0 0 0 0 0 
2.96804523 3.37436843 -0.150674671 -0.0864919126 0.952559173 0.291805089 23 0.767784476 24 0.232215539 0 0 0 0 0 0 0 0 
2.76953793 3.3543129 -0.145269752 -0.106244288 0.934882879 -0.338683009 23 0.936552465 24 0.0634475499 0 0 0 0 0 0 0 0 
2.96804523 3.37436843 -0.150674671 -0.106244288 0.934882879 -0.338683009 23 0.767784476 24 0.232215539 0 0 0 0 0 0 0 0 
2.97555447 3.298491 -0.363984495 -0.106244288 0.934882879 -0.338683009 23 0.544008017 24 0.455991983 0 0 0 0 0 0 0 0 
2.76482153 3.28242826 -0.340710014 -0.106244288 0.934882879 -0.338683009 23 0.893625677 24 0.106374316 0 0 0 0 0 0 0 0 
2.76953793 3.3543129 -0.145269752 0.129008263 0.929890454 -0.344471574 23 0.936552465 24 0.0634475499 0 0 0 0 0 0 0 0 
2.76482153 3.28242826 -0.340710014 0.129008263 0.929890454 -0.344471574 23 0.893625677 24 0.106374316 0 0 0 0 0 0 0 0 
2.56918311 3.3096509 -0.340868801 0.129008263 0.929890454 -0.344471574 23 0.996563852 24 0.00343614188 0 0 0 0 0 0 0 0 
2.58573985 3.38555956 -0.129378706 0.129008263 0.929890454 -0.344471574 23 1 0 0 0 0 0 0 0 0 0 0 
2.76953793 3.3543129 -0.145269752 0.184795693 0.941812038 0.28078568 23 0.936552465 24 0.0634475499 0 0 0 0 0 0 0 0 
2.58573985 3.38555956 -0.129378706 0.184795693 0.941812038 0.28078568 23 1 0 0 0 0 0 0 0 0 0 0 
2.59665179 3.3194313 0.0855131969 0.184795693 0.941812038 0.28078568 23 1 0 0 0 0 0 0 0 0 0 0 
2.77368689 3.29363966 0.0552444384 0.184795693 0.941812038 0.28078568 23 0.943068802 24 0.0569311976 0 0 0 0 0 0 0 0 
2.7624414 3.08336473 -0.400012642 -0.128146648 0.285986066 -0.949626446 23 0.893782914 24 0.106217086 0 0 0 0 0 0 0 0 
2.76482153 3.28242826 -0.340710014 -0.128146648 0.285986066 -0.949626446 23 0.893625677 24 0.106374316 0 0 0 0 0 0 0 0 
2.97555447 3.298491 -0.363984495 -0.128146648 0.285986066 -0.949626446 23 0.544008017 24 0.455991983 0 0 0 0 0 0 0 0 
2.9841516 3.08144522 -0.430834979 -0.128146648 0.285986066 -0.949626446 23 0.513539553 24 0.486460418 0 0 0 0 0 0 0 0 
2.7624414 3.08336473 -0.400012642 -0.13279669 -0.340322167 -0.930884421 23 0.893782914 24 0.106217086 0 0 0 0 0 0 0 0 
2.9841516 3.08144522 -0.430834979 -0.13279669 -0.340322167 -0.930884421 23 0.513539553 24 0.486460418 0 0 0 0 0 0 0 0 
2.9892776 2.86697268 -0.353261471 -0.13279669 -0.340322167 -0.930884421 23 0.51288873 24 0.4871113 0 0 0 0 0 0 0 0 
2.76300931 2.88859248 -0.328782469 -0.13279669 -0.340322167 -0.930884421 23 0.889568925 24 0.110431083 0 0 0 0 0 0 0 0 
2.7624414 3.08336473 -0.400012642 0.0141084082 -0.342124045 -0.93954885 23 0.893782914 24 0.106217086 0 0 0 0 0 0 0 0 
2.76300931 2.88859248 -0.328782469 0.0141084082 -0.342124045 -0.93954885 23 0.889568925 24 0.110431083 0 0 0 0 0 0 0 0 
2.55202007 2.8810668 -0.329508275 0.0141084082 -0.342124045 -0.93954885 23 0.995370626 24 0.00462939078 0 0 0 0 0 0 0 0 
2.55586863 3.09402275 -0.406697601 0.0141084082 -0.342124045 -0.93954885 23 0.996483922 24 0.0035160745 0 0 0 0 0 0 0 0 
2.7624414 3.08336473 -0.400012642 0.0433219597 0.287106574 -0.956918597 23 0.893782914 24 0.106217086 0 0 0 0 0 0 0 0 
2.55586863 3.09402275 -0.406697601 0.0433219597 0.287106574 -0.956918597 23 0.996483922 24 0.0035160745 0 0 0 0 0 0 0 0 
2.56918311 3.3096509 -0.340868801 0.0433219597 0.287106574 -0.956918597 23 0.996563852 24 0.00343614188 0 0 0 0 0 0 0 0 
2.76482153 3.28242826 -0.340710014 0.0433219597 0.287106574 -0.956918597 23 0.893625677 24 0.106374316 0 0 0 0 0 0 0 0 
2.32061648 2.80960226 -0.0936984569 -0.00196584244 -0.956477761 -0.291798592 23 1 0 0 0 0 0 0 0 0 0 0 
2.30619812 2.87996292 -0.32328999 -0.00196584244 -0.956477761 -0.291798592 23 1 0 0 0 0 0 0 0 0 0 0 
2.55202007 2.8810668 -0.329508275 -0.00196584244 -0.956477761 -0.291798592 23 0.995370626 24 0.00462939078 0 0 0 0 0 0 0 0 
2.56388736 2.81532836 -0.113161758 -0.00196584244 -0.956477761 -0.291798592 23 1 0 0 0 0 0 0 0 0 0 0 
2.32061648 2.80960226 -0.0936984569 0.050957758 -0.940013826 0.337308854 23 1 0 0 0 0 0 0 0 0 0 0 
2.56388736 2.81532836 -0.113161758 0.050957758 -0.940013826 0.337308854 23 1 0 0 0 0 0 0 0 0 0 0 
2.58093214 2.8925426 0.0981139243 0.050957758 -0.940013826 0.337308854 23 1 0 0 0 0 0 0 0 0 0 0 
2.34249377 2.89114285 0.131564334 0.050957758 -0.940013826 0.337308854 23 1 0 0 0 0 0 0 0 0 0 0 
2.32061648 2.80960226 -0.0936984569 -0.0136268092 -0.939783394 0.34149912 23 1 0 0 0 0 0 0 0 0 0 0 
2.34249377 2.89114285 0.131564334 -0.0136268092 -0.939783394 0.34149912 23 1 0 0 0 0 0 0 0 0 0 0 
2.09000516 2.9025898 0.152995408 -0.0136268092 -0.939783394 0.34149912 23 1 0 0 0 0 0 0 0 0 0 0 
2.06797624 2.82049537 -0.0738063753 -0.0136268092 -0.939783394 0.34149912 23 1 0 0 0 0 0 0 0 0 0 0 
2.32061648 2.80960226 -0.0936984569 -0.0639175475 -0.955273628 -0.288733274 23 1 0 0 0 0 0 0 0 0 0 0 
2.06797624 2.82049537 -0.0738063753 -0.0639175475 -0.955273628 -0.288733274 23 1 0 0 0 0 0 0 0 0 0 0 
2.05346131 2.89133358 -0.304966688 -0.0639175475 -0.955273628 -0.288733274 23 1 0 0 0 0 0 0 0 0 0 0 
2.30619812 2.87996292 -0.32328999 -0.0639175475 -0.955273628 -0.288733274 23 1 0 0 0 0 0 0 0 0 0 0 
2.35973144 3.12085772 0.200880289 0.136430815 -0.29367581 0.94611907 23 1 0 0 0 0 0 0 0 0 0 0 
2.34249377 2.89114285 0.131564334 0.136430815 -0.29367581 0.94611907 23 1 0 0 0 0 0 0 0 0 0 0 
2.58093214 2.8925426 0.0981139243 0.136430815 -0.29367581 0.94611907 23 1 0 0 0 0 0 0 0 0 0 0 
2.59341574 3.10794902 0.162677959 0.136430815 -0.29367581 0.94611907 23 1 0 0 0 0 0 0 0 0 0 0 
2.35973144 3.12085772 0.200880289 0.170877188 0.334549993 0.926756382 23 1 0 0 0 0 0 0 0 0 0 0 
2.59341574 3.10794902 0.162677959 0.170877188 0.334549993 0.926756382 23 1 0 0 0 0 0 0 0 0 0 0 
2.59665179 3.3194313 0.0855131969 0.170877188 0.334549993 0.926756382 23 1 0 0 0 0 0 0 0 0 0 0 
2.36487055 3.34684587 0.118578151 0.170877188 0.334549993 0.926756382 23 1 0 0 0 0 0 0 0 0 0 0 
2.35973144 3.12085772 0.200880289 0.0986756012 0.338543504 0.935762525 23 1 0 0 0 0 0 0 0 0 0 0 
2.36487055 3.34684587 0.118578151 0.0986756012 0.338543504 0.935762525 23 1 0 0 0 0 0 0 0 0 0 0 
2.11253476 3.36140656 0.139920488 0.0986756012 0.338543504 0.935762525 23 1 0 0 0 0 0 0 0 0 0 0 
2.10735774 3.13387418 0.222782329 0.0986756012 0.338543504 0.935762525 23 1 0 0 0 0 0 0 0 0 0 0 
2.35973144 3.12085772 0.200880289 0.0676717386 -0.292865843 0.953755796 23 1 0 0 0 0 0 0 0 0 0 0 
2.10735774 3.13387418 0.222782329 0.0676717386 -0.292865843 0.953755796 23 1 0 0 0 0 0 0 0 0 0 0 
2.09000516 2.9025898 0.152995408 0.0676717386 -0.292865843 0.953755796 23 1 0 0 0 0 0 0 0 0 0 0 
2.34249377 2.89114285 0.131564334 0.0676717386 -0.292865843 0.953755796 23 1 0 0 0 0 0 0 0 0 0 0 
2.35045218 3.41720653 -0.111013368 0.150884479 0.947381258 0.282316834 23 1 0 0 0 0 0 0 0 0 0 0 
2.36487055 3.34684587 0.118578151 0.150884479 0.947381258 0.282316834 23 1 0 0 0 0 0 0 0 0 0 0 
2.59665179 3.3194313 0.0855131969 0.150884479 0.947381258 0.282316834 23 1 0 0 0 0 0 0 0 0 0 0 
2.58573985 3.38555956 -0.129378706 0.150884479 0.947381258 0.282316834 23 1 0 0 0 0 0 0 0 0 0 0 
2.35045218 3.41720653 -0.111013368 0.0964745134 0.933610857 -0.345055699 23 1 0 0 0 0 0 0 0 0 0 0 
2.58573985 3.38555956 -0.129378706 0.0964745134 0.933610857 -0.345055699 23 1 0 0 0 0 0 0 0 0 0 0 
2.56918311 3.3096509 -0.340868801 0.0964745134 0.933610857 -0.345055699 23 0.996563852 24 0.00343614188 0 0 0 0 0 0 0 0 
2.3285749 3.33566618 -0.336276174 0.0964745134 0.933610857 -0.345055699 23 1 0 0 0 0 0 0 0 0 0 0 
2.35045218 3.41720653 -0.111013368 0.0290993582 0.938988984 -0.34271422 23 1 0 0 0 0 0 0 0 0 0 0 
2.3285749 3.33566618 -0.336276174 0.0290993582 0.938988984 -0.34271422 23 1 0 0 0 0 0 0 0 0 0 0 
2.07599139 3.35015035 -0.318041593 0.0290993582 0.938988984 -0.34271422 23 1 0 0 0 0 0 0 0 0 0 0 
2.09801555 3.43224525 -0.0912394226 0.0290993582 0.938988984 -0.34271422 23 1 0 0 0 0 0 0 0 0 0 0 
2.35045218 3.41720653 -0.111013368 0.0793892145 0.954479277 0.287518114 23 1 0 0 0 0 0 0 0 0 0 0 
2.09801555 3.43224525 -0.0912394226 0.0793892145 0.954479277 0.287518114 23 1 0 0 0 0 0 0 0 0 0 0 
2.11253476 3.36140656 0.139920488 0.0793892145 0.954479277 0.287518114 23 1 0 0 0 0 0 0 0 0 0 0 
2.36487055 3.34684587 0.118578151 0.0793892145 0.954479277 0.287518114 23 1 0 0 0 0 0 0 0 0 0 0 
2.31133723 3.10595107 -0.405592144 0.0114128804 0.289649606 -0.957064688 23 1 0 0 0 0 0 0 0 0 0 0 
2.3285749 3.33566618 -0.336276174 0.0114128804 0.289649606 -0.957064688 23 1 0 0 0 0 0 0 0 0 0 0 
2.56918311 3.3096509 -0.340868801 0.0114128804 0.289649606 -0.957064688 23 0.996563852 24 0.00343614188 0 0 0 0 0 0 0 0 
2.55586863 3.09402275 -0.406697601 0.0114128804 0.289649606 -0.957064688 23 0.996483922 24 0.0035160745 0 0 0 0 0 0 0 0 
2.31133723 3.10595107 -0.405592144 -0.0215651803 -0.34103781 -0.93980217 23 1 0 0 0 0 0 0 0 0 0 0 
2.55586863 3.09402275 -0.406697601 -0.0215651803 -0.34103781 -0.93980217 23 0.996483922 24 0.0035160745 0 0 0 0 0 0 0 0 
2.55202007 2.8810668 -0.329508275 -0.0215651803 -0.34103781 -0.93980217 23 0.995370626 24 0.00462939078 0 0 0 0 0 0 0 0 
2.30619812 2.87996292 -0.32328999 -0.0215651803 -0.34103781 -0.93980217 23 1 0 0 0 0 0 0 0 0 0 0 
2.31133723 3.10595107 -0.405592144 -0.0832026005 -0.339337945 -0.936977625 23 1 0 0 0 0 0 0 0 0 0 0 
2.30619812 2.87996292 -0.32328999 -0.0832026005 -0.339337945 -0.936977625 23 1 0 0 0 0 0 0 0 0 0 0 
2.05346131 2.89133358 -0.304966688 -0.0832026005 -0.339337945 -0.936977625 23 1 0 0 0 0 0 0 0 0 0 0 
2.05863357 3.11886597 -0.387828141 -0.0832026005 -0.339337945 -0.936977625 23 1 0 0 0 0 0 0 0 0 0 0 
2.31133723 3.10595107 -0.405592144 -0.0521980561 0.292071432 -0.954971075 23 1 0 0 0 0 0 0 0 0 0 0 
2.05863357 3.11886597 -0.387828141 -0.0521980561 0.292071432 -0.954971075 23 1 0 0 0 0 0 0 0 0 0 0 
2.07599139 3.35015035 -0.318041593 -0.0521980561 0.292071432 -0.954971075 23 1 0 0 0 0 0 0 0 0 0 0 
2.3285749 3.33566618 -0.336276174 -0.0521980561 0.292071432 -0.954971075 23 1 0 0 0 0 0 0 0 0 0 0 
1.81962013 2.85749412 -0.0548978001 -0.162272274 -0.946247995 -0.279789984 23 1 0 0 0 0 0 0 0 0 0 0 
1.80625117 2.92273307 -0.267777294 -0.162272274 -0.946247995 -0.279789984 23 1 0 0 0 0 0 0 0 0 0 0 
2.05346131 2.89133358 -0.304966688 -0.162272274 -0.946247995 -0.279789984 23 1 0 0 0 0 0 0 0 0 0 0 
2.06797624 2.82049537 -0.0738063753 -0.162272274 -0.946247995 -0.279789984 23 1 0 0 0 0 0 0 0 0 0 0 
1.81962013 2.85749412 -0.0548978001 -0.11219193 -0.930821657 0.347827673 23 1 0 0 0 0 0 0 0 0 0 0 
2.06797624 2.82049537 -0.0738063753 -0.11219193 -0.930821657 0.347827673 23 1 0 0 0 0 0 0 0 0 0 0 
2.09000516 2.9025898 0.152995408 -0.11219193 -0.930821657 0.347827673 23 1 0 0 0 0 0 0 0 0 0 0 
1.8399049 2.93309903 0.153968051 -0.11219193 -0.930821657 0.347827673 23 1 0 0 0 0 0 0 0 0 0 0 
1.81962013 2.85749412 -0.0548978001 0.131065235 -0.936631143 0.324875504 23 1 0 0 0 0 0 0 0 0 0 0 
1.8399049 2.93309903 0.153968051 0.131065235 -0.936631143 0.324875504 23 1 0 0 0 0 0 0 0 0 0 0 
1.59446907 2.9165051 0.206065968 0.131065235 -0.936631143 0.324875504 23 0.94803834 22 0.0519616641 0 0 0 0 0 0 0 0 
1.57677913 2.83089089 -0.0345503837 0.131065235 -0.936631143 0.324875504 23 0.947276175 22 0.0527238362 0 0 0 0 0 0 0 0 
1.81962013 2.85749412 -0.0548978001 0.0801201984 -0.951825678 -0.295987844 23 1 0 0 0 0 0 0 0 0 0 0 
1.57677913 2.83089089 -0.0345503837 0.0801201984 -0.951825678 -0.295987844 23 0.947276175 22 0.0527238362 0 0 0 0 0 0 0 0 
1.55879891 2.90520668 -0.278930843 0.0801201984 -0.951825678 -0.295987844 23 0.943264842 22 0.0567351505 0 0 0 0 0 0 0 0 
1.80625117 2.92273307 -0.267777294 0.0801201984 -0.951825678 -0.295987844 23 1 0 0 0 0 0 0 0 0 0 0 
1.85588789 3.14609289 0.218238488 -0.0312317945 -0.286587805 0.957544804 23 1 0 0 0 0 0 0 0 0 0 0 
1.8399049 2.93309903 0.153968051 -0.0312317945 -0.286587805 0.957544804 23 1 0 0 0 0 0 0 0 0 0 0 
2.09000516 2.9025898 0.152995408 -0.0312317945 -0.286587805 0.957544804 23 1 0 0 0 0 0 0 0 0 0 0 
2.10735774 3.13387418 0.222782329 -0.0312317945 -0.286587805 0.957544804 23 1 0 0 0 0 0 0 0 0 0 0 
1.85588789 3.14609289 0.218238488 -0.000355725235 0.342202604 0.939626098 23 1 0 0 0 0 0 0 0 0 0 0 
2.10735774 3.13387418 0.222782329 -0.000355725235 0.342202604 0.939626098 23 1 0 0 0 0 0 0 0 0 0 0 
2.11253476 3.36140656 0.139920488 -0.000355725235 0.342202604 0.939626098 23 1 0 0 0 0 0 0 0 0 0 0 
1.86065304 3.35563135 0.141927123 -0.000355725235 0.342202604 0.939626098 23 1 0 0 0 0 0 0 0 0 0 0 
1.85588789 3.14609289 0.218238488 0.244494885 0.32956332 0.911926687 23 1 0 0 0 0 0 0 0 0 0 0 
1.86065304 3.35563135 0.141927123 0.244494885 0.32956332 0.911926687 23 1 0 0 0 0 0 0 0 0 0 0 
1.59401035 3.40212774 0.195920855 0.244494885 0.32956332 0.911926687 23 0.999167442 22 0.000832561869 0 0 0 0 0 0 0 0 
1.6001718 3.16016078 0.282405734 0.244494885 0.32956332 0.911926687 23 0.979179204 22 0.0208207816 0 0 0 0 0 0 0 0 
1.85588789 3.14609289 0.218238488 0.21723856 -0.296662569 0.929945588 23 1 0 0 0 0 0 0 0 0 0 0 
1.6001718 3.16016078 0.282405734 0.21723856 -0.296662569 0.929945588 23 0.979179204 22 0.0208207816 0 0 0 0 0 0 0 0 
1.59446907 2.9165051 0.206065968 0.21723856 -0.296662569 0.929945588 23 0.94803834 22 0.0519616641 0 0 0 0 0 0 0 0 
1.8399049 2.93309903 0.153968051 0.21723856 -0.296662569 0.929945588 23 1 0 0 0 0 0 0 0 0 0 0 
1.84728408 3.42087054 -0.0709523633 -0.0195617676 0.955583274 0.294071436 23 1 0 0 0 0 0 0 0 0 0 0 
1.86065304 3.35563135 0.141927123 -0.0195617676 0.955583274 0.294071436 23 1 0 0 0 0 0 0 0 0 0 0 
2.11253476 3.36140656 0.139920488 -0.0195617676 0.955583274 0.294071436 23 1 0 0 0 0 0 0 0 0 0 0 
2.09801555 3.43224525 -0.0912394226 -0.0195617676 0.955583274 0.294071436 23 1 0 0 0 0 0 0 0 0 0 0 
1.84728408 3.42087054 -0.0709523633 -0.0696429461 0.940157175 -0.333548218 23 1 0 0 0 0 0 0 0 0 0 0 
2.09801555 3.43224525 -0.0912394226 -0.0696429461 0.940157175 -0.333548218 23 1 0 0 0 0 0 0 0 0 0 0 
2.07599139 3.35015035 -0.318041593 -0.0696429461 0.940157175 -0.333548218 23 1 0 0 0 0 0 0 0 0 0 0 
1.82699943 3.34526539 -0.279818237 -0.0696429461 0.940157175 -0.333548218 23 1 0 0 0 0 0 0 0 0 0 0 
1.84728408 3.42087054 -0.0709523633 0.169836983 0.922026455 -0.347882926 23 1 0 0 0 0 0 0 0 0 0 0 
1.82699943 3.34526539 -0.279818237 0.169836983 0.922026455 -0.347882926 23 1 0 0 0 0 0 0 0 0 0 0 
1.55795038 3.39018226 -0.293543011 0.169836983 0.922026455 -0.347882926 23 0.982625127 22 0.0173748881 0 0 0 0 0 0 0 0 
1.575912 3.47784305 -0.0510177091 0.169836983 0.922026455 -0.347882926 23 1 0 0 0 0 0 0 0 0 0 0 
1.84728408 3.42087054 -0.0709523633 0.217677131 0.937235713 0.272407711 23 1 0 0 0 0 0 0 0 0 0 0 
1.575912 3.47784305 -0.0510177091 0.217677131 0.937235713 0.272407711 23 1 0 0 0 0 0 0 0 0 0 0 
1.59401035 3.40212774 0.195920855 0.217677131 0.937235713 0.272407711 23 0.999167442 22 0.000832561869 0 0 0 0 0 0 0 0 
1.86065304 3.35563135 0.141927123 0.217677131 0.937235713 0.272407711 23 1 0 0 0 0 0 0 0 0 0 0 
1.81101632 3.13227177 -0.344088674 -0.150603354 0.295923859 -0.943264425 23 1 0 0 0 0 0 0 0 0 0 0 
1.82699943 3.34526539 -0.279818237 -0.150603354 0.295923859 -0.943264425 23 1 0 0 0 0 0 0 0 0 0 0 
2.07599139 3.35015035 -0.318041593 -0.150603354 0.295923859 -0.943264425 23 1 0 0 0 0 0 0 0 0 0 0 
2.05863357 3.11886597 -0.387828141 -0.150603354 0.295923859 -0.943264425 23 1 0 0 0 0 0 0 0 0 0 0 
1.81101632 3.13227177 -0.344088674 -0.18147999 -0.332866579 -0.925345898 23 1 0 0 0 0 0 0 0 0 0 0 
2.05863357 3.11886597 -0.387828141 -0.18147999 -0.332866579 -0.925345898 23 1 0 0 0 0 0 0 0 0 0 0 
2.05346131 2.89133358 -0.304966688 -0.18147999 -0.332866579 -0.925345898 23 1 0 0 0 0 0 0 0 0 0 0 
1.80625117 2.92273307 -0.267777294 -0.18147999 -0.332866579 -0.925345898 23 1 0 0 0 0 0 0 0 0 0 0 
1.81101632 3.13227177 -0.344088674 0.0672405064 -0.343493491 -0.936744869 23 1 0 0 0 0 0 0 0 0 0 0 
1.80625117 2.92273307 -0.267777294 0.0672405064 -0.343493491 -0.936744869 23 1 0 0 0 0 0 0 0 0 0 0 
1.55879891 2.90520668 -0.278930843 0.0672405064 -0.343493491 -0.936744869 23 0.943264842 22 0.0567351505 0 0 0 0 0 0 0 0 
1.55234349 3.14462733 -0.367369026 0.0672405064 -0.343493491 -0.936744869 23 0.963594556 22 0.036405459 0 0 0 0 0 0 0 0 
1.81101632 3.13227177 -0.344088674 0.0975999236 0.282773972 -0.954208136 23 1 0 0 0 0 0 0 0 0 0 0 
1.55234349 3.14462733 -0.367369026 0.0975999236 0.282773972 -0.954208136 23 0.963594556 22 0.036405459 0 0 0 0 0 0 0 0 
1.55795038 3.39018226 -0.293543011 0.0975999236 0.282773972 -0.954208136 23 0.982625127 22 0.0173748881 0 0 0 0 0 0 0 0 
1.82699943 3.34526539 -0.279818237 0.0975999236 0.282773972 -0.954208136 23 1 0 0 0 0 0 0 0 0 0 0 
1.34685457 2.83234906 -0.0152585562 -0.0289739072 -0.957253158 -0.287796795 23 0.800359786 22 0.199640214 0 0 0 0 0 0 0 0 
1.32104743 2.91026807 -0.272824585 -0.0289739072 -0.957253158 -0.287796795 23 0.777667463 22 0.222332552 0 0 0 0 0 0 0 0 
1.55879891 2.90520668 -0.278930843 -0.0289739072 -0.957253158 -0.287796795 23 0.943264842 22 0.0567351505 0 0 0 0 0 0 0 0 
1.57677913 2.83089089 -0.0345503837 -0.0289739072 -0.957253158 -0.287796795 23 0.947276175 22 0.0527238362 0 0 0 0 0 0 0 0 
1.34685457 2.83234906 -0.0152585562 0.0240173507 -0.943071842 0.331720799 23 0.800359786 22 0.199640214 0 0 0 0 0 0 0 0 
1.57677913 2.83089089 -0.0345503837 0.0240173507 -0.943071842 0.331720799 23 0.947276175 22 0.0527238362 0 0 0 0 0 0 0 0 
1.59446907 2.9165051 0.206065968 0.0240173507 -0.943071842 0.331720799 23 0.94803834 22 0.0519616641 0 0 0 0 0 0 0 0 
1.35079777 2.92146063 0.239298686 0.0240173507 -0.943071842 0.331720799 23 0.793611228 22 0.206388757 0 0 0 0 0 0 0 0 
1.34685457 2.83234906 -0.0152585562 0.565348744 -0.781076312 0.2651425 23 0.800359786 22 0.199640214 0 0 0 0 0 0 0 0 
1.35079777 2.92146063 0.239298686 0.565348744 -0.781076312 0.2651425 23 0.793611228 22 0.206388757 0 0 0 0 0 0 0 0 
1.12907505 2.77771187 0.288146228 0.565348744 -0.781076312 0.2651425 22 0.763899684 23 0.236100301 0 0 0 0 0 0 0 0 
1.13451743 2.68293691 -0.00220006541 0.565348744 -0.781076312 0.2651425 22 0.769054532 23 0.230945468 0 0 0 0 0 0 0 0 
1.34685457 2.83234906 -0.0152585562 0.546058297 -0.787673891 -0.285290003 23 0.800359786 22 0.199640214 0 0 0 0 0 0 0 0 
1.13451743 2.68293691 -0.00220006541 0.546058297 -0.787673891 -0.285290003 22 0.769054532 23 0.230945468 0 0 0 0 0 0 0 0 
1.10894001 2.76841021 -0.294105828 0.546058297 -0.787673891 -0.285290003 22 0.778694868 23 0.221305132 0 0 0 0 0 0 0 0 
1.32104743 2.91026807 -0.272824585 0.546058297 -0.787673891 -0.285290003 23 0.777667463 22 0.222332552 0 0 0 0 0 0 0 0 
1.32296026 3.17387223 0.320139378 0.118592262 -0.295108914 0.948075235 23 0.848813951 22 0.151186049 0 0 0 0 0 0 0 0 
1.35079777 2.92146063 0.239298686 0.118592262 -0.295108914 0.948075235 23 0.793611228 22 0.206388757 0 0 0 0 0 0 0 0 
1.59446907 2.9165051 0.206065968 0.118592262 -0.295108914 0.948075235 23 0.94803834 22 0.0519616641 0 0 0 0 0 0 0 0 
1.6001718 3.16016078 0.282405734 0.118592262 -0.295108914 0.948075235 23 0.979179204 22 0.0208207816 0 0 0 0 0 0 0 0 
1.32296026 3.17387223 0.320139378 0.134373844 0.345803678 0.92863524 23 0.848813951 22 0.151186049 0 0 0 0 0 0 0 0 
1.6001718 3.16016078 0.282405734 0.134373844 0.345803678 0.92863524 23 0.979179204 22 0.0208207816 0 0 0 0 0 0 0 0 
1.59401035 3.40212774 0.195920855 0.134373844 0.345803678 0.92863524 23 0.999167442 22 0.000832561869 0 0 0 0 0 0 0 0 
1.2852062 3.42255282 0.230272353 0.134373844 0.345803678 0.92863524 23 0.896569788 22 0.103430204 0 0 0 0 0 0 0 0 
1.32296026 3.17387223 0.320139378 0.142694801 0.286840469 0.947291255 23 0.848813951 22 0.151186049 0 0 0 0 0 0 0 0 
1.2852062 3.42255282 0.230272353 0.142694801 0.286840469 0.947291255 23 0.896569788 22 0.103430204 0 0 0 0 0 0 0 0 
0.893274009 3.38559818 0.32075417 0.142694801 0.286840469 0.947291255 22 0.522782147 23 0.477217853 0 0 0 0 0 0 0 0 
1.08626926 3.04982281 0.373102099 0.142694801 0.286840469 0.947291255 22 0.679723799 23 0.320276201 0 0 0 0 0 0 0 0 
1.32296026 3.17387223 0.320139378 0.342435628 -0.240930066 0.908124745 23 0.848813951 22 0.151186049 0 0 0 0 0 0 0 0 
1.08626926 3.04982281 0.373102099 0.342435628 -0.240930066 0.908124745 22 0.679723799 23 0.320276201 0 0 0 0 0 0 0 0 
1.12907505 2.77771187 0.288146228 0.342435628 -0.240930066 0.908124745 22 0.763899684 23 0.236100301 0 0 0 0 0 0 0 0 
1.35079777 2.92146063 0.239298686 0.342435628 -0.240930066 0.908124745 23 0.793611228 22 0.206388757 0 0 0 0 0 0 0 0 
1.26329947 3.50047183 -0.0272936877 0.0926139653 0.954538047 0.283336908 23 0.892660379 22 0.107339598 0 0 0 0 0 0 0 0 
1.2852062 3.42255282 0.230272353 0.0926139653 0.954538047 0.283336908 23 0.896569788 22 0.103430204 0 0 0 0 0 0 0 0 
1.59401035 3.40212774 0.195920855 0.0926139653 0.954538047 0.283336908 23 0.999167442 22 0.000832561869 0 0 0 0 0 0 0 0 
1.575912 3.47784305 -0.0510177091 0.0926139653 0.954538047 0.283336908 23 1 0 0 0 0 0 0 0 0 0 0 
1.26329947 3.50047183 -0.0272936877 0.0475729182 0.940346599 -0.336875498 23 0.892660379 22 0.107339598 0 0 0 0 0 0 0 0 
1.575912 3.47784305 -0.0510177091 0.0475729182 0.940346599 -0.336875498 23 1 0 0 0 0 0 0 0 0 0 0 
1.55795038 3.39018226 -0.293543011 0.0475729182 0.940346599 -0.336875498 23 0.982625127 22 0.0173748881 0 0 0 0 0 0 0 0 
1.25545585 3.41136026 -0.281850934 0.0475729182 0.940346599 -0.336875498 23 0.851458788 22 0.148541212 0 0 0 0 0 0 0 0 
1.26329947 3.50047183 -0.0272936877 -0.0254750289 0.934379041 -0.355368614 23 0.892660379 22 0.107339598 0 0 0 0 0 0 0 0 
1.25545585 3.41136026 -0.281850934 -0.0254750289 0.934379041 -0.355368614 23 0.851458788 22 0.148541212 0 0 0 0 0 0 0 0 
0.874067307 3.37467766 -0.330144525 -0.0254750289 0.934379041 -0.355368614 22 0.849260151 23 0.129788548 19 0.0190212242 20 0.00193006394 0 0 0 0 
0.996959269 3.50829864 -0.00843785144 -0.0254750289 0.934379041 -0.355368614 23 0.52086246 22 0.47913754 0 0 0 0 0 0 0 0 
1.26329947 3.50047183 -0.0272936877 0.0121414745 0.945631087 0.325014502 23 0.892660379 22 0.107339598 0 0 0 0 0 0 0 0 
0.996959269 3.50829864 -0.00843785144 0.0121414745 0.945631087 0.325014502 23 0.52086246 22 0.47913754 0 0 0 0 0 0 0 0 
0.893274009 3.38559818 0.32075417 0.0121414745 0.945631087 0.325014502 22 0.522782147 23 0.477217853 0 0 0 0 0 0 0 0 
1.2852062 3.42255282 0.230272353 0.0121414745 0.945631087 0.325014502 23 0.896569788 22 0.103430204 0 0 0 0 0 0 0 0 
1.28329313 3.15894866 -0.362691641 -0.0089541506 0.296242207 -0.955070853 23 0.817194164 22 0.182805851 0 0 0 0 0 0 0 0 
1.25545585 3.41136026 -0.281850934 -0.0089541506 0.296242207 -0.955070853 23 0.851458788 22 0.148541212 0 0 0 0 0 0 0 0 
1.55795038 3.39018226 -0.293543011 -0.0089541506 0.296242207 -0.955070853 23 0.982625127 22 0.0173748881 0 0 0 0 0 0 0 0 
1.55234349 3.14462733 -0.367369026 -0.0089541506 0.296242207 -0.955070853 23 0.963594556 22 0.036405459 0 0 0 0 0 0 0 0 
1.28329313 3.15894866 -0.362691641 -0.0331713669 -0.345586628 -0.937800467 23 0.817194164 22 0.182805851 0 0 0 0 0 0 0 0 
1.55234349 3.14462733 -0.367369026 -0.0331713669 -0.345586628 -0.937800467 23 0.963594556 22 0.036405459 0 0 0 0 0 0 0 0 
1.55879891 2.90520668 -0.278930843 -0.0331713669 -0.345586628 -0.937800467 23 0.943264842 22 0.0567351505 0 0 0 0 0 0 0 0 
1.32104743 2.91026807 -0.272824585 -0.0331713669 -0.345586628 -0.937800467 23 0.777667463 22 0.222332552 0 0 0 0 0 0 0 0 
1.28329313 3.15894866 -0.362691641 0.257277042 -0.277422518 -0.925659418 23 0.817194164 22 0.182805851 0 0 0 0 0 0 0 0 
1.32104743 2.91026807 -0.272824585 0.257277042 -0.277422518 -0.925659418 23 0.777667463 22 0.222332552 0 0 0 0 0 0 0 0 
1.10894001 2.76841021 -0.294105828 0.257277042 -0.277422518 -0.925659418 22 0.778694868 23 0.221305132 0 0 0 0 0 0 0 0 
1.05868638 3.03704357 -0.383740008 0.257277042 -0.277422518 -0.925659418 22 0.751414061 23 0.248585954 0 0 0 0 0 0 0 0 
1.28329313 3.15894866 -0.362691641 0.0485763885 0.238480166 -0.969931781 23 0.817194164 22 0.182805851 0 0 0 0 0 0 0 0 
1.05868638 3.03704357 -0.383740008 0.0485763885 0.238480166 -0.969931781 22 0.751414061 23 0.248585954 0 0 0 0 0 0 0 0 
0.874067307 3.37467766 -0.330144525 0.0485763885 0.238480166 -0.969931781 22 0.849260151 23 0.129788548 19 0.0190212242 20 0.00193006394 0 0 0 0 
1.25545585 3.41136026 -0.281850934 0.0485763885 0.238480166 -0.969931781 23 0.851458788 22 0.148541212 0 0 0 0 0 0 0 0 
4.98297739 3.07129979 -0.1790113 -0.0112943612 -0.960590124 -0.277738988 31 0.993981659 34 0.00601836853 0 0 0 0 0 0 0 0 
4.95871735 3.08794594 -0.22827062 -0.0112943612 -0.960590124 -0.277738988 31 0.931365013 28 0.0686349645 0 0 0 0 0 0 0 0 
5.0574007 3.0917635 -0.252814204 -0.0112943612 -0.960590124 -0.277738988 31 1 0 0 0 0 0 0 0 0 0 0 
5.07719469 3.07888889 -0.2017636 -0.0112943612 -0.960590124 -0.277738988 31 1 0 0 0 0 0 0 0 0 0 0 
4.98297739 3.07129979 -0.1790113 0.16042316 -0.82746774 0.538109183 31 0.993981659 34 0.00601836853 0 0 0 0 0 0 0 0 
5.07719469 3.07888889 -0.2017636 0.16042316 -0.82746774 0.538109183 31 1 0 0 0 0 0 0 0 0 0 0 
5.10310793 3.11557913 -0.146735311 0.16042316 -0.82746774 0.538109183 31 1 0 0 0 0 0 0 0 0 0 0 
5.02331495 3.11351037 -0.132462099 0.16042316 -0.82746774 0.538109183 31 0.926932037 34 0.0730679855 0 0 0 0 0 0 0 0 
4.98297739 3.07129979 -0.1790113 0.363945663 -0.886461735 0.285883367 31 0.993981659 34 0.00601836853 0 0 0 0 0 0 0 0 
5.02331495 3.11351037 -0.132462099 0.363945663 -0.886461735 0.285883367 31 0.926932037 34 0.0730679855 0 0 0 0 0 0 0 0 
4.95504379 3.08925271 -0.0877840444 0.363945663 -0.886461735 0.285883367 31 0.718249321 34 0.281750679 0 0 0 0 0 0 0 0 
4.89251471 3.05615044 -0.14380756 0.363945663 -0.886461735 0.285883367 31 0.723239362 28 0.182942137 34 0.0938185155 0 0 0 0 0 0 
4.98297739 3.07129979 -0.1790113 0.0851521492 -0.952658772 -0.291874141 31 0.993981659 34 0.00601836853 0 0 0 0 0 0 0 0 
4.89251471 3.05615044 -0.14380756 0.0851521492 -0.952658772 -0.291874141 31 0.723239362 28 0.182942137 34 0.0938185155 0 0 0 0 0 0 
4.85644913 3.07294083 -0.221282482 0.0851521492 -0.952658772 -0.291874141 31 0.554651082 28 0.445348918 0 0 0 0 0 0 0 0 
4.95871735 3.08794594 -0.22827062 0.0851521492 -0.952658772 -0.291874141 31 0.931365013 28 0.0686349645 0 0 0 0 0 0 0 0 
5.05884933 3.19028044 -0.0929936543 0.154646456 -0.514955282 0.843152225 31 0.867645204 34 0.132354811 0 0 0 0 0 0 0 0 
5.02331495 3.11351037 -0.132462099 0.154646456 -0.514955282 0.843152225 31 0.926932037 34 0.0730679855 0 0 0 0 0 0 0 0 
5.10310793 3.11557913 -0.146735311 0.154646456 -0.514955282 0.843152225 31 1 0 0 0 0 0 0 0 0 0 0 
5.12040424 3.18457556 -0.106866494 0.154646456 -0.514955282 0.843152225 31 1 0 0 0 0 0 0 0 0 0 0 
5.05884933 3.19028044 -0.0929936543 0.264960885 0.0734069794 0.961460948 31 0.867645204 34 0.132354811 0 0 0 0 0 0 0 0 
5.12040424 3.18457556 -0.106866494 0.264960885 0.0734069794 0.961460948 31 1 0 0 0 0 0 0 0 0 0 0 
5.12784529 3.2542851 -0.116894215 0.264960885 0.0734069794 0.961460948 31 1 0 0 0 0 0 0 0 0 0 0 
5.07058668 3.26690006 -0.0994231254 0.264960885 0.0734069794 0.961460948 31 0.970588207 34 0.0294118151 0 0 0 0 0 0 0 0 
5.05884933 3.19028044 -0.0929936543 0.391674608 -0.0564036854 0.918373406 31 0.867645204 34 0.132354811 0 0 0 0 0 0 0 0 
5.07058668 3.26690006 -0.0994231254 0.391674608 -0.0564036854 0.918373406 31 0.970588207 34 0.0294118151 0 0 0 0 0 0 0 0 
4.99214602 3.3024857 -0.0576538779 0.391674608 -0.0564036854 0.918373406 31 0.534927428 34 0.465072602 0 0 0 0 0 0 0 0 
5.02289248 3.19080234 -0.0837556496 0.391674608 -0.0564036854 0.918373406 31 0.519937515 34 0.480062455 0 0 0 0 0 0 0 0 
5.05884933 3.19028044 -0.0929936543 0.488111943 -0.46339345 0.73960346 31 0.867645204 34 0.132354811 0 0 0 0 0 0 0 0 
5.02289248 3.19080234 -0.0837556496 0.488111943 -0.46339345 0.73960346 31 0.519937515 34 0.480062455 0 0 0 0 0 0 0 0 
4.95504379 3.08925271 -0.0877840444 0.488111943 -0.46339345 0.73960346 31 0.718249321 34 0.281750679 0 0 0 0 0 0 0 0 
5.02331495 3.11351037 -0.132462099 0.488111943 -0.46339345 0.73960346 31 0.926932037 34 0.0730679855 0 0 0 0 0 0 0 0 
5.04107237 3.29339552 -0.165634602 0.290210366 0.929175735 0.228933051 31 1 0 0 0 0 0 0 0 0 0 0 
5.07058668 3.26690006 -0.0994231254 0.290210366 0.929175735 0.228933051 31 0.970588207 34 0.0294118151 0 0 0 0 0 0 0 0 
5.12784529 3.2542851 -0.116894215 0.290210366 0.929175735 0.228933051 31 1 0 0 0 0 0 0 0 0 0 0 
5.1033206 3.27830863 -0.187223271 0.290210366 0.929175735 0.228933051 31 1 0 0 0 0 0 0 0 0 0 0 
5.04107237 3.29339552 -0.165634602 0.0338654853 0.903260589 -0.427753925 31 1 0 0 0 0 0 0 0 0 0 0 
5.1033206 3.27830863 -0.187223271 0.0338654853 0.903260589 -0.427753925 31 1 0 0 0 0 0 0 0 0 0 0 
5.07520628 3.24941468 -0.255804181 0.0338654853 0.903260589 -0.427753925 31 1 0 0 0 0 0 0 0 0 0 0 
4.98645115 3.26185608 -0.231217712 0.0338654853 0.903260589 -0.427753925 31 0.957078457 28 0.042921517 0 0 0 0 0 0 0 0 
5.04107237 3.29339552 -0.165634602 0.118925661 0.871266007 -0.476185083 31 1 0 0 0 0 0 0 0 0 0 0 
4.98645115 3.26185608 -0.231217712 0.118925661 0.871266007 -0.476185083 31 0.957078457 28 0.042921517 0 0 0 0 0 0 0 0 
4.88300896 3.28060699 -0.228509113 0.118925661 0.871266007 -0.476185083 31 0.625545681 28 0.374454319 0 0 0 0 0 0 0 0 
4.91891432 3.30924225 -0.161383271 0.118925661 0.871266007 -0.476185083 31 0.719102979 28 0.269031644 34 0.0118653821 0 0 0 0 0 0 
5.04107237 3.29339552 -0.165634602 0.255631566 0.966158748 0.0344931632 31 1 0 0 0 0 0 0 0 0 0 0 
4.91891432 3.30924225 -0.161383271 0.255631566 0.966158748 0.0344931632 31 0.719102979 28 0.269031644 34 0.0118653821 0 0 0 0 0 0 
4.99214602 3.3024857 -0.0576538779 0.255631566 0.966158748 0.0344931632 31 0.534927428 34 0.465072602 0 0 0 0 0 0 0 0 
5.07058668 3.26690006 -0.0994231254 0.255631566 0.966158748 0.0344931632 31 0.970588207 34 0.0294118151 0 0 0 0 0 0 0 0 
4.95440531 3.17417955 -0.251981825 -0.219110563 0.304722548 -0.926895201 31 0.90284425 28 0.0971557423 0 0 0 0 0 0 0 0 
4.98645115 3.26185608 -0.231217712 -0.219110563 0.304722548 -0.926895201 31 0.957078457 28 0.042921517 0 0 0 0 0 0 0 0 
5.07520628 3.24941468 -0.255804181 -0.219110563 0.304722548 -0.926895201 31 1 0 0 0 0 0 0 0 0 0 0 
5.05589151 3.1699214 -0.277856827 -0.219110563 0.304722548 -0.926895201 31 1 0 0 0 0 0 0 0 0 0 0 
4.95440531 3.17417955 -0.251981825 -0.234777138 -0.284014225 -0.929632008 31 0.90284425 28 0.0971557423 0 0 0 0 0 0 0 0 
5.05589151 3.1699214 -0.277856827 -0.234777138 -0.284014225 -0.929632008 31 1 0 0 0 0 0 0 0 0 0 0 
5.0574007 3.0917635 -0.252814204 -0.234777138 -0.284014225 -0.929632008 31 1 0 0 0 0 0 0 0 0 0 0 
4.95871735 3.08794594 -0.22827062 -0.234777138 -0.284014225 -0.929632008 31 0.931365013 28 0.0686349645 0 0 0 0 0 0 0 0 
4.95440531 3.17417955 -0.251981825 -0.103351206 -0.19571802 -0.975198925 31 0.90284425 28 0.0971557423 0 0 0 0 0 0 0 0 
4.95871735 3.08794594 -0.22827062 -0.103351206 -0.19571802 -0.975198925 31 0.931365013 28 0.0686349645 0 0 0 0 0 0 0 0 
4.85644913 3.07294083 -0.221282482 -0.103351206 -0.19571802 -0.975198925 31 0.554651082 28 0.445348918 0 0 0 0 0 0 0 0 
4.88052511 3.17580318 -0.237616405 -0.103351206 -0.19571802 -0.975198925 28 0.569469571 31 0.430530429 0 0 0 0 0 0 0 0 
4.95440531 3.17417955 -0.251981825 -0.0755801946 0.166144818 -0.983200669 31 0.90284425 28 0.0971557423 0 0 0 0 0 0 0 0 
4.88052511 3.17580318 -0.237616405 -0.0755801946 0.166144818 -0.983200669 28 0.569469571 31 0.430530429 0 0 0 0 0 0 0 0 
4.88300896 3.28060699 -0.228509113 -0.0755801946 0.166144818 -0.983200669 31 0.625545681 28 0.374454319 0 0 0 0 0 0 0 0 
4.98645115 3.26185608 -0.231217712 -0.0755801946 0.166144818 -0.983200669 31 0.957078457 28 0.042921517 0 0 0 0 0 0 0 0 
5.15673256 3.07812285 -0.2107189 -0.0722356215 -0.962793708 -0.26040414 31 0.945328057 32 0.054671932 0 0 0 0 0 0 0 0 
5.14066315 3.09438944 -0.268630832 -0.0722356215 -0.962793708 -0.26040414 31 0.94308877 32 0.0569112189 0 0 0 0 0 0 0 0 
5.21136141 3.09219337 -0.277896672 -0.0722356215 -0.962793708 -0.26040414 31 0.780025899 32 0.219974086 0 0 0 0 0 0 0 0 
5.22282887 3.07475853 -0.218843222 -0.0722356215 -0.962793708 -0.26040414 31 0.780638278 32 0.219361737 0 0 0 0 0 0 0 0 
5.15673256 3.07812285 -0.2107189 -0.0237141736 -0.907436013 0.419520557 31 0.945328057 32 0.054671932 0 0 0 0 0 0 0 0 
5.22282887 3.07475853 -0.218843222 -0.0237141736 -0.907436013 0.419520557 31 0.780638278 32 0.219361737 0 0 0 0 0 0 0 0 
5.24047709 3.09957719 -0.159579381 -0.0237141736 -0.907436013 0.419520557 31 0.77824527 32 0.221754715 0 0 0 0 0 0 0 0 
5.17665815 3.10754347 -0.150538206 -0.0237141736 -0.907436013 0.419520557 31 0.942268908 32 0.0577310845 0 0 0 0 0 0 0 0 
5.15673256 3.07812285 -0.2107189 -0.00810930226 -0.865918159 0.500119925 31 0.945328057 32 0.054671932 0 0 0 0 0 0 0 0 
5.17665815 3.10754347 -0.150538206 -0.00810930226 -0.865918159 0.500119925 31 0.942268908 32 0.0577310845 0 0 0 0 0 0 0 0 
5.10310793 3.11557913 -0.146735311 -0.00810930226 -0.865918159 0.500119925 31 1 0 0 0 0 0 0 0 0 0 0 
5.07719469 3.07888889 -0.2017636 -0.00810930226 -0.865918159 0.500119925 31 1 0 0 0 0 0 0 0 0 0 0 
5.15673256 3.07812285 -0.2107189 -0.0269805249 -0.967877448 -0.249970913 31 0.945328057 32 0.054671932 0 0 0 0 0 0 0 0 
5.07719469 3.07888889 -0.2017636 -0.0269805249 -0.967877448 -0.249970913 31 1 0 0 0 0 0 0 0 0 0 0 
5.0574007 3.0917635 -0.252814204 -0.0269805249 -0.967877448 -0.249970913 31 1 0 0 0 0 0 0 0 0 0 0 
5.14066315 3.09438944 -0.268630832 -0.0269805249 -0.967877448 -0.249970913 31 0.94308877 32 0.0569112189 0 0 0 0 0 0 0 0 
5.18731022 3.17484093 -0.122195616 0.100988142 -0.384437799 0.917610526 31 0.944566607 32 0.0554334074 0 0 0 0 0 0 0 0 
5.17665815 3.10754347 -0.150538206 0.100988142 -0.384437799 0.917610526 31 0.942268908 32 0.0577310845 0 0 0 0 0 0 0 0 
5.24047709 3.09957719 -0.159579381 0.100988142 -0.384437799 0.917610526 31 0.77824527 32 0.221754715 0 0 0 0 0 0 0 0 
5.25379276 3.16238308 -0.136051774 0.100988142 -0.384437799 0.917610526 31 0.780817091 32 0.219182894 0 0 0 0 0 0 0 0 
5.18731022 3.17484093 -0.122195616 0.265893906 0.245573029 0.932198703 31 0.944566607 32 0.0554334074 0 0 0 0 0 0 0 0 
5.25379276 3.16238308 -0.136051774 0.265893906 0.245573029 0.932198703 31 0.780817091 32 0.219182894 0 0 0 0 0 0 0 0 
5.25777435 3.22443271 -0.155358419 0.265893906 0.245573029 0.932198703 31 0.749027193 32 0.250972837 0 0 0 0 0 0 0 0 
5.18832254 3.24051476 -0.137960017 0.265893906 0.245573029 0.932198703 31 0.933576047 32 0.0664239451 0 0 0 0 0 0 0 0 
5.18731022 3.17484093 -0.122195616 0.298435062 0.160600811 0.940820873 31 0.944566607 32 0.0554334074 0 0 0 0 0 0 0 0 
5.18832254 3.24051476 -0.137960017 0.298435062 0.160600811 0.940820873 31 0.933576047 32 0.0664239451 0 0 0 0 0 0 0 0 
5.12784529 3.2542851 -0.116894215 0.298435062 0.160600811 0.940820873 31 1 0 0 0 0 0 0 0 0 0 0 
5.12040424 3.18457556 -0.106866494 0.298435062 0.160600811 0.940820873 31 1 0 0 0 0 0 0 0 0 0 0 
5.18731022 3.17484093 -0.122195616 0.063040264 -0.456971616 0.887244582 31 0.944566607 32 0.0554334074 0 0 0 0 0 0 0 0 
5.12040424 3.18457556 -0.106866494 0.063040264 -0.456971616 0.887244582 31 1 0 0 0 0 0 0 0 0 0 0 
5.10310793 3.11557913 -0.146735311 0.063040264 -0.456971616 0.887244582 31 1 0 0 0 0 0 0 0 0 0 0 
5.17665815 3.10754347 -0.150538206 0.063040264 -0.456971616 0.887244582 31 0.942268908 32 0.0577310845 0 0 0 0 0 0 0 0 
5.17348766 3.26199198 -0.205420867 0.269949257 0.931375146 0.244269788 31 0.905137777 32 0.0948622301 0 0 0 0 0 0 0 0 
5.18832254 3.24051476 -0.137960017 0.269949257 0.931375146 0.244269788 31 0.933576047 32 0.0664239451 0 0 0 0 0 0 0 0 
5.25777435 3.22443271 -0.155358419 0.269949257 0.931375146 0.244269788 31 0.749027193 32 0.250972837 0 0 0 0 0 0 0 0 
5.24740934 3.24484038 -0.219751179 0.269949257 0.931375146 0.244269788 31 0.532044888 32 0.467955083 0 0 0 0 0 0 0 0 
5.17348766 3.26199198 -0.205420867 0.127713844 0.918104649 -0.37519744 31 0.905137777 32 0.0948622301 0 0 0 0 0 0 0 0 
5.24740934 3.24484038 -0.219751179 0.127713844 0.918104649 -0.37519744 31 0.532044888 32 0.467955083 0 0 0 0 0 0 0 0 
5.23047352 3.2222681 -0.283226401 0.127713844 0.918104649 -0.37519744 31 0.535878122 32 0.464121848 0 0 0 0 0 0 0 0 
5.15542841 3.23630881 -0.271937013 0.127713844 0.918104649 -0.37519744 31 0.902142465 32 0.09785752 0 0 0 0 0 0 0 0 
5.17348766 3.26199198 -0.205420867 0.0875815153 0.912879944 -0.398722708 31 0.905137777 32 0.0948622301 0 0 0 0 0 0 0 0 
5.15542841 3.23630881 -0.271937013 0.0875815153 0.912879944 -0.398722708 31 0.902142465 32 0.09785752 0 0 0 0 0 0 0 0 
5.07520628 3.24941468 -0.255804181 0.0875815153 0.912879944 -0.398722708 31 1 0 0 0 0 0 0 0 0 0 0 
5.1033206 3.27830863 -0.187223271 0.0875815153 0.912879944 -0.398722708 31 1 0 0 0 0 0 0 0 0 0 0 
5.17348766 3.26199198 -0.205420867 0.282828212 0.931934059 0.226951972 31 0.905137777 32 0.0948622301 0 0 0 0 0 0 0 0 
5.1033206 3.27830863 -0.187223271 0.282828212 0.931934059 0.226951972 31 1 0 0 0 0 0 0 0 0 0 0 
5.12784529 3.2542851 -0.116894215 0.282828212 0.931934059 0.226951972 31 1 0 0 0 0 0 0 0 0 0 0 
5.18832254 3.24051476 -0.137960017 0.282828212 0.931934059 0.226951972 31 0.933576047 32 0.0664239451 0 0 0 0 0 0 0 0 
5.14251089 3.1646781 -0.292828023 -0.0872867629 0.29210633 -0.952394366 31 0.937977791 32 0.0620222017 0 0 0 0 0 0 0 0 
5.15542841 3.23630881 -0.271937013 -0.0872867629 0.29210633 -0.952394366 31 0.902142465 32 0.09785752 0 0 0 0 0 0 0 0 
5.23047352 3.2222681 -0.283226401 -0.0872867629 0.29210633 -0.952394366 31 0.535878122 32 0.464121848 0 0 0 0 0 0 0 0 
5.21630764 3.1568594 -0.301884353 -0.0872867629 0.29210633 -0.952394366 31 0.7536273 32 0.246372715 0 0 0 0 0 0 0 0 
5.14251089 3.1646781 -0.292828023 -0.141140416 -0.326578796 -0.934572458 31 0.937977791 32 0.0620222017 0 0 0 0 0 0 0 0 
5.21630764 3.1568594 -0.301884353 -0.141140416 -0.326578796 -0.934572458 31 0.7536273 32 0.246372715 0 0 0 0 0 0 0 0 
5.21136141 3.09219337 -0.277896672 -0.141140416 -0.326578796 -0.934572458 31 0.780025899 32 0.219974086 0 0 0 0 0 0 0 0 
5.14066315 3.09438944 -0.268630832 -0.141140416 -0.326578796 -0.934572458 31 0.94308877 32 0.0569112189 0 0 0 0 0 0 0 0 
5.14251089 3.1646781 -0.292828023 -0.174177274 -0.309663028 -0.934757292 31 0.937977791 32 0.0620222017 0 0 0 0 0 0 0 0 
5.14066315 3.09438944 -0.268630832 -0.174177274 -0.309663028 -0.934757292 31 0.94308877 32 0.0569112189 0 0 0 0 0 0 0 0 
5.0574007 3.0917635 -0.252814204 -0.174177274 -0.309663028 -0.934757292 31 1 0 0 0 0 0 0 0 0 0 0 
5.05589151 3.1699214 -0.277856827 -0.174177274 -0.309663028 -0.934757292 31 1 0 0 0 0 0 0 0 0 0 0 
5.14251089 3.1646781 -0.292828023 -0.143064409 0.298642814 -0.943580985 31 0.937977791 32 0.0620222017 0 0 0 0 0 0 0 0 
5.05589151 3.1699214 -0.277856827 -0.143064409 0.298642814 -0.943580985 31 1 0 0 0 0 0 0 0 0 0 0 
5.07520628 3.24941468 -0.255804181 -0.143064409 0.298642814 -0.943580985 31 1 0 0 0 0 0 0 0 0 0 0 
5.15542841 3.23630881 -0.271937013 -0.143064409 0.298642814 -0.943580985 31 0.902142465 32 0.09785752 0 0 0 0 0 0 0 0 
4.7876091 3.06020737 -0.309647679 -0.117914125 -0.930969954 -0.34553057 28 0.993413448 31 0.00658657076 0 0 0 0 0 0 0 0 
4.72200537 3.0855732 -0.351545513 -0.117914125 -0.930969954 -0.34553057 28 1 0 0 0 0 0 0 0 0 0 0 
4.78517437 3.09477925 -0.401964635 -0.117914125 -0.930969954 -0.34553057 28 0.997677267 29 0.0023227192 0 0 0 0 0 0 0 0 
4.83746767 3.07233429 -0.355278254 -0.117914125 -0.930969954 -0.34553057 28 1 0 0 0 0 0 0 0 0 0 0 
4.7876091 3.06020737 -0.309647679 0.339599252 -0.932360053 0.124004543 28 0.993413448 31 0.00658657076 0 0 0 0 0 0 0 0 
4.83746767 3.07233429 -0.355278254 0.339599252 -0.932360053 0.124004543 28 1 0 0 0 0 0 0 0 0 0 0 
4.88979149 3.09742713 -0.30963999 0.339599252 -0.932360053 0.124004543 28 0.947659075 31 0.052340921 0 0 0 0 0 0 0 0 
4.85355473 3.08965588 -0.269099087 0.339599252 -0.932360053 0.124004543 28 0.83122164 31 0.16877833 0 0 0 0 0 0 0 0 
4.7876091 3.06020737 -0.309647679 0.36171928 -0.920273781 -0.149182349 28 0.993413448 31 0.00658657076 0 0 0 0 0 0 0 0 
4.85355473 3.08965588 -0.269099087 0.36171928 -0.920273781 -0.149182349 28 0.83122164 31 0.16877833 0 0 0 0 0 0 0 0 
4.85644913 3.07294083 -0.221282482 0.36171928 -0.920273781 -0.149182349 31 0.554651082 28 0.445348918 0 0 0 0 0 0 0 0 
4.76881409 3.0515151 -0.23928538 0.36171928 -0.920273781 -0.149182349 28 0.912680149 31 0.0873198658 0 0 0 0 0 0 0 0 
4.7876091 3.06020737 -0.309647679 -0.120095715 -0.96280849 -0.242026523 28 0.993413448 31 0.00658657076 0 0 0 0 0 0 0 0 
4.76881409 3.0515151 -0.23928538 -0.120095715 -0.96280849 -0.242026523 28 0.912680149 31 0.0873198658 0 0 0 0 0 0 0 0 
4.64709139 3.06756139 -0.269174784 -0.120095715 -0.96280849 -0.242026523 28 0.902460515 25 0.0975394621 0 0 0 0 0 0 0 0 
4.72200537 3.0855732 -0.351545513 -0.120095715 -0.96280849 -0.242026523 28 1 0 0 0 0 0 0 0 0 0 0 
4.87678957 3.17314196 -0.257173955 0.739017129 -0.293346405 0.606466532 28 0.766476035 31 0.23352395 0 0 0 0 0 0 0 0 
4.85355473 3.08965588 -0.269099087 0.739017129 -0.293346405 0.606466532 28 0.83122164 31 0.16877833 0 0 0 0 0 0 0 0 
4.88979149 3.09742713 -0.30963999 0.739017129 -0.293346405 0.606466532 28 0.947659075 31 0.052340921 0 0 0 0 0 0 0 0 
4.90690327 3.16939187 -0.29553923 0.739017129 -0.293346405 0.606466532 28 0.931319118 31 0.0686808676 0 0 0 0 0 0 0 0 
4.87678957 3.17314196 -0.257173955 0.82387656 0.252622157 0.507355392 28 0.766476035 31 0.23352395 0 0 0 0 0 0 0 0 
4.90690327 3.16939187 -0.29553923 0.82387656 0.252622157 0.507355392 28 0.931319118 31 0.0686808676 0 0 0 0 0 0 0 0 
4.88994217 3.24045801 -0.312049508 0.82387656 0.252622157 0.507355392 28 0.940671325 31 0.0593287013 0 0 0 0 0 0 0 0 
4.86667967 3.25497484 -0.272834897 0.82387656 0.252622157 0.507355392 28 0.809144855 31 0.19085516 0 0 0 0 0 0 0 0 
4.87678957 3.17314196 -0.257173955 0.950070977 0.0279080719 -0.310783505 28 0.766476035 31 0.23352395 0 0 0 0 0 0 0 0 
4.86667967 3.25497484 -0.272834897 0.950070977 0.0279080719 -0.310783505 28 0.809144855 31 0.19085516 0 0 0 0 0 0 0 0 
4.88300896 3.28060699 -0.228509113 0.950070977 0.0279080719 -0.310783505 31 0.625545681 28 0.374454319 0 0 0 0 0 0 0 0 
4.88052511 3.17580318 -0.237616405 0.950070977 0.0279080719 -0.310783505 28 0.569469571 31 0.430530429 0 0 0 0 0 0 0 0 
4.87678957 3.17314196 -0.257173955 0.958074808 -0.246686906 -0.145733878 28 0.766476035 31 0.23352395 0 0 0 0 0 0 0 0 
4.88052511 3.17580318 -0.237616405 0.958074808 -0.246686906 -0.145733878 28 0.569469571 31 0.430530429 0 0 0 0 0 0 0 0 
4.85644913 3.07294083 -0.221282482 0.958074808 -0.246686906 -0.145733878 31 0.554651082 28 0.445348918 0 0 0 0 0 0 0 0 
4.85355473 3.08965588 -0.269099087 0.958074808 -0.246686906 -0.145733878 28 0.83122164 31 0.16877833 0 0 0 0 0 0 0 0 
4.78991365 3.27946329 -0.315044612 0.364067405 0.930416703 -0.0421860628 28 0.956182778 31 0.0438172296 0 0 0 0 0 0 0 0 
4.86667967 3.25497484 -0.272834897 0.364067405 0.930416703 -0.0421860628 28 0.809144855 31 0.19085516 0 0 0 0 0 0 0 0 
4.88994217 3.24045801 -0.312049508 0.364067405 0.930416703 -0.0421860628 28 0.940671325 31 0.0593287013 0 0 0 0 0 0 0 0 
4.83736944 3.26252127 -0.359349728 0.364067405 0.930416703 -0.0421860628 28 1 0 0 0 0 0 0 0 0 0 0 
4.78991365 3.27946329 -0.315044612 -0.11772754 0.901383281 -0.41671145 28 0.956182778 31 0.0438172296 0 0 0 0 0 0 0 0 
4.83736944 3.26252127 -0.359349728 -0.11772754 0.901383281 -0.41671145 28 1 0 0 0 0 0 0 0 0 0 0 
4.78518438 3.23717284 -0.405187011 -0.11772754 0.901383281 -0.41671145 28 0.997390449 29 0.00260953559 0 0 0 0 0 0 0 0 
4.72270775 3.24913788 -0.355905116 -0.11772754 0.901383281 -0.41671145 28 1 0 0 0 0 0 0 0 0 0 0 
4.78991365 3.27946329 -0.315044612 -0.109693788 0.878272116 -0.465408832 28 0.956182778 31 0.0438172296 0 0 0 0 0 0 0 0 
4.72270775 3.24913788 -0.355905116 -0.109693788 0.878272116 -0.465408832 28 1 0 0 0 0 0 0 0 0 0 0 
4.64127922 3.26955128 -0.298717082 -0.109693788 0.878272116 -0.465408832 28 0.867328048 25 0.132671967 0 0 0 0 0 0 0 0 
4.74065065 3.30099535 -0.262274206 -0.109693788 0.878272116 -0.465408832 28 0.800267398 31 0.146393716 25 0.0533388928 0 0 0 0 0 0 
4.78991365 3.27946329 -0.315044612 0.298659056 0.894334257 -0.333120227 28 0.956182778 31 0.0438172296 0 0 0 0 0 0 0 0 
4.74065065 3.30099535 -0.262274206 0.298659056 0.894334257 -0.333120227 28 0.800267398 31 0.146393716 25 0.0533388928 0 0 0 0 0 0 
4.88300896 3.28060699 -0.228509113 0.298659056 0.894334257 -0.333120227 31 0.625545681 28 0.374454319 0 0 0 0 0 0 0 0 
4.86667967 3.25497484 -0.272834897 0.298659056 0.894334257 -0.333120227 28 0.809144855 31 0.19085516 0 0 0 0 0 0 0 0 
4.70037794 3.16652918 -0.367518365 -0.572125137 0.27476877 -0.772770941 28 1 0 0 0 0 0 0 0 0 0 0 
4.72270775 3.24913788 -0.355905116 -0.572125137 0.27476877 -0.772770941 28 1 0 0 0 0 0 0 0 0 0 0 
4.78518438 3.23717284 -0.405187011 -0.572125137 0.27476877 -0.772770941 28 0.997390449 29 0.00260953559 0 0 0 0 0 0 0 0 
4.76772976 3.16549826 -0.418976247 -0.572125137 0.27476877 -0.772770941 28 0.997292757 29 0.00270723505 0 0 0 0 0 0 0 0 
4.70037794 3.16652918 -0.367518365 -0.572287381 -0.312319696 -0.758250296 28 1 0 0 0 0 0 0 0 0 0 0 
4.76772976 3.16549826 -0.418976247 -0.572287381 -0.312319696 -0.758250296 28 0.997292757 29 0.00270723505 0 0 0 0 0 0 0 0 
4.78517437 3.09477925 -0.401964635 -0.572287381 -0.312319696 -0.758250296 28 0.997677267 29 0.0023227192 0 0 0 0 0 0 0 0 
4.72200537 3.0855732 -0.351545513 -0.572287381 -0.312319696 -0.758250296 28 1 0 0 0 0 0 0 0 0 0 0 
4.70037794 3.16652918 -0.367518365 -0.580543876 -0.394955575 -0.71202457 28 1 0 0 0 0 0 0 0 0 0 0 
4.72200537 3.0855732 -0.351545513 -0.580543876 -0.394955575 -0.71202457 28 1 0 0 0 0 0 0 0 0 0 0 
4.64709139 3.06756139 -0.269174784 -0.580543876 -0.394955575 -0.71202457 28 0.902460515 25 0.0975394621 0 0 0 0 0 0 0 0 
4.60868835 3.174263 -0.308349073 -0.580543876 -0.394955575 -0.71202457 28 0.844675958 25 0.155324057 0 0 0 0 0 0 0 0 
4.70037794 3.16652918 -0.367518365 -0.510331035 0.255610406 -0.821112394 28 1 0 0 0 0 0 0 0 0 0 0 
4.60868835 3.174263 -0.308349073 -0.510331035 0.255610406 -0.821112394 28 0.844675958 25 0.155324057 0 0 0 0 0 0 0 0 
4.64127922 3.26955128 -0.298717082 -0.510331035 0.255610406 -0.821112394 28 0.867328048 25 0.132671967 0 0 0 0 0 0 0 0 
4.72270775 3.24913788 -0.355905116 -0.510331035 0.255610406 -0.821112394 28 1 0 0 0 0 0 0 0 0 0 0 
4.87912273 3.08327603 -0.396894366 -0.0746982768 -0.943076968 -0.324077129 28 0.931147456 29 0.0688525662 0 0 0 0 0 0 0 0 
4.83732367 3.10289478 -0.443106264 -0.0746982768 -0.943076968 -0.324077129 28 0.891444206 29 0.108555786 0 0 0 0 0 0 0 0 
4.88077164 3.11017203 -0.475543082 -0.0746982768 -0.943076968 -0.324077129 28 0.540449262 29 0.459550709 0 0 0 0 0 0 0 0 
4.91467476 3.0928905 -0.431821406 -0.0746982768 -0.943076968 -0.324077129 28 0.762855351 29 0.237144649 0 0 0 0 0 0 0 0 
4.87912273 3.08327603 -0.396894366 0.386809319 -0.914572835 0.118047014 28 0.931147456 29 0.0688525662 0 0 0 0 0 0 0 0 
4.91467476 3.0928905 -0.431821406 0.386809319 -0.914572835 0.118047014 28 0.762855351 29 0.237144649 0 0 0 0 0 0 0 0 
4.94630051 3.11287785 -0.387672067 0.386809319 -0.914572835 0.118047014 28 0.790984035 29 0.209015965 0 0 0 0 0 0 0 0 
4.91946173 3.10537338 -0.350795388 0.386809319 -0.914572835 0.118047014 28 0.93601656 29 0.0639834702 0 0 0 0 0 0 0 0 
4.87912273 3.08327603 -0.396894366 0.366726518 -0.924375534 0.105078883 28 0.931147456 29 0.0688525662 0 0 0 0 0 0 0 0 
4.91946173 3.10537338 -0.350795388 0.366726518 -0.924375534 0.105078883 28 0.93601656 29 0.0639834702 0 0 0 0 0 0 0 0 
4.88979149 3.09742713 -0.30963999 0.366726518 -0.924375534 0.105078883 28 0.947659075 31 0.052340921 0 0 0 0 0 0 0 0 
4.83746767 3.07233429 -0.355278254 0.366726518 -0.924375534 0.105078883 28 1 0 0 0 0 0 0 0 0 0 0 
4.87912273 3.08327603 -0.396894366 -0.097453326 -0.940011978 -0.326925814 28 0.931147456 29 0.0688525662 0 0 0 0 0 0 0 0 
4.83746767 3.07233429 -0.355278254 -0.097453326 -0.940011978 -0.326925814 28 1 0 0 0 0 0 0 0 0 0 0 
4.78517437 3.09477925 -0.401964635 -0.097453326 -0.940011978 -0.326925814 28 0.997677267 29 0.0023227192 0 0 0 0 0 0 0 0 
4.83732367 3.10289478 -0.443106264 -0.097453326 -0.940011978 -0.326925814 28 0.891444206 29 0.108555786 0 0 0 0 0 0 0 0 
4.93041801 3.16845083 -0.335279375 0.813544989 -0.258548468 0.520861983 28 0.939091384 29 0.0609086342 0 0 0 0 0 0 0 0 
4.91946173 3.10537338 -0.350795388 0.813544989 -0.258548468 0.520861983 28 0.93601656 29 0.0639834702 0 0 0 0 0 0 0 0 
4.94630051 3.11287785 -0.387672067 0.813544989 -0.258548468 0.520861983 28 0.790984035 29 0.209015965 0 0 0 0 0 0 0 0 
4.95348263 3.16928601 -0.37220791 0.813544989 -0.258548468 0.520861983 28 0.792861342 29 0.207138658 0 0 0 0 0 0 0 0 
4.93041801 3.16845083 -0.335279375 0.797196448 0.336516857 0.501232743 28 0.939091384 29 0.0609086342 0 0 0 0 0 0 0 0 
4.95348263 3.16928601 -0.37220791 0.797196448 0.336516857 0.501232743 28 0.792861342 29 0.207138658 0 0 0 0 0 0 0 0 
4.9383502 3.2248714 -0.385773569 0.797196448 0.336516857 0.501232743 28 0.791386545 29 0.20861344 0 0 0 0 0 0 0 0 
4.91388321 3.23072124 -0.350472838 0.797196448 0.336516857 0.501232743 28 0.93594867 29 0.0640513152 0 0 0 0 0 0 0 0 
4.93041801 3.16845083 -0.335279375 0.829142451 0.317667991 0.460010856 28 0.939091384 29 0.0609086342 0 0 0 0 0 0 0 0 
4.91388321 3.23072124 -0.350472838 0.829142451 0.317667991 0.460010856 28 0.93594867 29 0.0640513152 0 0 0 0 0 0 0 0 
4.88994217 3.24045801 -0.312049508 0.829142451 0.317667991 0.460010856 28 0.940671325 31 0.0593287013 0 0 0 0 0 0 0 0 
4.90690327 3.16939187 -0.29553923 0.829142451 0.317667991 0.460010856 28 0.931319118 31 0.0686808676 0 0 0 0 0 0 0 0 
4.93041801 3.16845083 -0.335279375 0.812933981 -0.280849993 0.51015842 28 0.939091384 29 0.0609086342 0 0 0 0 0 0 0 0 
4.90690327 3.16939187 -0.29553923 0.812933981 -0.280849993 0.51015842 28 0.931319118 31 0.0686808676 0 0 0 0 0 0 0 0 
4.88979149 3.09742713 -0.30963999 0.812933981 -0.280849993 0.51015842 28 0.947659075 31 0.052340921 0 0 0 0 0 0 0 0 
4.91946173 3.10537338 -0.350795388 0.812933981 -0.280849993 0.51015842 28 0.93601656 29 0.0639834702 0 0 0 0 0 0 0 0 
4.8732481 3.25014496 -0.397326469 0.345699728 0.933593154 0.0943168104 28 0.931024373 29 0.0689756349 0 0 0 0 0 0 0 0 
4.91388321 3.23072124 -0.350472838 0.345699728 0.933593154 0.0943168104 28 0.93594867 29 0.0640513152 0 0 0 0 0 0 0 0 
4.9383502 3.2248714 -0.385773569 0.345699728 0.933593154 0.0943168104 28 0.791386545 29 0.20861344 0 0 0 0 0 0 0 0 
4.90475988 3.24210048 -0.429667801 0.345699728 0.933593154 0.0943168104 28 0.76348573 29 0.236514285 0 0 0 0 0 0 0 0 
4.8732481 3.25014496 -0.397326469 -0.118714146 0.931717396 -0.343234062 28 0.931024373 29 0.0689756349 0 0 0 0 0 0 0 0 
4.90475988 3.24210048 -0.429667801 -0.118714146 0.931717396 -0.343234062 28 0.76348573 29 0.236514285 0 0 0 0 0 0 0 0 
4.87489796 3.22181845 -0.474789172 -0.118714146 0.931717396 -0.343234062 28 0.540254891 29 0.459745109 0 0 0 0 0 0 0 0 
4.83477259 3.22773647 -0.444452524 -0.118714146 0.931717396 -0.343234062 28 0.891252577 29 0.108747408 0 0 0 0 0 0 0 0 
4.8732481 3.25014496 -0.397326469 -0.102441229 0.921881914 -0.373683691 28 0.931024373 29 0.0689756349 0 0 0 0 0 0 0 0 
4.83477259 3.22773647 -0.444452524 -0.102441229 0.921881914 -0.373683691 28 0.891252577 29 0.108747408 0 0 0 0 0 0 0 0 
4.78518438 3.23717284 -0.405187011 -0.102441229 0.921881914 -0.373683691 28 0.997390449 29 0.00260953559 0 0 0 0 0 0 0 0 
4.83736944 3.26252127 -0.359349728 -0.102441229 0.921881914 -0.373683691 28 1 0 0 0 0 0 0 0 0 0 0 
4.8732481 3.25014496 -0.397326469 0.380587876 0.924242258 0.0304833148 28 0.931024373 29 0.0689756349 0 0 0 0 0 0 0 0 
4.83736944 3.26252127 -0.359349728 0.380587876 0.924242258 0.0304833148 28 1 0 0 0 0 0 0 0 0 0 0 
4.88994217 3.24045801 -0.312049508 0.380587876 0.924242258 0.0304833148 28 0.940671325 31 0.0593287013 0 0 0 0 0 0 0 0 
4.91388321 3.23072124 -0.350472838 0.380587876 0.924242258 0.0304833148 28 0.93594867 29 0.0640513152 0 0 0 0 0 0 0 0 
4.82260513 3.1648612 -0.459300697 -0.547606349 0.289257109 -0.785148144 28 0.889168024 29 0.110831961 0 0 0 0 0 0 0 0 
4.83477259 3.22773647 -0.444452524 -0.547606349 0.289257109 -0.785148144 28 0.891252577 29 0.108747408 0 0 0 0 0 0 0 0 
4.87489796 3.22181845 -0.474789172 -0.547606349 0.289257109 -0.785148144 28 0.540254891 29 0.459745109 0 0 0 0 0 0 0 0 
4.86705256 3.16552067 -0.489887863 -0.547606349 0.289257109 -0.785148144 28 0.513247073 29 0.486752927 0 0 0 0 0 0 0 0 
4.82260513 3.1648612 -0.459300697 -0.529781103 -0.331629544 -0.780611157 28 0.889168024 29 0.110831961 0 0 0 0 0 0 0 0 
4.86705256 3.16552067 -0.489887863 -0.529781103 -0.331629544 -0.780611157 28 0.513247073 29 0.486752927 0 0 0 0 0 0 0 0 
4.88077164 3.11017203 -0.475543082 -0.529781103 -0.331629544 -0.780611157 28 0.540449262 29 0.459550709 0 0 0 0 0 0 0 0 
4.83732367 3.10289478 -0.443106264 -0.529781103 -0.331629544 -0.780611157 28 0.891444206 29 0.108555786 0 0 0 0 0 0 0 0 
4.82260513 3.1648612 -0.459300697 -0.558008254 -0.326216757 -0.763026476 28 0.889168024 29 0.110831961 0 0 0 0 0 0 0 0 
4.83732367 3.10289478 -0.443106264 -0.558008254 -0.326216757 -0.763026476 28 0.891444206 29 0.108555786 0 0 0 0 0 0 0 0 
4.78517437 3.09477925 -0.401964635 -0.558008254 -0.326216757 -0.763026476 28 0.997677267 29 0.0023227192 0 0 0 0 0 0 0 0 
4.76772976 3.16549826 -0.418976247 -0.558008254 -0.326216757 -0.763026476 28 0.997292757 29 0.00270723505 0 0 0 0 0 0 0 0 
4.82260513 3.1648612 -0.459300697 -0.562454641 0.288729548 -0.774777472 28 0.889168024 29 0.110831961 0 0 0 0 0 0 0 0 
4.76772976 3.16549826 -0.418976247 -0.562454641 0.288729548 -0.774777472 28 0.997292757 29 0.00270723505 0 0 0 0 0 0 0 0 
4.78518438 3.23717284 -0.405187011 -0.562454641 0.288729548 -0.774777472 28 0.997390449 29 0.00260953559 0 0 0 0 0 0 0 0 
4.83477259 3.22773647 -0.444452524 -0.562454641 0.288729548 -0.774777472 28 0.891252577 29 0.108747408 0 0 0 0 0 0 0 0 
5.00961828 3.0643971 0.019727055 0.0842267722 -0.932650983 -0.350810379 34 0.941308498 31 0.0586915128 0 0 0 0 0 0 0 0 
5.03040028 3.09390473 -0.0479710586 0.0842267722 -0.932650983 -0.350810379 34 0.867343664 31 0.132656306 0 0 0 0 0 0 0 0 
5.11061764 3.09813261 -0.0457128435 0.0842267722 -0.932650983 -0.350810379 34 1 0 0 0 0 0 0 0 0 0 0 
5.10181379 3.07350278 0.0234137438 0.0842267722 -0.932650983 -0.350810379 34 1 0 0 0 0 0 0 0 0 0 0 
5.00961828 3.0643971 0.019727055 0.065343067 -0.934477985 0.349973261 34 0.941308498 31 0.0586915128 0 0 0 0 0 0 0 0 
5.10181379 3.07350278 0.0234137438 0.065343067 -0.934477985 0.349973261 34 1 0 0 0 0 0 0 0 0 0 0 
5.10200644 3.09815407 0.0926126838 0.065343067 -0.934477985 0.349973261 34 1 0 0 0 0 0 0 0 0 0 0 
5.01743221 3.09168768 0.0877259746 0.065343067 -0.934477985 0.349973261 34 0.96450001 37 0.0354999788 0 0 0 0 0 0 0 0 
5.00961828 3.0643971 0.019727055 0.090607971 -0.97384876 0.208347678 34 0.941308498 31 0.0586915128 0 0 0 0 0 0 0 0 
5.01743221 3.09168768 0.0877259746 0.090607971 -0.97384876 0.208347678 34 0.96450001 37 0.0354999788 0 0 0 0 0 0 0 0 
4.87859774 3.06616378 0.0849663466 0.090607971 -0.97384876 0.208347678 37 0.747876704 34 0.252123296 0 0 0 0 0 0 0 0 
4.9091301 3.05829263 -0.0212656017 0.090607971 -0.97384876 0.208347678 34 0.457226068 31 0.43547529 37 0.10729865 0 0 0 0 0 0 
5.00961828 3.0643971 0.019727055 0.202320591 -0.926619947 -0.316925585 34 0.941308498 31 0.0586915128 0 0 0 0 0 0 0 0 
4.9091301 3.05829263 -0.0212656017 0.202320591 -0.926619947 -0.316925585 34 0.457226068 31 0.43547529 37 0.10729865 0 0 0 0 0 0 
4.95504379 3.08925271 -0.0877840444 0.202320591 -0.926619947 -0.316925585 31 0.718249321 34 0.281750679 0 0 0 0 0 0 0 0 
5.03040028 3.09390473 -0.0479710586 0.202320591 -0.926619947 -0.316925585 34 0.867343664 31 0.132656306 0 0 0 0 0 0 0 0 
5.0354414 3.17373276 0.1171562 -0.0113319959 -0.317859799 0.948070049 34 0.887295902 37 0.112704083 0 0 0 0 0 0 0 0 
5.01743221 3.09168768 0.0877259746 -0.0113319959 -0.317859799 0.948070049 34 0.96450001 37 0.0354999788 0 0 0 0 0 0 0 0 
5.10200644 3.09815407 0.0926126838 -0.0113319959 -0.317859799 0.948070049 34 1 0 0 0 0 0 0 0 0 0 0 
5.11210155 3.17210507 0.115819007 -0.0113319959 -0.317859799 0.948070049 34 1 0 0 0 0 0 0 0 0 0 0 
5.0354414 3.17373276 0.1171562 0.00345127424 0.31418106 0.949356854 34 0.887295902 37 0.112704083 0 0 0 0 0 0 0 0 
5.11210155 3.17210507 0.115819007 0.00345127424 0.31418106 0.949356854 34 1 0 0 0 0 0 0 0 0 0 0 
5.12716103 3.24603629 0.0928946063 0.00345127424 0.31418106 0.949356854 34 1 0 0 0 0 0 0 0 0 0 0 
5.06169891 3.26184916 0.086302124 0.00345127424 0.31418106 0.949356854 34 0.929976463 37 0.070023559 0 0 0 0 0 0 0 0 
5.0354414 3.17373276 0.1171562 0.169403777 0.207722038 0.963407516 34 0.887295902 37 0.112704083 0 0 0 0 0 0 0 0 
5.06169891 3.26184916 0.086302124 0.169403777 0.207722038 0.963407516 34 0.929976463 37 0.070023559 0 0 0 0 0 0 0 0 
4.9814744 3.2872231 0.102175765 0.169403777 0.207722038 0.963407516 34 0.523820043 37 0.476179987 0 0 0 0 0 0 0 0 
4.97334337 3.17326713 0.120937884 0.169403777 0.207722038 0.963407516 37 0.629073858 34 0.370926142 0 0 0 0 0 0 0 0 
5.0354414 3.17373276 0.1171562 0.0504219756 -0.35308668 0.934230983 34 0.887295902 37 0.112704083 0 0 0 0 0 0 0 0 
4.97334337 3.17326713 0.120937884 0.0504219756 -0.35308668 0.934230983 37 0.629073858 34 0.370926142 0 0 0 0 0 0 0 0 
4.87859774 3.06616378 0.0849663466 0.0504219756 -0.35308668 0.934230983 37 0.747876704 34 0.252123296 0 0 0 0 0 0 0 0 
5.01743221 3.09168768 0.0877259746 0.0504219756 -0.35308668 0.934230983 34 0.96450001 37 0.0354999788 0 0 0 0 0 0 0 0 
5.06452131 3.29021454 0.019757526 0.222171724 0.907053649 0.357621849 34 1 0 0 0 0 0 0 0 0 0 0 
5.06169891 3.26184916 0.086302124 0.222171724 0.907053649 0.357621849 34 0.929976463 37 0.070023559 0 0 0 0 0 0 0 0 
5.12716103 3.24603629 0.0928946063 0.222171724 0.907053649 0.357621849 34 1 0 0 0 0 0 0 0 0 0 0 
5.12662506 3.27062726 0.0237031635 0.222171724 0.907053649 0.357621849 34 1 0 0 0 0 0 0 0 0 0 0 
5.06452131 3.29021454 0.019757526 0.27928406 0.908432424 -0.311048061 34 1 0 0 0 0 0 0 0 0 0 0 
5.12662506 3.27062726 0.0237031635 0.27928406 0.908432424 -0.311048061 34 1 0 0 0 0 0 0 0 0 0 0 
5.13579559 3.24593735 -0.0455606356 0.27928406 0.908432424 -0.311048061 34 1 0 0 0 0 0 0 0 0 0 0 
5.07722616 3.26188993 -0.046169363 0.27928406 0.908432424 -0.311048061 34 0.959896028 31 0.0401039459 0 0 0 0 0 0 0 0 
5.06452131 3.29021454 0.019757526 0.339823812 0.924791455 -0.17111589 34 1 0 0 0 0 0 0 0 0 0 0 
5.07722616 3.26188993 -0.046169363 0.339823812 0.924791455 -0.17111589 34 0.959896028 31 0.0401039459 0 0 0 0 0 0 0 0 
4.99214602 3.3024857 -0.0576538779 0.339823812 0.924791455 -0.17111589 31 0.534927428 34 0.465072602 0 0 0 0 0 0 0 0 
4.99144602 3.3087244 0.0365945622 0.339823812 0.924791455 -0.17111589 34 0.654610097 37 0.295069128 31 0.0503207855 0 0 0 0 0 0 
5.06452131 3.29021454 0.019757526 0.327051938 0.873234153 0.361246735 34 1 0 0 0 0 0 0 0 0 0 0 
4.99144602 3.3087244 0.0365945622 0.327051938 0.873234153 0.361246735 34 0.654610097 37 0.295069128 31 0.0503207855 0 0 0 0 0 0 
4.9814744 3.2872231 0.102175765 0.327051938 0.873234153 0.361246735 34 0.523820043 37 0.476179987 0 0 0 0 0 0 0 0 
5.06169891 3.26184916 0.086302124 0.327051938 0.873234153 0.361246735 34 0.929976463 37 0.070023559 0 0 0 0 0 0 0 0 
5.05971718 3.18081951 -0.073900342 0.104195632 0.292023391 -0.950718462 34 0.865880489 31 0.134119526 0 0 0 0 0 0 0 0 
5.07722616 3.26188993 -0.046169363 0.104195632 0.292023391 -0.950718462 34 0.959896028 31 0.0401039459 0 0 0 0 0 0 0 0 
5.13579559 3.24593735 -0.0455606356 0.104195632 0.292023391 -0.950718462 34 1 0 0 0 0 0 0 0 0 0 0 
5.12349272 3.17202497 -0.0687018037 0.104195632 0.292023391 -0.950718462 34 1 0 0 0 0 0 0 0 0 0 0 
5.05971718 3.18081951 -0.073900342 0.0398255214 -0.300355673 -0.952995479 34 0.865880489 31 0.134119526 0 0 0 0 0 0 0 0 
5.12349272 3.17202497 -0.0687018037 0.0398255214 -0.300355673 -0.952995479 34 1 0 0 0 0 0 0 0 0 0 0 
5.11061764 3.09813261 -0.0457128435 0.0398255214 -0.300355673 -0.952995479 34 1 0 0 0 0 0 0 0 0 0 0 
5.03040028 3.09390473 -0.0479710586 0.0398255214 -0.300355673 -0.952995479 34 0.867343664 31 0.132656306 0 0 0 0 0 0 0 0 
5.05971718 3.18081951 -0.073900342 0.37499705 -0.295443445 -0.878686726 34 0.865880489 31 0.134119526 0 0 0 0 0 0 0 0 
5.03040028 3.09390473 -0.0479710586 0.37499705 -0.295443445 -0.878686726 34 0.867343664 31 0.132656306 0 0 0 0 0 0 0 0 
4.95504379 3.08925271 -0.0877840444 0.37499705 -0.295443445 -0.878686726 31 0.718249321 34 0.281750679 0 0 0 0 0 0 0 0 
5.02289248 3.19080234 -0.0837556496 0.37499705 -0.295443445 -0.878686726 31 0.519937515 34 0.480062455 0 0 0 0 0 0 0 0 
5.05971718 3.18081951 -0.073900342 0.275723636 0.27608034 -0.92073679 34 0.865880489 31 0.134119526 0 0 0 0 0 0 0 0 
5.02289248 3.19080234 -0.0837556496 0.275723636 0.27608034 -0.92073679 31 0.519937515 34 0.480062455 0 0 0 0 0 0 0 0 
4.99214602 3.3024857 -0.0576538779 0.275723636 0.27608034 -0.92073679 31 0.534927428 34 0.465072602 0 0 0 0 0 0 0 0 
5.07722616 3.26188993 -0.046169363 0.275723636 0.27608034 -0.92073679 34 0.959896028 31 0.0401039459 0 0 0 0 0 0 0 0 
5.18355608 3.08145523 0.0271251202 0.0712575689 -0.948322952 -0.309202343 34 0.966886103 35 0.033113867 0 0 0 0 0 0 0 0 
5.18854618 3.10307121 -0.0378446467 0.0712575689 -0.948322952 -0.309202343 34 0.96498704 35 0.0350129791 0 0 0 0 0 0 0 0 
5.25883102 3.10501075 -0.0277725123 0.0712575689 -0.948322952 -0.309202343 34 0.808391809 35 0.191608176 0 0 0 0 0 0 0 0 
5.25346947 3.08550286 0.0309982505 0.0712575689 -0.948322952 -0.309202343 34 0.806793034 35 0.193206981 0 0 0 0 0 0 0 0 
5.18355608 3.08145523 0.0271251202 0.0372534543 -0.947557926 0.317405522 34 0.966886103 35 0.033113867 0 0 0 0 0 0 0 0 
5.25346947 3.08550286 0.0309982505 0.0372534543 -0.947557926 0.317405522 34 0.806793034 35 0.193206981 0 0 0 0 0 0 0 0 
5.25139809 3.10516167 0.0899326354 0.0372534543 -0.947557926 0.317405522 34 0.805192411 35 0.194807589 0 0 0 0 0 0 0 0 
5.18124676 3.10317016 0.0922184065 0.0372534543 -0.947557926 0.317405522 34 0.963656545 35 0.0363434814 0 0 0 0 0 0 0 0 
5.18355608 3.08145523 0.0271251202 0.0692133754 -0.942641437 0.32655254 34 0.966886103 35 0.033113867 0 0 0 0 0 0 0 0 
5.18124676 3.10317016 0.0922184065 0.0692133754 -0.942641437 0.32655254 34 0.963656545 35 0.0363434814 0 0 0 0 0 0 0 0 
5.10200644 3.09815407 0.0926126838 0.0692133754 -0.942641437 0.32655254 34 1 0 0 0 0 0 0 0 0 0 0 
5.10181379 3.07350278 0.0234137438 0.0692133754 -0.942641437 0.32655254 34 1 0 0 0 0 0 0 0 0 0 0 
5.18355608 3.08145523 0.0271251202 0.0990605727 -0.943807065 -0.315301836 34 0.966886103 35 0.033113867 0 0 0 0 0 0 0 0 
5.10181379 3.07350278 0.0234137438 0.0990605727 -0.943807065 -0.315301836 34 1 0 0 0 0 0 0 0 0 0 0 
5.11061764 3.09813261 -0.0457128435 0.0990605727 -0.943807065 -0.315301836 34 1 0 0 0 0 0 0 0 0 0 0 
5.18854618 3.10307121 -0.0378446467 0.0990605727 -0.943807065 -0.315301836 34 0.96498704 35 0.0350129791 0 0 0 0 0 0 0 0 
5.18405628 3.16818333 0.114080869 0.0389117151 -0.321010619 0.946275949 34 0.970780492 35 0.0292195268 0 0 0 0 0 0 0 0 
5.18124676 3.10317016 0.0922184065 0.0389117151 -0.321010619 0.946275949 34 0.963656545 35 0.0363434814 0 0 0 0 0 0 0 0 
5.25139809 3.10516167 0.0899326354 0.0389117151 -0.321010619 0.946275949 34 0.805192411 35 0.194807589 0 0 0 0 0 0 0 0 
5.25509501 3.16393614 0.1097956 0.0389117151 -0.321010619 0.946275949 34 0.812084436 35 0.187915564 0 0 0 0 0 0 0 0 
5.18405628 3.16818333 0.114080869 0.0752611905 0.305531055 0.949203074 34 0.970780492 35 0.0292195268 0 0 0 0 0 0 0 0 
5.25509501 3.16393614 0.1097956 0.0752611905 0.305531055 0.949203074 34 0.812084436 35 0.187915564 0 0 0 0 0 0 0 0 
5.26126909 3.22266054 0.090423502 0.0752611905 0.305531055 0.949203074 34 0.815754414 35 0.184245601 0 0 0 0 0 0 0 0 
5.19107437 3.23316312 0.092588976 0.0752611905 0.305531055 0.949203074 34 0.970481813 35 0.0295181852 0 0 0 0 0 0 0 0 
5.18405628 3.16818333 0.114080869 0.0510316566 0.296793073 0.95357734 34 0.970780492 35 0.0292195268 0 0 0 0 0 0 0 0 
5.19107437 3.23316312 0.092588976 0.0510316566 0.296793073 0.95357734 34 0.970481813 35 0.0295181852 0 0 0 0 0 0 0 0 
5.12716103 3.24603629 0.0928946063 0.0510316566 0.296793073 0.95357734 34 1 0 0 0 0 0 0 0 0 0 0 
5.11210155 3.17210507 0.115819007 0.0510316566 0.296793073 0.95357734 34 1 0 0 0 0 0 0 0 0 0 0 
5.18405628 3.16818333 0.114080869 0.015651498 -0.309775174 0.95068109 34 0.970780492 35 0.0292195268 0 0 0 0 0 0 0 0 
5.11210155 3.17210507 0.115819007 0.015651498 -0.309775174 0.95068109 34 1 0 0 0 0 0 0 0 0 0 0 
5.10200644 3.09815407 0.0926126838 0.015651498 -0.309775174 0.95068109 34 1 0 0 0 0 0 0 0 0 0 0 
5.18124676 3.10317016 0.0922184065 0.015651498 -0.309775174 0.95068109 34 0.963656545 35 0.0363434814 0 0 0 0 0 0 0 0 
5.19442844 3.2547791 0.0276192054 0.147617966 0.935411096 0.321271002 34 0.975984395 35 0.0240155924 0 0 0 0 0 0 0 0 
5.19107437 3.23316312 0.092588976 0.147617966 0.935411096 0.321271002 34 0.970481813 35 0.0295181852 0 0 0 0 0 0 0 0 
5.26126909 3.22266054 0.090423502 0.147617966 0.935411096 0.321271002 34 0.815754414 35 0.184245601 0 0 0 0 0 0 0 0 
5.26663065 3.24216843 0.0316527411 0.147617966 0.935411096 0.321271002 34 0.82210815 35 0.17789188 0 0 0 0 0 0 0 0 
5.19442844 3.2547791 0.0276192054 0.181882411 0.935258448 -0.303661644 34 0.975984395 35 0.0240155924 0 0 0 0 0 0 0 0 
5.26663065 3.24216843 0.0316527411 0.181882411 0.935258448 -0.303661644 34 0.82210815 35 0.17789188 0 0 0 0 0 0 0 0 
5.26870155 3.22250986 -0.0272816438 0.181882411 0.935258448 -0.303661644 34 0.819037199 35 0.180962786 0 0 0 0 0 0 0 0 
5.19803572 3.23306394 -0.0374740809 0.181882411 0.935258448 -0.303661644 34 0.97183603 35 0.0281639956 0 0 0 0 0 0 0 0 
5.19442844 3.2547791 0.0276192054 0.232001692 0.926018476 -0.297766715 34 0.975984395 35 0.0240155924 0 0 0 0 0 0 0 0 
5.19803572 3.23306394 -0.0374740809 0.232001692 0.926018476 -0.297766715 34 0.97183603 35 0.0281639956 0 0 0 0 0 0 0 0 
5.13579559 3.24593735 -0.0455606356 0.232001692 0.926018476 -0.297766715 34 1 0 0 0 0 0 0 0 0 0 0 
5.12662506 3.27062726 0.0237031635 0.232001692 0.926018476 -0.297766715 34 1 0 0 0 0 0 0 0 0 0 0 
5.19442844 3.2547791 0.0276192054 0.193153694 0.92643261 0.323132038 34 0.975984395 35 0.0240155924 0 0 0 0 0 0 0 0 
5.12662506 3.27062726 0.0237031635 0.193153694 0.92643261 0.323132038 34 1 0 0 0 0 0 0 0 0 0 0 
5.12716103 3.24603629 0.0928946063 0.193153694 0.92643261 0.323132038 34 1 0 0 0 0 0 0 0 0 0 0 
5.19107437 3.23316312 0.092588976 0.193153694 0.92643261 0.323132038 34 0.970481813 35 0.0295181852 0 0 0 0 0 0 0 0 
5.19378471 3.168051 -0.0593365394 0.179458529 0.303865641 -0.935660303 34 0.972516298 35 0.0274837092 0 0 0 0 0 0 0 0 
5.19803572 3.23306394 -0.0374740809 0.179458529 0.303865641 -0.935660303 34 0.97183603 35 0.0281639956 0 0 0 0 0 0 0 0 
5.26870155 3.22250986 -0.0272816438 0.179458529 0.303865641 -0.935660303 34 0.819037199 35 0.180962786 0 0 0 0 0 0 0 0 
5.26500511 3.16373539 -0.047144603 0.179458529 0.303865641 -0.935660303 34 0.816776454 35 0.183223531 0 0 0 0 0 0 0 0 
5.19378471 3.168051 -0.0593365394 0.141851127 -0.322267681 -0.935960352 34 0.972516298 35 0.0274837092 0 0 0 0 0 0 0 0 
5.26500511 3.16373539 -0.047144603 0.141851127 -0.322267681 -0.935960352 34 0.816776454 35 0.183223531 0 0 0 0 0 0 0 0 
5.25883102 3.10501075 -0.0277725123 0.141851127 -0.322267681 -0.935960352 34 0.808391809 35 0.191608176 0 0 0 0 0 0 0 0 
5.18854618 3.10307121 -0.0378446467 0.141851127 -0.322267681 -0.935960352 34 0.96498704 35 0.0350129791 0 0 0 0 0 0 0 0 
5.19378471 3.168051 -0.0593365394 0.111592658 -0.316302031 -0.942072272 34 0.972516298 35 0.0274837092 0 0 0 0 0 0 0 0 
5.18854618 3.10307121 -0.0378446467 0.111592658 -0.316302031 -0.942072272 34 0.96498704 35 0.0350129791 0 0 0 0 0 0 0 0 
5.11061764 3.09813261 -0.0457128435 0.111592658 -0.316302031 -0.942072272 34 1 0 0 0 0 0 0 0 0 0 0 
5.12349272 3.17202497 -0.0687018037 0.111592658 -0.316302031 -0.942072272 34 1 0 0 0 0 0 0 0 0 0 0 
5.19378471 3.168051 -0.0593365394 0.16081506 0.286771685 -0.94440484 34 0.972516298 35 0.0274837092 0 0 0 0 0 0 0 0 
5.12349272 3.17202497 -0.0687018037 0.16081506 0.286771685 -0.94440484 34 1 0 0 0 0 0 0 0 0 0 0 
5.13579559 3.24593735 -0.0455606356 0.16081506 0.286771685 -0.94440484 34 1 0 0 0 0 0 0 0 0 0 0 
5.19803572 3.23306394 -0.0374740809 0.16081506 0.286771685 -0.94440484 34 0.97183603 35 0.0281639956 0 0 0 0 0 0 0 0 
4.88111782 3.06598163 0.194907248 0.158231124 -0.9601385 -0.230427712 37 1 0 0 0 0 0 0 0 0 0 0 
4.94303083 3.09214401 0.12964122 0.158231124 -0.9601385 -0.230427712 37 0.928025424 34 0.071974583 0 0 0 0 0 0 0 0 
4.98858595 3.09478974 0.148667783 0.158231124 -0.9601385 -0.230427712 37 0.928931892 38 0.057220351 34 0.0138477599 0 0 0 0 0 0 
4.94373703 3.07323909 0.208899841 0.158231124 -0.9601385 -0.230427712 37 0.948337018 38 0.0516629517 0 0 0 0 0 0 0 0 
4.88111782 3.06598163 0.194907248 0.0219673421 -0.937477887 0.347350925 37 1 0 0 0 0 0 0 0 0 0 0 
4.94373703 3.07323909 0.208899841 0.0219673421 -0.937477887 0.347350925 37 0.948337018 38 0.0516629517 0 0 0 0 0 0 0 0 
4.91215324 3.0992341 0.282690823 0.0219673421 -0.937477887 0.347350925 37 0.991521716 38 0.00847829785 0 0 0 0 0 0 0 0 
4.83725929 3.09173679 0.265558392 0.0219673421 -0.937477887 0.347350925 37 0.940763533 26 0.0592364743 0 0 0 0 0 0 0 0 
4.88111782 3.06598163 0.194907248 0.180636495 -0.934064507 0.308048755 37 1 0 0 0 0 0 0 0 0 0 0 
4.83725929 3.09173679 0.265558392 0.180636495 -0.934064507 0.308048755 37 0.940763533 26 0.0592364743 0 0 0 0 0 0 0 0 
4.74486589 3.06583667 0.274363577 0.180636495 -0.934064507 0.308048755 37 0.731483161 26 0.268516839 0 0 0 0 0 0 0 0 
4.7760129 3.05622625 0.193796262 0.180636495 -0.934064507 0.308048755 37 0.956430376 26 0.0435696132 0 0 0 0 0 0 0 0 
4.88111782 3.06598163 0.194907248 0.207899034 -0.978129447 -0.0063859988 37 1 0 0 0 0 0 0 0 0 0 0 
4.7760129 3.05622625 0.193796262 0.207899034 -0.978129447 -0.0063859988 37 0.956430376 26 0.0435696132 0 0 0 0 0 0 0 0 
4.87859774 3.06616378 0.0849663466 0.207899034 -0.978129447 -0.0063859988 37 0.747876704 34 0.252123296 0 0 0 0 0 0 0 0 
4.94303083 3.09214401 0.12964122 0.207899034 -0.978129447 -0.0063859988 37 0.928025424 34 0.071974583 0 0 0 0 0 0 0 0 
4.83249807 3.18221521 0.286732256 -0.221023172 -0.257970512 0.94053179 37 0.868014276 26 0.131985709 0 0 0 0 0 0 0 0 
4.83725929 3.09173679 0.265558392 -0.221023172 -0.257970512 0.94053179 37 0.940763533 26 0.0592364743 0 0 0 0 0 0 0 0 
4.91215324 3.0992341 0.282690823 -0.221023172 -0.257970512 0.94053179 37 0.991521716 38 0.00847829785 0 0 0 0 0 0 0 0 
4.91260958 3.18080974 0.307696491 -0.221023172 -0.257970512 0.94053179 37 0.999262691 26 0.00073728984 0 0 0 0 0 0 0 0 
4.83249807 3.18221521 0.286732256 -0.225092679 0.362336516 0.904458702 37 0.868014276 26 0.131985709 0 0 0 0 0 0 0 0 
4.91260958 3.18080974 0.307696491 -0.225092679 0.362336516 0.904458702 37 0.999262691 26 0.00073728984 0 0 0 0 0 0 0 0 
4.9514184 3.26315951 0.283900648 -0.225092679 0.362336516 0.904458702 37 0.995743155 38 0.00425686175 0 0 0 0 0 0 0 0 
4.87694454 3.27428722 0.261372358 -0.225092679 0.362336516 0.904458702 37 0.924280703 26 0.0757193193 0 0 0 0 0 0 0 0 
4.83249807 3.18221521 0.286732256 -0.0746294558 0.325296909 0.942662418 37 0.868014276 26 0.131985709 0 0 0 0 0 0 0 0 
4.87694454 3.27428722 0.261372358 -0.0746294558 0.325296909 0.942662418 37 0.924280703 26 0.0757193193 0 0 0 0 0 0 0 0 
4.75356436 3.29461837 0.241695106 -0.0746294558 0.325296909 0.942662418 26 0.588082433 37 0.407670975 25 0.00424660929 0 0 0 0 0 0 
4.77022934 3.18243098 0.284621686 -0.0746294558 0.325296909 0.942662418 26 0.5059641 37 0.494035929 0 0 0 0 0 0 0 0 
4.83249807 3.18221521 0.286732256 0.0686199516 -0.156388655 0.985309005 37 0.868014276 26 0.131985709 0 0 0 0 0 0 0 0 
4.77022934 3.18243098 0.284621686 0.0686199516 -0.156388655 0.985309005 26 0.5059641 37 0.494035929 0 0 0 0 0 0 0 0 
4.74486589 3.06583667 0.274363577 0.0686199516 -0.156388655 0.985309005 37 0.731483161 26 0.268516839 0 0 0 0 0 0 0 0 
4.83725929 3.09173679 0.265558392 0.0686199516 -0.156388655 0.985309005 37 0.940763533 26 0.0592364743 0 0 0 0 0 0 0 0 
4.94642019 3.3068676 0.192422226 0.0597495846 0.901951015 0.427684903 37 0.952472806 34 0.0475272126 0 0 0 0 0 0 0 0 
4.87694454 3.27428722 0.261372358 0.0597495846 0.901951015 0.427684903 37 0.924280703 26 0.0757193193 0 0 0 0 0 0 0 0 
4.9514184 3.26315951 0.283900648 0.0597495846 0.901951015 0.427684903 37 0.995743155 38 0.00425686175 0 0 0 0 0 0 0 0 
5.00952721 3.28918266 0.211436793 0.0597495846 0.901951015 0.427684903 37 1 0 0 0 0 0 0 0 0 0 0 
4.94642019 3.3068676 0.192422226 0.351475298 0.878080666 -0.324714571 37 0.952472806 34 0.0475272126 0 0 0 0 0 0 0 0 
5.00952721 3.28918266 0.211436793 0.351475298 0.878080666 -0.324714571 37 1 0 0 0 0 0 0 0 0 0 0 
5.03734589 3.25584173 0.152859554 0.351475298 0.878080666 -0.324714571 37 0.92173171 34 0.0733453482 38 0.00492291152 0 0 0 0 0 0 
4.99248695 3.26792192 0.135499254 0.351475298 0.878080666 -0.324714571 37 0.778479874 34 0.221520111 0 0 0 0 0 0 0 0 
4.94642019 3.3068676 0.192422226 0.50882858 0.860806644 0.0102644609 37 0.952472806 34 0.0475272126 0 0 0 0 0 0 0 0 
4.99248695 3.26792192 0.135499254 0.50882858 0.860806644 0.0102644609 37 0.778479874 34 0.221520111 0 0 0 0 0 0 0 0 
4.9814744 3.2872231 0.102175765 0.50882858 0.860806644 0.0102644609 34 0.523820043 37 0.476179987 0 0 0 0 0 0 0 0 
4.90384912 3.3200376 0.158855706 0.50882858 0.860806644 0.0102644609 37 0.824448407 34 0.106805541 26 0.0687460601 0 0 0 0 0 0 
4.94642019 3.3068676 0.192422226 0.0491124652 0.907229304 0.417759389 37 0.952472806 34 0.0475272126 0 0 0 0 0 0 0 0 
4.90384912 3.3200376 0.158855706 0.0491124652 0.907229304 0.417759389 37 0.824448407 34 0.106805541 26 0.0687460601 0 0 0 0 0 0 
4.75356436 3.29461837 0.241695106 0.0491124652 0.907229304 0.417759389 26 0.588082433 37 0.407670975 25 0.00424660929 0 0 0 0 0 0 
4.87694454 3.27428722 0.261372358 0.0491124652 0.907229304 0.417759389 37 0.924280703 26 0.0757193193 0 0 0 0 0 0 0 0 
4.97992754 3.17320824 0.123798773 0.374155134 0.065345332 -0.925061047 37 0.705320358 34 0.294679612 0 0 0 0 0 0 0 0 
4.99248695 3.26792192 0.135499254 0.374155134 0.065345332 -0.925061047 37 0.778479874 34 0.221520111 0 0 0 0 0 0 0 0 
5.03734589 3.25584173 0.152859554 0.374155134 0.065345332 -0.925061047 37 0.92173171 34 0.0733453482 38 0.00492291152 0 0 0 0 0 0 
5.02078485 3.16999269 0.140027136 0.374155134 0.065345332 -0.925061047 37 0.876978099 34 0.0859253779 38 0.0370965302 0 0 0 0 0 0 
4.97992754 3.17320824 0.123798773 0.36489886 -0.2446049 -0.898341417 37 0.705320358 34 0.294679612 0 0 0 0 0 0 0 0 
5.02078485 3.16999269 0.140027136 0.36489886 -0.2446049 -0.898341417 37 0.876978099 34 0.0859253779 38 0.0370965302 0 0 0 0 0 0 
4.98858595 3.09478974 0.148667783 0.36489886 -0.2446049 -0.898341417 37 0.928931892 38 0.057220351 34 0.0138477599 0 0 0 0 0 0 
4.94303083 3.09214401 0.12964122 0.36489886 -0.2446049 -0.898341417 37 0.928025424 34 0.071974583 0 0 0 0 0 0 0 0 
4.97992754 3.17320824 0.123798773 0.60409832 -0.304726988 -0.736346841 37 0.705320358 34 0.294679612 0 0 0 0 0 0 0 0 
4.94303083 3.09214401 0.12964122 0.60409832 -0.304726988 -0.736346841 37 0.928025424 34 0.071974583 0 0 0 0 0 0 0 0 
4.87859774 3.06616378 0.0849663466 0.60409832 -0.304726988 -0.736346841 37 0.747876704 34 0.252123296 0 0 0 0 0 0 0 0 
4.97334337 3.17326713 0.120937884 0.60409832 -0.304726988 -0.736346841 37 0.629073858 34 0.370926142 0 0 0 0 0 0 0 0 
4.97992754 3.17320824 0.123798773 0.871851623 -0.102654219 -0.478891224 37 0.705320358 34 0.294679612 0 0 0 0 0 0 0 0 
4.97334337 3.17326713 0.120937884 0.871851623 -0.102654219 -0.478891224 37 0.629073858 34 0.370926142 0 0 0 0 0 0 0 0 
4.9814744 3.2872231 0.102175765 0.871851623 -0.102654219 -0.478891224 34 0.523820043 37 0.476179987 0 0 0 0 0 0 0 0 
4.99248695 3.26792192 0.135499254 0.871851623 -0.102654219 -0.478891224 37 0.778479874 34 0.221520111 0 0 0 0 0 0 0 0 
5.00108814 3.0796361 0.226484329 0.16358541 -0.953421652 -0.253430158 37 0.8347525 38 0.165247515 0 0 0 0 0 0 0 0 
5.03557205 3.09928823 0.17115666 0.16358541 -0.953421652 -0.253430158 37 0.843785286 38 0.156214714 0 0 0 0 0 0 0 0 
5.0866642 3.10461974 0.187731281 0.16358541 -0.953421652 -0.253430158 38 0.511874318 37 0.488125682 0 0 0 0 0 0 0 0 
5.0614109 3.0838356 0.245968729 0.16358541 -0.953421652 -0.253430158 38 0.653822243 37 0.346177757 0 0 0 0 0 0 0 0 
5.00108814 3.0796361 0.226484329 -0.0359685943 -0.949807882 0.310759395 37 0.8347525 38 0.165247515 0 0 0 0 0 0 0 0 
5.0614109 3.0838356 0.245968729 -0.0359685943 -0.949807882 0.310759395 38 0.653822243 37 0.346177757 0 0 0 0 0 0 0 0 
5.04347515 3.10563087 0.310840726 -0.0359685943 -0.949807882 0.310759395 37 0.721011519 38 0.278988451 0 0 0 0 0 0 0 0 
4.97770739 3.10369587 0.296980977 -0.0359685943 -0.949807882 0.310759395 37 0.906576514 38 0.093423456 0 0 0 0 0 0 0 0 
5.00108814 3.0796361 0.226484329 -0.00139029929 -0.94492805 0.327275306 37 0.8347525 38 0.165247515 0 0 0 0 0 0 0 0 
4.97770739 3.10369587 0.296980977 -0.00139029929 -0.94492805 0.327275306 37 0.906576514 38 0.093423456 0 0 0 0 0 0 0 0 
4.91215324 3.0992341 0.282690823 -0.00139029929 -0.94492805 0.327275306 37 0.991521716 38 0.00847829785 0 0 0 0 0 0 0 0 
4.94373703 3.07323909 0.208899841 -0.00139029929 -0.94492805 0.327275306 37 0.948337018 38 0.0516629517 0 0 0 0 0 0 0 0 
5.00108814 3.0796361 0.226484329 0.18317765 -0.959015667 -0.21618259 37 0.8347525 38 0.165247515 0 0 0 0 0 0 0 0 
4.94373703 3.07323909 0.208899841 0.18317765 -0.959015667 -0.21618259 37 0.948337018 38 0.0516629517 0 0 0 0 0 0 0 0 
4.98858595 3.09478974 0.148667783 0.18317765 -0.959015667 -0.21618259 37 0.928931892 38 0.057220351 34 0.0138477599 0 0 0 0 0 0 
5.03557205 3.09928823 0.17115666 0.18317765 -0.959015667 -0.21618259 37 0.843785286 38 0.156214714 0 0 0 0 0 0 0 0 
4.97843361 3.17690516 0.322057009 -0.19210875 -0.321238637 0.927307963 37 0.926860988 38 0.0731390193 0 0 0 0 0 0 0 0 
4.97770739 3.10369587 0.296980977 -0.19210875 -0.321238637 0.927307963 37 0.906576514 38 0.093423456 0 0 0 0 0 0 0 0 
5.04347515 3.10563087 0.310840726 -0.19210875 -0.321238637 0.927307963 37 0.721011519 38 0.278988451 0 0 0 0 0 0 0 0 
5.04313326 3.17226863 0.334290534 -0.19210875 -0.321238637 0.927307963 37 0.765317023 38 0.234683007 0 0 0 0 0 0 0 0 
4.97843361 3.17690516 0.322057009 -0.170131519 0.332423925 0.927658141 37 0.926860988 38 0.0731390193 0 0 0 0 0 0 0 0 
5.04313326 3.17226863 0.334290534 -0.170131519 0.332423925 0.927658141 37 0.765317023 38 0.234683007 0 0 0 0 0 0 0 0 
5.06143332 3.23921967 0.314948797 -0.170131519 0.332423925 0.927658141 37 0.57528919 38 0.42471078 0 0 0 0 0 0 0 0 
5.01129436 3.25040078 0.300452828 -0.170131519 0.332423925 0.927658141 37 0.897400618 38 0.102599397 0 0 0 0 0 0 0 0 
4.97843361 3.17690516 0.322057009 -0.17961207 0.350382149 0.919223487 37 0.926860988 38 0.0731390193 0 0 0 0 0 0 0 0 
5.01129436 3.25040078 0.300452828 -0.17961207 0.350382149 0.919223487 37 0.897400618 38 0.102599397 0 0 0 0 0 0 0 0 
4.9514184 3.26315951 0.283900648 -0.17961207 0.350382149 0.919223487 37 0.995743155 38 0.00425686175 0 0 0 0 0 0 0 0 
4.91260958 3.18080974 0.307696491 -0.17961207 0.350382149 0.919223487 37 0.999262691 26 0.00073728984 0 0 0 0 0 0 0 0 
4.97843361 3.17690516 0.322057009 -0.202034414 -0.30009833 0.932267666 37 0.926860988 38 0.0731390193 0 0 0 0 0 0 0 0 
4.91260958 3.18080974 0.307696491 -0.202034414 -0.30009833 0.932267666 37 0.999262691 26 0.00073728984 0 0 0 0 0 0 0 0 
4.91215324 3.0992341 0.282690823 -0.202034414 -0.30009833 0.932267666 37 0.991521716 38 0.00847829785 0 0 0 0 0 0 0 0 
4.97770739 3.10369587 0.296980977 -0.202034414 -0.30009833 0.932267666 37 0.906576514 38 0.093423456 0 0 0 0 0 0 0 0 
5.04968452 3.27528071 0.231011435 0.0983271599 0.919261992 0.381168395 37 0.929933369 38 0.0700666308 0 0 0 0 0 0 0 0 
5.01129436 3.25040078 0.300452828 0.0983271599 0.919261992 0.381168395 37 0.897400618 38 0.102599397 0 0 0 0 0 0 0 0 
5.06143332 3.23921967 0.314948797 0.0983271599 0.919261992 0.381168395 37 0.57528919 38 0.42471078 0 0 0 0 0 0 0 0 
5.0932622 3.26195383 0.251446128 0.0983271599 0.919261992 0.381168395 37 0.774103522 38 0.225896448 0 0 0 0 0 0 0 0 
5.04968452 3.27528071 0.231011435 0.336055487 0.910246491 -0.241905302 37 0.929933369 38 0.0700666308 0 0 0 0 0 0 0 0 
5.0932622 3.26195383 0.251446128 0.336055487 0.910246491 -0.241905302 37 0.774103522 38 0.225896448 0 0 0 0 0 0 0 0 
5.11976242 3.23866773 0.190598905 0.336055487 0.910246491 -0.241905302 37 0.758323908 38 0.241676122 0 0 0 0 0 0 0 0 
5.07734299 3.24682164 0.172391295 0.336055487 0.910246491 -0.241905302 37 0.918564022 38 0.0814359561 0 0 0 0 0 0 0 0 
5.04968452 3.27528071 0.231011435 0.387639254 0.878361046 -0.279674202 37 0.929933369 38 0.0700666308 0 0 0 0 0 0 0 0 
5.07734299 3.24682164 0.172391295 0.387639254 0.878361046 -0.279674202 37 0.918564022 38 0.0814359561 0 0 0 0 0 0 0 0 
5.03734589 3.25584173 0.152859554 0.387639254 0.878361046 -0.279674202 37 0.92173171 34 0.0733453482 38 0.00492291152 0 0 0 0 0 0 
5.00952721 3.28918266 0.211436793 0.387639254 0.878361046 -0.279674202 37 1 0 0 0 0 0 0 0 0 0 0 
5.04968452 3.27528071 0.231011435 0.100383982 0.9128685 0.395719796 37 0.929933369 38 0.0700666308 0 0 0 0 0 0 0 0 
5.00952721 3.28918266 0.211436793 0.100383982 0.9128685 0.395719796 37 1 0 0 0 0 0 0 0 0 0 0 
4.9514184 3.26315951 0.283900648 0.100383982 0.9128685 0.395719796 37 0.995743155 38 0.00425686175 0 0 0 0 0 0 0 0 
5.01129436 3.25040078 0.300452828 0.100383982 0.9128685 0.395719796 37 0.897400618 38 0.102599397 0 0 0 0 0 0 0 0 
5.05868626 3.16927648 0.159021094 0.384124666 0.0804643258 -0.919768393 37 0.869713962 38 0.130286053 0 0 0 0 0 0 0 0 
5.07734299 3.24682164 0.172391295 0.384124666 0.0804643258 -0.919768393 37 0.918564022 38 0.0814359561 0 0 0 0 0 0 0 0 
5.11976242 3.23866773 0.190598905 0.384124666 0.0804643258 -0.919768393 37 0.758323908 38 0.241676122 0 0 0 0 0 0 0 0 
5.1041584 3.16847873 0.176736549 0.384124666 0.0804643258 -0.919768393 37 0.533217371 38 0.466782659 0 0 0 0 0 0 0 0 
5.05868626 3.16927648 0.159021094 0.334033281 -0.258006543 -0.906561852 37 0.869713962 38 0.130286053 0 0 0 0 0 0 0 0 
5.1041584 3.16847873 0.176736549 0.334033281 -0.258006543 -0.906561852 37 0.533217371 38 0.466782659 0 0 0 0 0 0 0 0 
5.0866642 3.10461974 0.187731281 0.334033281 -0.258006543 -0.906561852 38 0.511874318 37 0.488125682 0 0 0 0 0 0 0 0 
5.03557205 3.09928823 0.17115666 0.334033281 -0.258006543 -0.906561852 37 0.843785286 38 0.156214714 0 0 0 0 0 0 0 0 
5.05868626 3.16927648 0.159021094 0.430917561 -0.286607683 -0.855667055 37 0.869713962 38 0.130286053 0 0 0 0 0 0 0 0 
5.03557205 3.09928823 0.17115666 0.430917561 -0.286607683 -0.855667055 37 0.843785286 38 0.156214714 0 0 0 0 0 0 0 0 
4.98858595 3.09478974 0.148667783 0.430917561 -0.286607683 -0.855667055 37 0.928931892 38 0.057220351 34 0.0138477599 0 0 0 0 0 0 
5.02078485 3.16999269 0.140027136 0.430917561 -0.286607683 -0.855667055 37 0.876978099 34 0.0859253779 38 0.0370965302 0 0 0 0 0 0 
5.05868626 3.16927648 0.159021094 0.447511464 0.0467567183 -0.893055022 37 0.869713962 38 0.130286053 0 0 0 0 0 0 0 0 
5.02078485 3.16999269 0.140027136 0.447511464 0.0467567183 -0.893055022 37 0.876978099 34 0.0859253779 38 0.0370965302 0 0 0 0 0 0 
5.03734589 3.25584173 0.152859554 0.447511464 0.0467567183 -0.893055022 37 0.92173171 34 0.0733453482 38 0.00492291152 0 0 0 0 0 0 
5.07734299 3.24682164 0.172391295 0.447511464 0.0467567183 -0.893055022 37 0.918564022 38 0.0814359561 0 0 0 0 0 0 0 0 
5.31307602 3.08293414 0.035104014 -0.0770638287 -0.944099665 -0.320526272 35 0.805256486 34 0.194743514 0 0 0 0 0 0 0 0 
5.31901121 3.10149479 -0.0209904034 -0.0770638287 -0.944099665 -0.320526272 35 0.798611283 34 0.201388702 0 0 0 0 0 0 0 0 
5.37351704 3.09532213 -0.0159156378 -0.0770638287 -0.944099665 -0.320526272 35 0.946775496 34 0.0532244854 0 0 0 0 0 0 0 0 
5.36709976 3.07710361 0.0392901972 -0.0770638287 -0.944099665 -0.320526272 35 0.948737919 34 0.051262103 0 0 0 0 0 0 0 0 
5.31307602 3.08293414 0.035104014 -0.125723988 -0.942406118 0.309942394 35 0.805256486 34 0.194743514 0 0 0 0 0 0 0 0 
5.36709976 3.07710361 0.0392901972 -0.125723988 -0.942406118 0.309942394 35 0.948737919 34 0.051262103 0 0 0 0 0 0 0 0 
5.36518288 3.09559798 0.0947458446 -0.125723988 -0.942406118 0.309942394 35 0.945885062 34 0.0541149639 0 0 0 0 0 0 0 0 
5.31111622 3.1017139 0.0914101452 -0.125723988 -0.942406118 0.309942394 35 0.796822846 34 0.203177124 0 0 0 0 0 0 0 0 
5.31307602 3.08293414 0.035104014 -0.062450435 -0.947423577 0.313828617 35 0.805256486 34 0.194743514 0 0 0 0 0 0 0 0 
5.31111622 3.1017139 0.0914101452 -0.062450435 -0.947423577 0.313828617 35 0.796822846 34 0.203177124 0 0 0 0 0 0 0 0 
5.25139809 3.10516167 0.0899326354 -0.062450435 -0.947423577 0.313828617 34 0.805192411 35 0.194807589 0 0 0 0 0 0 0 0 
5.25346947 3.08550286 0.0309982505 -0.062450435 -0.947423577 0.313828617 34 0.806793034 35 0.193206981 0 0 0 0 0 0 0 0 
5.31307602 3.08293414 0.035104014 -0.0194316674 -0.948474824 -0.316256195 35 0.805256486 34 0.194743514 0 0 0 0 0 0 0 0 
5.25346947 3.08550286 0.0309982505 -0.0194316674 -0.948474824 -0.316256195 34 0.806793034 35 0.193206981 0 0 0 0 0 0 0 0 
5.25883102 3.10501075 -0.0277725123 -0.0194316674 -0.948474824 -0.316256195 34 0.808391809 35 0.191608176 0 0 0 0 0 0 0 0 
5.31901121 3.10149479 -0.0209904034 -0.0194316674 -0.948474824 -0.316256195 35 0.798611283 34 0.201388702 0 0 0 0 0 0 0 0 
5.31576347 3.15776062 0.110461146 -0.0938077644 -0.313471705 0.944952667 35 0.80778712 34 0.192212909 0 0 0 0 0 0 0 0 
5.31111622 3.1017139 0.0914101452 -0.0938077644 -0.313471705 0.944952667 35 0.796822846 34 0.203177124 0 0 0 0 0 0 0 0 
5.36518288 3.09559798 0.0947458446 -0.0938077644 -0.313471705 0.944952667 35 0.945885062 34 0.0541149639 0 0 0 0 0 0 0 0 
5.37054443 3.15071321 0.113564134 -0.0938077644 -0.313471705 0.944952667 35 0.949967802 34 0.050032191 0 0 0 0 0 0 0 0 
5.31576347 3.15776062 0.110461146 -0.013564961 0.313930511 0.949349046 35 0.80778712 34 0.192212909 0 0 0 0 0 0 0 0 
5.37054443 3.15071321 0.113564134 -0.013564961 0.313930511 0.949349046 35 0.949967802 34 0.050032191 0 0 0 0 0 0 0 0 
5.37868452 3.2057364 0.0954952687 -0.013564961 0.313930511 0.949349046 35 0.948610306 34 0.0513897128 0 0 0 0 0 0 0 0 
5.32304239 3.21373415 0.0920452848 -0.013564961 0.313930511 0.949349046 35 0.802503467 34 0.197496504 0 0 0 0 0 0 0 0 
5.31576347 3.15776062 0.110461146 0.0205654688 0.310669631 0.950295448 35 0.80778712 34 0.192212909 0 0 0 0 0 0 0 0 
5.32304239 3.21373415 0.0920452848 0.0205654688 0.310669631 0.950295448 35 0.802503467 34 0.197496504 0 0 0 0 0 0 0 0 
5.26126909 3.22266054 0.090423502 0.0205654688 0.310669631 0.950295448 34 0.815754414 35 0.184245601 0 0 0 0 0 0 0 0 
5.25509501 3.16393614 0.1097956 0.0205654688 0.310669631 0.950295448 34 0.812084436 35 0.187915564 0 0 0 0 0 0 0 0 
5.31576347 3.15776062 0.110461146 -0.0422746204 -0.317929685 0.94717145 35 0.80778712 34 0.192212909 0 0 0 0 0 0 0 0 
5.25509501 3.16393614 0.1097956 -0.0422746204 -0.317929685 0.94717145 34 0.812084436 35 0.187915564 0 0 0 0 0 0 0 0 
5.25139809 3.10516167 0.0899326354 -0.0422746204 -0.317929685 0.94717145 34 0.805192411 35 0.194807589 0 0 0 0 0 0 0 0 
5.31111622 3.1017139 0.0914101452 -0.0422746204 -0.317929685 0.94717145 35 0.796822846 34 0.203177124 0 0 0 0 0 0 0 0 
5.32897806 3.23229456 0.0359508693 0.114786953 0.939361274 0.323147595 35 0.812735677 34 0.187264323 0 0 0 0 0 0 0 0 
5.32304239 3.21373415 0.0920452848 0.114786953 0.939361274 0.323147595 35 0.802503467 34 0.197496504 0 0 0 0 0 0 0 0 
5.37868452 3.2057364 0.0954952687 0.114786953 0.939361274 0.323147595 35 0.948610306 34 0.0513897128 0 0 0 0 0 0 0 0 
5.38510227 3.22395468 0.0402894355 0.114786953 0.939361274 0.323147595 35 0.954497993 34 0.045502007 0 0 0 0 0 0 0 0 
5.32897806 3.23229456 0.0359508693 0.163074136 0.937617302 -0.30705148 35 0.812735677 34 0.187264323 0 0 0 0 0 0 0 0 
5.38510227 3.22395468 0.0402894355 0.163074136 0.937617302 -0.30705148 35 0.954497993 34 0.045502007 0 0 0 0 0 0 0 0 
5.38701963 3.20546031 -0.0151662063 0.163074136 0.937617302 -0.30705148 35 0.949489057 34 0.0505109131 0 0 0 0 0 0 0 0 
5.33093786 3.2135148 -0.0203552619 0.163074136 0.937617302 -0.30705148 35 0.804411471 34 0.195588514 0 0 0 0 0 0 0 0 
5.32897806 3.23229456 0.0359508693 0.169473395 0.936664581 -0.306493372 35 0.812735677 34 0.187264323 0 0 0 0 0 0 0 0 
5.33093786 3.2135148 -0.0203552619 0.169473395 0.936664581 -0.306493372 35 0.804411471 34 0.195588514 0 0 0 0 0 0 0 0 
5.26870155 3.22250986 -0.0272816438 0.169473395 0.936664581 -0.306493372 34 0.819037199 35 0.180962786 0 0 0 0 0 0 0 0 
5.26663065 3.24216843 0.0316527411 0.169473395 0.936664581 -0.306493372 34 0.82210815 35 0.17789188 0 0 0 0 0 0 0 0 
5.32897806 3.23229456 0.0359508693 0.126629964 0.937800705 0.323256522 35 0.812735677 34 0.187264323 0 0 0 0 0 0 0 0 
5.26663065 3.24216843 0.0316527411 0.126629964 0.937800705 0.323256522 34 0.82210815 35 0.17789188 0 0 0 0 0 0 0 0 
5.26126909 3.22266054 0.090423502 0.126629964 0.937800705 0.323256522 34 0.815754414 35 0.184245601 0 0 0 0 0 0 0 0 
5.32304239 3.21373415 0.0920452848 0.126629964 0.937800705 0.323256522 35 0.802503467 34 0.197496504 0 0 0 0 0 0 0 0 
5.32629013 3.15746832 -0.0394062549 0.131758124 0.309012592 -0.941887021 35 0.810270071 34 0.189729914 0 0 0 0 0 0 0 0 
5.33093786 3.2135148 -0.0203552619 0.131758124 0.309012592 -0.941887021 35 0.804411471 34 0.195588514 0 0 0 0 0 0 0 0 
5.38701963 3.20546031 -0.0151662063 0.131758124 0.309012592 -0.941887021 35 0.949489057 34 0.0505109131 0 0 0 0 0 0 0 0 
5.3816576 3.15034556 -0.0339845009 0.131758124 0.309012592 -0.941887021 35 0.952214003 34 0.0477859825 0 0 0 0 0 0 0 0 
5.32629013 3.15746832 -0.0394062549 0.051905755 -0.318342775 -0.946553648 35 0.810270071 34 0.189729914 0 0 0 0 0 0 0 0 
5.3816576 3.15034556 -0.0339845009 0.051905755 -0.318342775 -0.946553648 35 0.952214003 34 0.0477859825 0 0 0 0 0 0 0 0 
5.37351704 3.09532213 -0.0159156378 0.051905755 -0.318342775 -0.946553648 35 0.946775496 34 0.0532244854 0 0 0 0 0 0 0 0 
5.31901121 3.10149479 -0.0209904034 0.051905755 -0.318342775 -0.946553648 35 0.798611283 34 0.201388702 0 0 0 0 0 0 0 0 
5.32629013 3.15746832 -0.0394062549 0.0868944824 -0.32090646 -0.943116307 35 0.810270071 34 0.189729914 0 0 0 0 0 0 0 0 
5.31901121 3.10149479 -0.0209904034 0.0868944824 -0.32090646 -0.943116307 35 0.798611283 34 0.201388702 0 0 0 0 0 0 0 0 
5.25883102 3.10501075 -0.0277725123 0.0868944824 -0.32090646 -0.943116307 34 0.808391809 35 0.191608176 0 0 0 0 0 0 0 0 
5.26500511 3.16373539 -0.047144603 0.0868944824 -0.32090646 -0.943116307 34 0.816776454 35 0.183223531 0 0 0 0 0 0 0 0 
5.32629013 3.15746832 -0.0394062549 0.149566203 0.307596922 -0.939688265 35 0.810270071 34 0.189729914 0 0 0 0 0 0 0 0 
5.26500511 3.16373539 -0.047144603 0.149566203 0.307596922 -0.939688265 34 0.816776454 35 0.183223531 0 0 0 0 0 0 0 0 
5.26870155 3.22250986 -0.0272816438 0.149566203 0.307596922 -0.939688265 34 0.819037199 35 0.180962786 0 0 0 0 0 0 0 0 
5.33093786 3.2135148 -0.0203552619 0.149566203 0.307596922 -0.939688265 35 0.804411471 34 0.195588514 0 0 0 0 0 0 0 0 
5.4202652 3.07136655 0.0434045792 -0.0769389495 -0.944135308 -0.32045114 35 1 0 0 0 0 0 0 0 0 0 0 
5.42677879 3.08929324 -0.0109655336 -0.0769389495 -0.944135308 -0.32045114 35 1 0 0 0 0 0 0 0 0 0 0 
5.47898197 3.08339024 -0.00611724053 -0.0769389495 -0.944135308 -0.32045114 35 1 0 0 0 0 0 0 0 0 0 0 
5.47237968 3.06575632 0.0474323221 -0.0769389495 -0.944135308 -0.32045114 35 1 0 0 0 0 0 0 0 0 0 0 
5.4202652 3.07136655 0.0434045792 -0.125400826 -0.942439377 0.309972316 35 1 0 0 0 0 0 0 0 0 0 0 
5.47237968 3.06575632 0.0474323221 -0.125400826 -0.942439377 0.309972316 35 1 0 0 0 0 0 0 0 0 0 0 
5.4705019 3.08370805 0.101251923 -0.125400826 -0.942439377 0.309972316 35 1 0 0 0 0 0 0 0 0 0 0 
5.41838074 3.08958507 0.0980346203 -0.125400826 -0.942439377 0.309972316 35 1 0 0 0 0 0 0 0 0 0 0 
5.4202652 3.07136655 0.0434045792 -0.12568 -0.942410171 0.309947789 35 1 0 0 0 0 0 0 0 0 0 0 
5.41838074 3.08958507 0.0980346203 -0.12568 -0.942410171 0.309947789 35 1 0 0 0 0 0 0 0 0 0 0 
5.36518288 3.09559798 0.0947458446 -0.12568 -0.942410171 0.309947789 35 0.945885062 34 0.0541149639 0 0 0 0 0 0 0 0 
5.36709976 3.07710361 0.0392901972 -0.12568 -0.942410171 0.309947789 35 0.948737919 34 0.051262103 0 0 0 0 0 0 0 0 
5.4202652 3.07136655 0.0434045792 -0.0770786777 -0.944100261 -0.320520848 35 1 0 0 0 0 0 0 0 0 0 0 
5.36709976 3.07710361 0.0392901972 -0.0770786777 -0.944100261 -0.320520848 35 0.948737919 34 0.051262103 0 0 0 0 0 0 0 0 
5.37351704 3.09532213 -0.0159156378 -0.0770786777 -0.944100261 -0.320520848 35 0.946775496 34 0.0532244854 0 0 0 0 0 0 0 0 
5.42677879 3.08929324 -0.0109655336 -0.0770786777 -0.944100261 -0.320520848 35 1 0 0 0 0 0 0 0 0 0 0 
5.42392588 3.14385104 0.1165912 -0.0937546864 -0.313601345 0.944914997 35 1 0 0 0 0 0 0 0 0 0 0 
5.41838074 3.08958507 0.0980346203 -0.0937546864 -0.313601345 0.944914997 35 1 0 0 0 0 0 0 0 0 0 0 
5.4705019 3.08370805 0.101251923 -0.0937546864 -0.313601345 0.944914997 35 1 0 0 0 0 0 0 0 0 0 0 
5.47617483 3.1371398 0.119551823 -0.0937546864 -0.313601345 0.944914997 35 1 0 0 0 0 0 0 0 0 0 0 
5.42392588 3.14385104 0.1165912 -0.013573722 0.313618869 0.949451923 35 1 0 0 0 0 0 0 0 0 0 0 
5.47617483 3.1371398 0.119551823 -0.013573722 0.313618869 0.949451923 35 1 0 0 0 0 0 0 0 0 0 0 
5.48467493 3.19046569 0.102062017 -0.013573722 0.313618869 0.949451923 35 1 0 0 0 0 0 0 0 0 0 0 
5.43227005 3.19801974 0.0988144055 -0.013573722 0.313618869 0.949451923 35 1 0 0 0 0 0 0 0 0 0 0 
5.42392588 3.14385104 0.1165912 -0.0135692898 0.313728005 0.949415922 35 1 0 0 0 0 0 0 0 0 0 0 
5.43227005 3.19801974 0.0988144055 -0.0135692898 0.313728005 0.949415922 35 1 0 0 0 0 0 0 0 0 0 0 
5.37868452 3.2057364 0.0954952687 -0.0135692898 0.313728005 0.949415922 35 0.948610306 34 0.0513897128 0 0 0 0 0 0 0 0 
5.37054443 3.15071321 0.113564134 -0.0135692898 0.313728005 0.949415922 35 0.949967802 34 0.050032191 0 0 0 0 0 0 0 0 
5.42392588 3.14385104 0.1165912 -0.0938700065 -0.313518226 0.94493109 35 1 0 0 0 0 0 0 0 0 0 0 
5.37054443 3.15071321 0.113564134 -0.0938700065 -0.313518226 0.94493109 35 0.949967802 34 0.050032191 0 0 0 0 0 0 0 0 
5.36518288 3.09559798 0.0947458446 -0.0938700065 -0.313518226 0.94493109 35 0.945885062 34 0.0541149639 0 0 0 0 0 0 0 0 
5.41838074 3.08958507 0.0980346203 -0.0938700065 -0.313518226 0.94493109 35 1 0 0 0 0 0 0 0 0 0 0 
5.4387846 3.21594644 0.0444442928 0.115322933 0.939178884 0.323486716 35 1 0 0 0 0 0 0 0 0 0 0 
5.43227005 3.19801974 0.0988144055 0.115322933 0.939178884 0.323486716 35 1 0 0 0 0 0 0 0 0 0 0 
5.48467493 3.19046569 0.102062017 0.115322933 0.939178884 0.323486716 35 1 0 0 0 0 0 0 0 0 0 0 
5.49127722 3.2080996 0.0485124551 0.115322933 0.939178884 0.323486716 35 1 0 0 0 0 0 0 0 0 0 0 
5.4387846 3.21594644 0.0444442928 0.163931504 0.93748951 -0.306985438 35 1 0 0 0 0 0 0 0 0 0 0 
5.49127722 3.2080996 0.0485124551 0.163931504 0.93748951 -0.306985438 35 1 0 0 0 0 0 0 0 0 0 0 
5.493155 3.19014764 -0.00530714262 0.163931504 0.93748951 -0.306985438 35 1 0 0 0 0 0 0 0 0 0 0 
5.44066858 3.19772816 -0.0101857502 0.163931504 0.93748951 -0.306985438 35 1 0 0 0 0 0 0 0 0 0 0 
5.4387846 3.21594644 0.0444442928 0.163621426 0.937534571 -0.307013005 35 1 0 0 0 0 0 0 0 0 0 0 
5.44066858 3.19772816 -0.0101857502 0.163621426 0.937534571 -0.307013005 35 1 0 0 0 0 0 0 0 0 0 0 
5.38701963 3.20546031 -0.0151662063 0.163621426 0.937534571 -0.307013005 35 0.949489057 34 0.0505109131 0 0 0 0 0 0 0 0 
5.38510227 3.22395468 0.0402894355 0.163621426 0.937534571 -0.307013005 35 0.954497993 34 0.045502007 0 0 0 0 0 0 0 0 
5.4387846 3.21594644 0.0444442928 0.115154378 0.939227104 0.323406816 35 1 0 0 0 0 0 0 0 0 0 0 
5.38510227 3.22395468 0.0402894355 0.115154378 0.939227104 0.323406816 35 0.954497993 34 0.045502007 0 0 0 0 0 0 0 0 
5.37868452 3.2057364 0.0954952687 0.115154378 0.939227104 0.323406816 35 0.948610306 34 0.0513897128 0 0 0 0 0 0 0 0 
5.43227005 3.19801974 0.0988144055 0.115154378 0.939227104 0.323406816 35 1 0 0 0 0 0 0 0 0 0 0 
5.43512344 3.14346194 -0.0287423357 0.132136494 0.308595091 -0.941970825 35 1 0 0 0 0 0 0 0 0 0 0 
5.44066858 3.19772816 -0.0101857502 0.132136494 0.308595091 -0.941970825 35 1 0 0 0 0 0 0 0 0 0 0 
5.493155 3.19014764 -0.00530714262 0.132136494 0.308595091 -0.941970825 35 1 0 0 0 0 0 0 0 0 0 0 
5.48748207 3.13671589 -0.0236070529 0.132136494 0.308595091 -0.941970825 35 1 0 0 0 0 0 0 0 0 0 0 
5.43512344 3.14346194 -0.0287423357 0.0518227592 -0.318632841 -0.946460545 35 1 0 0 0 0 0 0 0 0 0 0 
5.48748207 3.13671589 -0.0236070529 0.0518227592 -0.318632841 -0.946460545 35 1 0 0 0 0 0 0 0 0 0 0 
5.47898197 3.08339024 -0.00611724053 0.0518227592 -0.318632841 -0.946460545 35 1 0 0 0 0 0 0 0 0 0 0 
5.42677879 3.08929324 -0.0109655336 0.0518227592 -0.318632841 -0.946460545 35 1 0 0 0 0 0 0 0 0 0 0 
5.43512344 3.14346194 -0.0287423357 0.0518491864 -0.318541914 -0.946489751 35 1 0 0 0 0 0 0 0 0 0 0 
5.42677879 3.08929324 -0.0109655336 0.0518491864 -0.318541914 -0.946489751 35 1 0 0 0 0 0 0 0 0 0 0 
5.37351704 3.09532213 -0.0159156378 0.0518491864 -0.318541914 -0.946489751 35 0.946775496 34 0.0532244854 0 0 0 0 0 0 0 0 
5.3816576 3.15034556 -0.0339845009 0.0518491864 -0.318541914 -0.946489751 35 0.952214003 34 0.0477859825 0 0 0 0 0 0 0 0 
5.43512344 3.14346194 -0.0287423357 0.132017806 0.308695942 -0.941954494 35 1 0 0 0 0 0 0 0 0 0 0 
5.3816576 3.15034556 -0.0339845009 0.132017806 0.308695942 -0.941954494 35 0.952214003 34 0.0477859825 0 0 0 0 0 0 0 0 
5.38701963 3.20546031 -0.0151662063 0.132017806 0.308695942 -0.941954494 35 0.949489057 34 0.0505109131 0 0 0 0 0 0 0 0 
5.44066858 3.19772816 -0.0101857502 0.132017806 0.308695942 -0.941954494 35 1 0 0 0 0 0 0 0 0 0 0 
5.52325153 3.06030607 0.0513585806 -0.0540097319 -0.946762204 -0.31737116 35 0.930658698 36 0.069341287 0 0 0 0 0 0 0 0 
5.53031254 3.07759571 -0.00134790502 -0.0540097319 -0.946762204 -0.31737116 35 0.929887772 36 0.0701122135 0 0 0 0 0 0 0 0 
5.5772934 3.07289767 0.00459953956 -0.0540097319 -0.946762204 -0.31737116 35 0.757905304 36 0.242094696 0 0 0 0 0 0 0 0 
5.56981754 3.05637503 0.0552337095 -0.0540097319 -0.946762204 -0.31737116 35 0.755287409 36 0.244712606 0 0 0 0 0 0 0 0 
5.52325153 3.06030607 0.0513585806 -0.105583407 -0.944377542 0.311453611 35 0.930658698 36 0.069341287 0 0 0 0 0 0 0 0 
5.56981754 3.05637503 0.0552337095 -0.105583407 -0.944377542 0.311453611 35 0.755287409 36 0.244712606 0 0 0 0 0 0 0 0 
5.56789589 3.07340717 0.106218062 -0.105583407 -0.944377542 0.311453611 35 0.753991723 36 0.246008262 0 0 0 0 0 0 0 0 
5.52133703 3.07800102 0.104373157 -0.105583407 -0.944377542 0.311453611 35 0.927938282 36 0.0720617175 0 0 0 0 0 0 0 0 
5.52325153 3.06030607 0.0513585806 -0.124875173 -0.942486882 0.310039878 35 0.930658698 36 0.069341287 0 0 0 0 0 0 0 0 
5.52133703 3.07800102 0.104373157 -0.124875173 -0.942486882 0.310039878 35 0.927938282 36 0.0720617175 0 0 0 0 0 0 0 0 
5.4705019 3.08370805 0.101251923 -0.124875173 -0.942486882 0.310039878 35 1 0 0 0 0 0 0 0 0 0 0 
5.47237968 3.06575632 0.0474323221 -0.124875173 -0.942486882 0.310039878 35 1 0 0 0 0 0 0 0 0 0 0 
5.52325153 3.06030607 0.0513585806 -0.0766416341 -0.944243193 -0.320204377 35 0.930658698 36 0.069341287 0 0 0 0 0 0 0 0 
5.47237968 3.06575632 0.0474323221 -0.0766416341 -0.944243193 -0.320204377 35 1 0 0 0 0 0 0 0 0 0 0 
5.47898197 3.08339024 -0.00611724053 -0.0766416341 -0.944243193 -0.320204377 35 1 0 0 0 0 0 0 0 0 0 0 
5.53031254 3.07759571 -0.00134790502 -0.0766416341 -0.944243193 -0.320204377 35 0.929887772 36 0.0701122135 0 0 0 0 0 0 0 0 
5.52755976 3.13054514 0.122455463 -0.0693675131 -0.317703605 0.945649266 35 0.932425022 36 0.0675749853 0 0 0 0 0 0 0 0 
5.52133703 3.07800102 0.104373157 -0.0693675131 -0.317703605 0.945649266 35 0.927938282 36 0.0720617175 0 0 0 0 0 0 0 0 
5.56789589 3.07340717 0.106218062 -0.0693675131 -0.317703605 0.945649266 35 0.753991723 36 0.246008262 0 0 0 0 0 0 0 0 
5.57466078 3.12382412 0.123679757 -0.0693675131 -0.317703605 0.945649266 35 0.759183884 36 0.240816131 0 0 0 0 0 0 0 0 
5.52755976 3.13054514 0.122455463 0.0185529739 0.307633281 0.951324105 35 0.932425022 36 0.0675749853 0 0 0 0 0 0 0 0 
5.57466078 3.12382412 0.123679757 0.0185529739 0.307633281 0.951324105 35 0.759183884 36 0.240816131 0 0 0 0 0 0 0 0 
5.58455801 3.17407131 0.107268609 0.0185529739 0.307633281 0.951324105 35 0.763113618 36 0.236886397 0 0 0 0 0 0 0 0 
5.53677416 3.18295431 0.105297424 0.0185529739 0.307633281 0.951324105 35 0.932433009 36 0.0675669983 0 0 0 0 0 0 0 0 
5.52755976 3.13054514 0.122455463 -0.0136067523 0.313420832 0.949516892 35 0.932425022 36 0.0675749853 0 0 0 0 0 0 0 0 
5.53677416 3.18295431 0.105297424 -0.0136067523 0.313420832 0.949516892 35 0.932433009 36 0.0675669983 0 0 0 0 0 0 0 0 
5.48467493 3.19046569 0.102062017 -0.0136067523 0.313420832 0.949516892 35 1 0 0 0 0 0 0 0 0 0 0 
5.47617483 3.1371398 0.119551823 -0.0136067523 0.313420832 0.949516892 35 1 0 0 0 0 0 0 0 0 0 0 
5.52755976 3.13054514 0.122455463 -0.0934654027 -0.313881129 0.944850743 35 0.932425022 36 0.0675749853 0 0 0 0 0 0 0 0 
5.47617483 3.1371398 0.119551823 -0.0934654027 -0.313881129 0.944850743 35 1 0 0 0 0 0 0 0 0 0 0 
5.4705019 3.08370805 0.101251923 -0.0934654027 -0.313881129 0.944850743 35 1 0 0 0 0 0 0 0 0 0 0 
5.52133703 3.07800102 0.104373157 -0.0934654027 -0.313881129 0.944850743 35 0.927938282 36 0.0720617175 0 0 0 0 0 0 0 0 
5.54383469 3.20024395 0.0525909364 0.159345746 0.931430995 0.327177525 35 0.936743081 36 0.0632569268 0 0 0 0 0 0 0 0 
5.53677416 3.18295431 0.105297424 0.159345746 0.931430995 0.327177525 35 0.932433009 36 0.0675669983 0 0 0 0 0 0 0 0 
5.58455801 3.17407131 0.107268609 0.159345746 0.931430995 0.327177525 35 0.763113618 36 0.236886397 0 0 0 0 0 0 0 0 
5.59203339 3.1905942 0.0566344373 0.159345746 0.931430995 0.327177525 35 0.769007325 36 0.230992675 0 0 0 0 0 0 0 0 
5.54383469 3.20024395 0.0525909364 0.211416513 0.929393232 -0.302541345 35 0.936743081 36 0.0632569268 0 0 0 0 0 0 0 0 
5.59203339 3.1905942 0.0566344373 0.211416513 0.929393232 -0.302541345 35 0.769007325 36 0.230992675 0 0 0 0 0 0 0 0 
5.59395552 3.17356205 0.00565008679 0.211416513 0.929393232 -0.302541345 35 0.76708734 36 0.232912645 0 0 0 0 0 0 0 0 
5.54574966 3.182549 -0.000423640013 0.211416513 0.929393232 -0.302541345 35 0.934371948 36 0.0656280294 0 0 0 0 0 0 0 0 
5.54383469 3.20024395 0.0525909364 0.163948476 0.937486053 -0.306986809 35 0.936743081 36 0.0632569268 0 0 0 0 0 0 0 0 
5.54574966 3.182549 -0.000423640013 0.163948476 0.937486053 -0.306986809 35 0.934371948 36 0.0656280294 0 0 0 0 0 0 0 0 
5.493155 3.19014764 -0.00530714262 0.163948476 0.937486053 -0.306986809 35 1 0 0 0 0 0 0 0 0 0 0 
5.49127722 3.2080996 0.0485124551 0.163948476 0.937486053 -0.306986809 35 1 0 0 0 0 0 0 0 0 0 0 
5.54383469 3.20024395 0.0525909364 0.115291893 0.939175606 0.323507428 35 0.936743081 36 0.0632569268 0 0 0 0 0 0 0 0 
5.49127722 3.2080996 0.0485124551 0.115291893 0.939175606 0.323507428 35 1 0 0 0 0 0 0 0 0 0 0 
5.48467493 3.19046569 0.102062017 0.115291893 0.939175606 0.323507428 35 1 0 0 0 0 0 0 0 0 0 0 
5.53677416 3.18295431 0.105297424 0.115291893 0.939175606 0.323507428 35 0.932433009 36 0.0675669983 0 0 0 0 0 0 0 0 
5.53952694 3.13000488 -0.0185059495 0.174675345 0.301540792 -0.937316179 35 0.935017526 36 0.0649824739 0 0 0 0 0 0 0 0 
5.54574966 3.182549 -0.000423640013 0.174675345 0.301540792 -0.937316179 35 0.934371948 36 0.0656280294 0 0 0 0 0 0 0 0 
5.59395552 3.17356205 0.00565008679 0.174675345 0.301540792 -0.937316179 35 0.76708734 36 0.232912645 0 0 0 0 0 0 0 0 
5.58719063 3.12314487 -0.0118116075 0.174675345 0.301540792 -0.937316179 35 0.764902949 36 0.235097066 0 0 0 0 0 0 0 0 
5.53952694 3.13000488 -0.0185059495 0.08625184 -0.324121684 -0.942075312 35 0.935017526 36 0.0649824739 0 0 0 0 0 0 0 0 
5.58719063 3.12314487 -0.0118116075 0.08625184 -0.324121684 -0.942075312 35 0.764902949 36 0.235097066 0 0 0 0 0 0 0 0 
5.5772934 3.07289767 0.00459953956 0.08625184 -0.324121684 -0.942075312 35 0.757905304 36 0.242094696 0 0 0 0 0 0 0 0 
5.53031254 3.07759571 -0.00134790502 0.08625184 -0.324121684 -0.942075312 35 0.929887772 36 0.0701122135 0 0 0 0 0 0 0 0 
5.53952694 3.13000488 -0.0185059495 0.0517966188 -0.318805218 -0.94640398 35 0.935017526 36 0.0649824739 0 0 0 0 0 0 0 0 
5.53031254 3.07759571 -0.00134790502 0.0517966188 -0.318805218 -0.94640398 35 0.929887772 36 0.0701122135 0 0 0 0 0 0 0 0 
5.47898197 3.08339024 -0.00611724053 0.0517966188 -0.318805218 -0.94640398 35 1 0 0 0 0 0 0 0 0 0 0 
5.48748207 3.13671589 -0.0236070529 0.0517966188 -0.318805218 -0.94640398 35 1 0 0 0 0 0 0 0 0 0 0 
5.53952694 3.13000488 -0.0185059495 0.132081822 0.308564425 -0.941988528 35 0.935017526 36 0.0649824739 0 0 0 0 0 0 0 0 
5.48748207 3.13671589 -0.0236070529 0.132081822 0.308564425 -0.941988528 35 1 0 0 0 0 0 0 0 0 0 0 
5.493155 3.19014764 -0.00530714262 0.132081822 0.308564425 -0.941988528 35 1 0 0 0 0 0 0 0 0 0 0 
5.54574966 3.182549 -0.000423640013 0.132081822 0.308564425 -0.941988528 35 0.934371948 36 0.0656280294 0 0 0 0 0 0 0 0 
5.60901213 3.05532074 0.0591080673 0.0404421166 -0.952610433 -0.301492721 36 0.756391168 35 0.243608847 0 0 0 0 0 0 0 0 
5.6164465 3.07028341 0.0129821617 0.0404421166 -0.952610433 -0.301492721 36 0.744371951 35 0.255628049 0 0 0 0 0 0 0 0 
5.64960194 3.06878901 0.0219966322 0.0404421166 -0.952610433 -0.301492721 36 0.912020743 35 0.087979272 0 0 0 0 0 0 0 0 
5.64255857 3.05563569 0.0627661571 0.0404421166 -0.952610433 -0.301492721 36 0.915130913 35 0.0848690644 0 0 0 0 0 0 0 0 
5.60901213 3.05532074 0.0591080673 -0.0254228394 -0.948343456 0.316225171 36 0.756391168 35 0.243608847 0 0 0 0 0 0 0 0 
5.64255857 3.05563569 0.0627661571 -0.0254228394 -0.948343456 0.316225171 36 0.915130913 35 0.0848690644 0 0 0 0 0 0 0 0 
5.64088917 3.06940484 0.10390719 -0.0254228394 -0.948343456 0.316225171 36 0.909980059 35 0.0900199637 0 0 0 0 0 0 0 0 
5.60718775 3.07086921 0.105606377 -0.0254228394 -0.948343456 0.316225171 36 0.741601706 35 0.258398294 0 0 0 0 0 0 0 0 
5.60901213 3.05532074 0.0591080673 -0.0564405173 -0.947568834 0.314528018 36 0.756391168 35 0.243608847 0 0 0 0 0 0 0 0 
5.60718775 3.07086921 0.105606377 -0.0564405173 -0.947568834 0.314528018 36 0.741601706 35 0.258398294 0 0 0 0 0 0 0 0 
5.56789589 3.07340717 0.106218062 -0.0564405173 -0.947568834 0.314528018 35 0.753991723 36 0.246008262 0 0 0 0 0 0 0 0 
5.56981754 3.05637503 0.0552337095 -0.0564405173 -0.947568834 0.314528018 35 0.755287409 36 0.244712606 0 0 0 0 0 0 0 0 
5.60901213 3.05532074 0.0591080673 0.00378875271 -0.951089084 -0.308893323 36 0.756391168 35 0.243608847 0 0 0 0 0 0 0 0 
5.56981754 3.05637503 0.0552337095 0.00378875271 -0.951089084 -0.308893323 35 0.755287409 36 0.244712606 0 0 0 0 0 0 0 0 
5.5772934 3.07289767 0.00459953956 0.00378875271 -0.951089084 -0.308893323 35 0.757905304 36 0.242094696 0 0 0 0 0 0 0 0 
5.6164465 3.07028341 0.0129821617 0.00378875271 -0.951089084 -0.308893323 36 0.744371951 35 0.255628049 0 0 0 0 0 0 0 0 
5.61405897 3.11673355 0.121602342 0.0313714147 -0.334378511 0.941916645 36 0.758853197 35 0.241146803 0 0 0 0 0 0 0 0 
5.60718775 3.07086921 0.105606377 0.0313714147 -0.334378511 0.941916645 36 0.741601706 35 0.258398294 0 0 0 0 0 0 0 0 
5.64088917 3.06940484 0.10390719 0.0313714147 -0.334378511 0.941916645 36 0.909980059 35 0.0900199637 0 0 0 0 0 0 0 0 
5.64750004 3.10989094 0.118116207 0.0313714147 -0.334378511 0.941916645 36 0.916903734 35 0.0830962583 0 0 0 0 0 0 0 0 
5.61405897 3.11673355 0.121602342 0.15289478 0.274351865 0.949396729 36 0.758853197 35 0.241146803 0 0 0 0 0 0 0 0 
5.64750004 3.10989094 0.118116207 0.15289478 0.274351865 0.949396729 36 0.916903734 35 0.0830962583 0 0 0 0 0 0 0 0 
5.65701437 3.15017176 0.1050217 0.15289478 0.274351865 0.949396729 36 0.914637387 35 0.0853626281 0 0 0 0 0 0 0 0 
5.62401676 3.16240239 0.106723577 0.15289478 0.274351865 0.949396729 36 0.748227239 35 0.251772732 0 0 0 0 0 0 0 0 
5.61405897 3.11673355 0.121602342 0.100569531 0.289691478 0.951821804 36 0.758853197 35 0.241146803 0 0 0 0 0 0 0 0 
5.62401676 3.16240239 0.106723577 0.100569531 0.289691478 0.951821804 36 0.748227239 35 0.251772732 0 0 0 0 0 0 0 0 
5.58455801 3.17407131 0.107268609 0.100569531 0.289691478 0.951821804 35 0.763113618 36 0.236886397 0 0 0 0 0 0 0 0 
5.57466078 3.12382412 0.123679757 0.100569531 0.289691478 0.951821804 35 0.759183884 36 0.240816131 0 0 0 0 0 0 0 0 
5.61405897 3.11673355 0.121602342 -0.00775101362 -0.327258289 0.944903076 36 0.758853197 35 0.241146803 0 0 0 0 0 0 0 0 
5.57466078 3.12382412 0.123679757 -0.00775101362 -0.327258289 0.944903076 35 0.759183884 36 0.240816131 0 0 0 0 0 0 0 0 
5.56789589 3.07340717 0.106218062 -0.00775101362 -0.327258289 0.944903076 35 0.753991723 36 0.246008262 0 0 0 0 0 0 0 0 
5.60718775 3.07086921 0.105606377 -0.00775101362 -0.327258289 0.944903076 36 0.741601706 35 0.258398294 0 0 0 0 0 0 0 0 
5.63145113 3.17736506 0.0605976731 0.340796173 0.876369476 0.340344846 36 0.764895797 35 0.235104188 0 0 0 0 0 0 0 0 
5.62401676 3.16240239 0.106723577 0.340796173 0.876369476 0.340344846 36 0.748227239 35 0.251772732 0 0 0 0 0 0 0 0 
5.65701437 3.15017176 0.1050217 0.340796173 0.876369476 0.340344846 36 0.914637387 35 0.0853626281 0 0 0 0 0 0 0 0 
5.66405773 3.16332531 0.0642521754 0.340796173 0.876369476 0.340344846 36 0.920950055 35 0.0790499374 0 0 0 0 0 0 0 0 
5.63145113 3.17736506 0.0605976731 0.405902654 0.871450007 -0.275350809 36 0.764895797 35 0.235104188 0 0 0 0 0 0 0 0 
5.66405773 3.16332531 0.0642521754 0.405902654 0.871450007 -0.275350809 36 0.920950055 35 0.0790499374 0 0 0 0 0 0 0 0 
5.66572618 3.14955616 0.0231111422 0.405902654 0.871450007 -0.275350809 36 0.916610062 35 0.0833899453 0 0 0 0 0 0 0 0 
5.63327551 3.1618166 0.014099367 0.405902654 0.871450007 -0.275350809 36 0.750998676 35 0.249001309 0 0 0 0 0 0 0 0 
5.63145113 3.17736506 0.0605976731 0.330471903 0.898891926 -0.287717998 36 0.764895797 35 0.235104188 0 0 0 0 0 0 0 0 
5.63327551 3.1618166 0.014099367 0.330471903 0.898891926 -0.287717998 36 0.750998676 35 0.249001309 0 0 0 0 0 0 0 0 
5.59395552 3.17356205 0.00565008679 0.330471903 0.898891926 -0.287717998 35 0.76708734 36 0.232912645 0 0 0 0 0 0 0 0 
5.59203339 3.1905942 0.0566344373 0.330471903 0.898891926 -0.287717998 35 0.769007325 36 0.230992675 0 0 0 0 0 0 0 0 
5.63145113 3.17736506 0.0605976731 0.270344734 0.902481854 0.335321188 36 0.764895797 35 0.235104188 0 0 0 0 0 0 0 0 
5.59203339 3.1905942 0.0566344373 0.270344734 0.902481854 0.335321188 35 0.769007325 36 0.230992675 0 0 0 0 0 0 0 0 
5.58455801 3.17407131 0.107268609 0.270344734 0.902481854 0.335321188 35 0.763113618 36 0.236886397 0 0 0 0 0 0 0 0 
5.62401676 3.16240239 0.106723577 0.270344734 0.902481854 0.335321188 36 0.748227239 35 0.251772732 0 0 0 0 0 0 0 0 
5.62640429 3.11595225 -0.0018966049 0.35000509 0.260138631 -0.899902463 36 0.762455821 35 0.237544179 0 0 0 0 0 0 0 0 
5.63327551 3.1618166 0.014099367 0.35000509 0.260138631 -0.899902463 36 0.750998676 35 0.249001309 0 0 0 0 0 0 0 0 
5.66572618 3.14955616 0.0231111422 0.35000509 0.260138631 -0.899902463 36 0.916610062 35 0.0833899453 0 0 0 0 0 0 0 0 
5.65911627 3.10906982 0.00890212692 0.35000509 0.260138631 -0.899902463 36 0.919505596 35 0.0804944038 0 0 0 0 0 0 0 0 
5.62640429 3.11595225 -0.0018966049 0.229235515 -0.347817987 -0.909106076 36 0.762455821 35 0.237544179 0 0 0 0 0 0 0 0 
5.65911627 3.10906982 0.00890212692 0.229235515 -0.347817987 -0.909106076 36 0.919505596 35 0.0804944038 0 0 0 0 0 0 0 0 
5.64960194 3.06878901 0.0219966322 0.229235515 -0.347817987 -0.909106076 36 0.912020743 35 0.087979272 0 0 0 0 0 0 0 0 
5.6164465 3.07028341 0.0129821617 0.229235515 -0.347817987 -0.909106076 36 0.744371951 35 0.255628049 0 0 0 0 0 0 0 0 
5.62640429 3.11595225 -0.0018966049 0.173723459 -0.337732643 -0.925071299 36 0.762455821 35 0.237544179 0 0 0 0 0 0 0 0 
5.6164465 3.07028341 0.0129821617 0.173723459 -0.337732643 -0.925071299 36 0.744371951 35 0.255628049 0 0 0 0 0 0 0 0 
5.5772934 3.07289767 0.00459953956 0.173723459 -0.337732643 -0.925071299 35 0.757905304 36 0.242094696 0 0 0 0 0 0 0 0 
5.58719063 3.12314487 -0.0118116075 0.173723459 -0.337732643 -0.925071299 35 0.764902949 36 0.235097066 0 0 0 0 0 0 0 0 
5.62640429 3.11595225 -0.0018966049 0.281951874 0.279059142 -0.917948306 36 0.762455821 35 0.237544179 0 0 0 0 0 0 0 0 
5.58719063 3.12314487 -0.0118116075 0.281951874 0.279059142 -0.917948306 35 0.764902949 36 0.235097066 0 0 0 0 0 0 0 0 
5.59395552 3.17356205 0.00565008679 0.281951874 0.279059142 -0.917948306 35 0.76708734 36 0.232912645 0 0 0 0 0 0 0 0 
5.63327551 3.1618166 0.014099367 0.281951874 0.279059142 -0.917948306 36 0.750998676 35 0.249001309 0 0 0 0 0 0 0 0 
5.67217827 3.05581164 0.0659924969 0.485102564 -0.843635976 -0.230117425 36 0.985637248 35 0.0143627366 0 0 0 0 0 0 0 0 
5.67858887 3.06745052 0.0298396219 0.485102564 -0.843635976 -0.230117425 36 0.979470074 35 0.0205299109 0 0 0 0 0 0 0 0 
5.69431639 3.07500458 0.042300906 0.485102564 -0.843635976 -0.230117425 36 1 0 0 0 0 0 0 0 0 0 0 
5.69508791 3.06641936 0.0684022382 0.485102564 -0.843635976 -0.230117425 36 1 0 0 0 0 0 0 0 0 0 0 
5.67217827 3.05581164 0.0659924969 0.422801435 -0.839046359 0.342403591 36 0.985637248 35 0.0143627366 0 0 0 0 0 0 0 0 
5.69508791 3.06641936 0.0684022382 0.422801435 -0.839046359 0.342403591 36 1 0 0 0 0 0 0 0 0 0 0 
5.68873215 3.07541442 0.0935871154 0.422801435 -0.839046359 0.342403591 36 1 0 0 0 0 0 0 0 0 0 0 
5.67067909 3.06803083 0.102489613 0.422801435 -0.839046359 0.342403591 36 0.977642775 35 0.0223572087 0 0 0 0 0 0 0 0 
5.67217827 3.05581164 0.0659924969 -0.028760476 -0.948242247 0.316242844 36 0.985637248 35 0.0143627366 0 0 0 0 0 0 0 0 
5.67067909 3.06803083 0.102489613 -0.028760476 -0.948242247 0.316242844 36 0.977642775 35 0.0223572087 0 0 0 0 0 0 0 0 
5.64088917 3.06940484 0.10390719 -0.028760476 -0.948242247 0.316242844 36 0.909980059 35 0.0900199637 0 0 0 0 0 0 0 0 
5.64255857 3.05563569 0.0627661571 -0.028760476 -0.948242247 0.316242844 36 0.915130913 35 0.0848690644 0 0 0 0 0 0 0 0 
5.67217827 3.05581164 0.0659924969 0.037868347 -0.953018904 -0.300534368 36 0.985637248 35 0.0143627366 0 0 0 0 0 0 0 0 
5.64255857 3.05563569 0.0627661571 0.037868347 -0.953018904 -0.300534368 36 0.915130913 35 0.0848690644 0 0 0 0 0 0 0 0 
5.64960194 3.06878901 0.0219966322 0.037868347 -0.953018904 -0.300534368 36 0.912020743 35 0.087979272 0 0 0 0 0 0 0 0 
5.67858887 3.06745052 0.0298396219 0.037868347 -0.953018904 -0.300534368 36 0.979470074 35 0.0205299109 0 0 0 0 0 0 0 0 
5.67672825 3.10391402 0.115114309 0.464215994 -0.400999367 0.789748669 36 0.986823499 35 0.013176498 0 0 0 0 0 0 0 0 
5.67067909 3.06803083 0.102489613 0.464215994 -0.400999367 0.789748669 36 0.977642775 35 0.0223572087 0 0 0 0 0 0 0 0 
5.68873215 3.07541442 0.0935871154 0.464215994 -0.400999367 0.789748669 36 1 0 0 0 0 0 0 0 0 0 0 
5.6982336 3.09967089 0.102358483 0.464215994 -0.400999367 0.789748669 36 1 0 0 0 0 0 0 0 0 0 0 
5.67672825 3.10391402 0.115114309 0.580335081 0.163043365 0.797889769 36 0.986823499 35 0.013176498 0 0 0 0 0 0 0 0 
5.6982336 3.09967089 0.102358483 0.580335081 0.163043365 0.797889769 36 1 0 0 0 0 0 0 0 0 0 0 
5.69913483 3.12594032 0.0943161547 0.580335081 0.163043365 0.797889769 36 1 0 0 0 0 0 0 0 0 0 0 
5.68541431 3.13960409 0.103522345 0.580335081 0.163043365 0.797889769 36 0.980728209 35 0.0192717928 0 0 0 0 0 0 0 0 
5.67672825 3.10391402 0.115114309 0.152366042 0.272229224 0.950092614 36 0.986823499 35 0.013176498 0 0 0 0 0 0 0 0 
5.68541431 3.13960409 0.103522345 0.152366042 0.272229224 0.950092614 36 0.980728209 35 0.0192717928 0 0 0 0 0 0 0 0 
5.65701437 3.15017176 0.1050217 0.152366042 0.272229224 0.950092614 36 0.914637387 35 0.0853626281 0 0 0 0 0 0 0 0 
5.64750004 3.10989094 0.118116207 0.152366042 0.272229224 0.950092614 36 0.916903734 35 0.0830962583 0 0 0 0 0 0 0 0 
5.67672825 3.10391402 0.115114309 0.0287086405 -0.335594833 0.941568911 36 0.986823499 35 0.013176498 0 0 0 0 0 0 0 0 
5.64750004 3.10989094 0.118116207 0.0287086405 -0.335594833 0.941568911 36 0.916903734 35 0.0830962583 0 0 0 0 0 0 0 0 
5.64088917 3.06940484 0.10390719 0.0287086405 -0.335594833 0.941568911 36 0.909980059 35 0.0900199637 0 0 0 0 0 0 0 0 
5.67067909 3.06803083 0.102489613 0.0287086405 -0.335594833 0.941568911 36 0.977642775 35 0.0223572087 0 0 0 0 0 0 0 0 
5.69182539 3.15124273 0.067369476 0.717810571 0.594054997 0.363107085 36 0.987754583 35 0.0122454138 0 0 0 0 0 0 0 0 
5.68541431 3.13960409 0.103522345 0.717810571 0.594054997 0.363107085 36 0.980728209 35 0.0192717928 0 0 0 0 0 0 0 0 
5.69913483 3.12594032 0.0943161547 0.717810571 0.594054997 0.363107085 36 1 0 0 0 0 0 0 0 0 0 0 
5.70866966 3.13238764 0.069354102 0.717810571 0.594054997 0.363107085 36 1 0 0 0 0 0 0 0 0 0 0 
5.69182539 3.15124273 0.067369476 0.780158877 0.589475155 -0.209454417 36 0.987754583 35 0.0122454138 0 0 0 0 0 0 0 0 
5.70866966 3.13238764 0.069354102 0.780158877 0.589475155 -0.209454417 36 1 0 0 0 0 0 0 0 0 0 0 
5.70471859 3.12553072 0.0430299453 0.780158877 0.589475155 -0.209454417 36 1 0 0 0 0 0 0 0 0 0 0 
5.69332457 3.13902378 0.030872358 0.780158877 0.589475155 -0.209454417 36 0.98248446 35 0.0175155308 0 0 0 0 0 0 0 0 
5.69182539 3.15124273 0.067369476 0.409351707 0.870089829 -0.274544895 36 0.987754583 35 0.0122454138 0 0 0 0 0 0 0 0 
5.69332457 3.13902378 0.030872358 0.409351707 0.870089829 -0.274544895 36 0.98248446 35 0.0175155308 0 0 0 0 0 0 0 0 
5.66572618 3.14955616 0.0231111422 0.409351707 0.870089829 -0.274544895 36 0.916610062 35 0.0833899453 0 0 0 0 0 0 0 0 
5.66405773 3.16332531 0.0642521754 0.409351707 0.870089829 -0.274544895 36 0.920950055 35 0.0790499374 0 0 0 0 0 0 0 0 
5.69182539 3.15124273 0.067369476 0.342962056 0.874890745 0.341969818 36 0.987754583 35 0.0122454138 0 0 0 0 0 0 0 0 
5.66405773 3.16332531 0.0642521754 0.342962056 0.874890745 0.341969818 36 0.920950055 35 0.0790499374 0 0 0 0 0 0 0 0 
5.65701437 3.15017176 0.1050217 0.342962056 0.874890745 0.341969818 36 0.914637387 35 0.0853626281 0 0 0 0 0 0 0 0 
5.68541431 3.13960409 0.103522345 0.342962056 0.874890745 0.341969818 36 0.980728209 35 0.0192717928 0 0 0 0 0 0 0 0 
5.68727541 3.10314035 0.0182476584 0.738738656 0.151422933 -0.656762064 36 0.989024162 35 0.0109758535 0 0 0 0 0 0 0 0 
5.69332457 3.13902378 0.030872358 0.738738656 0.151422933 -0.656762064 36 0.98248446 35 0.0175155308 0 0 0 0 0 0 0 0 
5.70471859 3.12553072 0.0430299453 0.738738656 0.151422933 -0.656762064 36 1 0 0 0 0 0 0 0 0 0 0 
5.70552397 3.09913588 0.03539785 0.738738656 0.151422933 -0.656762064 36 1 0 0 0 0 0 0 0 0 0 0 
5.68727541 3.10314035 0.0182476584 0.622594655 -0.412614852 -0.6649248 36 0.989024162 35 0.0109758535 0 0 0 0 0 0 0 0 
5.70552397 3.09913588 0.03539785 0.622594655 -0.412614852 -0.6649248 36 1 0 0 0 0 0 0 0 0 0 0 
5.69431639 3.07500458 0.042300906 0.622594655 -0.412614852 -0.6649248 36 1 0 0 0 0 0 0 0 0 0 0 
5.67858887 3.06745052 0.0298396219 0.622594655 -0.412614852 -0.6649248 36 0.979470074 35 0.0205299109 0 0 0 0 0 0 0 0 
5.68727541 3.10314035 0.0182476584 0.2287229 -0.349981695 -0.90840441 36 0.989024162 35 0.0109758535 0 0 0 0 0 0 0 0 
5.67858887 3.06745052 0.0298396219 0.2287229 -0.349981695 -0.90840441 36 0.979470074 35 0.0205299109 0 0 0 0 0 0 0 0 
5.64960194 3.06878901 0.0219966322 0.2287229 -0.349981695 -0.90840441 36 0.912020743 35 0.087979272 0 0 0 0 0 0 0 0 
5.65911627 3.10906982 0.00890212692 0.2287229 -0.349981695 -0.90840441 36 0.919505596 35 0.0804944038 0 0 0 0 0 0 0 0 
5.68727541 3.10314035 0.0182476584 0.352146566 0.257765889 -0.899749696 36 0.989024162 35 0.0109758535 0 0 0 0 0 0 0 0 
5.65911627 3.10906982 0.00890212692 0.352146566 0.257765889 -0.899749696 36 0.919505596 35 0.0804944038 0 0 0 0 0 0 0 0 
5.66572618 3.14955616 0.0231111422 0.352146566 0.257765889 -0.899749696 36 0.916610062 35 0.0833899453 0 0 0 0 0 0 0 0 
5.69332457 3.13902378 0.030872358 0.352146566 0.257765889 -0.899749696 36 0.98248446 35 0.0175155308 0 0 0 0 0 0 0 0 
5.28038692 3.06454825 -0.224345341 -0.235665947 -0.936560571 -0.259453118 32 0.788452744 31 0.211547241 0 0 0 0 0 0 0 0 
5.27219391 3.08364224 -0.286248147 -0.235665947 -0.936560571 -0.259453118 32 0.787141502 31 0.212858498 0 0 0 0 0 0 0 0 
5.32698202 3.07209301 -0.293904126 -0.235665947 -0.936560571 -0.259453118 32 0.93925029 31 0.0607497208 0 0 0 0 0 0 0 0 
5.33343315 3.05338216 -0.232640758 -0.235665947 -0.936560571 -0.259453118 32 0.93882221 31 0.0611777902 0 0 0 0 0 0 0 0 
5.28038692 3.06454825 -0.224345341 -0.15142484 -0.912191272 0.380759209 32 0.788452744 31 0.211547241 0 0 0 0 0 0 0 0 
5.33343315 3.05338216 -0.232640758 -0.15142484 -0.912191272 0.380759209 32 0.93882221 31 0.0611777902 0 0 0 0 0 0 0 0 
5.3487072 3.0743463 -0.173702016 -0.15142484 -0.912191272 0.380759209 32 0.935187757 31 0.0648122132 0 0 0 0 0 0 0 0 
5.29658937 3.08729029 -0.166059434 -0.15142484 -0.912191272 0.380759209 32 0.778744519 31 0.221255511 0 0 0 0 0 0 0 0 
5.28038692 3.06454825 -0.224345341 -0.136236206 -0.904095113 0.405033231 32 0.788452744 31 0.211547241 0 0 0 0 0 0 0 0 
5.29658937 3.08729029 -0.166059434 -0.136236206 -0.904095113 0.405033231 32 0.778744519 31 0.221255511 0 0 0 0 0 0 0 0 
5.24047709 3.09957719 -0.159579381 -0.136236206 -0.904095113 0.405033231 31 0.77824527 32 0.221754715 0 0 0 0 0 0 0 0 
5.22282887 3.07475853 -0.218843222 -0.136236206 -0.904095113 0.405033231 31 0.780638278 32 0.219361737 0 0 0 0 0 0 0 0 
5.28038692 3.06454825 -0.224345341 -0.180551022 -0.949303091 -0.257341892 32 0.788452744 31 0.211547241 0 0 0 0 0 0 0 0 
5.22282887 3.07475853 -0.218843222 -0.180551022 -0.949303091 -0.257341892 31 0.780638278 32 0.219361737 0 0 0 0 0 0 0 0 
5.21136141 3.09219337 -0.277896672 -0.180551022 -0.949303091 -0.257341892 31 0.780025899 32 0.219974086 0 0 0 0 0 0 0 0 
5.27219391 3.08364224 -0.286248147 -0.180551022 -0.949303091 -0.257341892 32 0.787141502 31 0.212858498 0 0 0 0 0 0 0 0 
5.3119607 3.1478796 -0.146325096 0.0878474489 -0.308707088 0.947091758 32 0.796855688 31 0.203144342 0 0 0 0 0 0 0 0 
5.29658937 3.08729029 -0.166059434 0.0878474489 -0.308707088 0.947091758 32 0.778744519 31 0.221255511 0 0 0 0 0 0 0 0 
5.3487072 3.0743463 -0.173702016 0.0878474489 -0.308707088 0.947091758 32 0.935187757 31 0.0648122132 0 0 0 0 0 0 0 0 
5.36556244 3.13423467 -0.15715526 0.0878474489 -0.308707088 0.947091758 32 0.942659378 31 0.0573406518 0 0 0 0 0 0 0 0 
5.3119607 3.1478796 -0.146325096 0.267843723 0.315256983 0.91042459 32 0.796855688 31 0.203144342 0 0 0 0 0 0 0 0 
5.36556244 3.13423467 -0.15715526 0.267843723 0.315256983 0.91042459 32 0.942659378 31 0.0573406518 0 0 0 0 0 0 0 0 
5.37517643 3.19337177 -0.180675879 0.267843723 0.315256983 0.91042459 32 0.947085023 31 0.0529149547 0 0 0 0 0 0 0 0 
5.31958389 3.20875597 -0.169433624 0.267843723 0.315256983 0.91042459 32 0.809001565 31 0.190998405 0 0 0 0 0 0 0 0 
5.3119607 3.1478796 -0.146325096 0.260383457 0.292869091 0.920015275 32 0.796855688 31 0.203144342 0 0 0 0 0 0 0 0 
5.31958389 3.20875597 -0.169433624 0.260383457 0.292869091 0.920015275 32 0.809001565 31 0.190998405 0 0 0 0 0 0 0 0 
5.25777435 3.22443271 -0.155358419 0.260383457 0.292869091 0.920015275 31 0.749027193 32 0.250972837 0 0 0 0 0 0 0 0 
5.25379276 3.16238308 -0.136051774 0.260383457 0.292869091 0.920015275 31 0.780817091 32 0.219182894 0 0 0 0 0 0 0 0 
5.3119607 3.1478796 -0.146325096 0.0572883189 -0.342145294 0.937899113 32 0.796855688 31 0.203144342 0 0 0 0 0 0 0 0 
5.25379276 3.16238308 -0.136051774 0.0572883189 -0.342145294 0.937899113 31 0.780817091 32 0.219182894 0 0 0 0 0 0 0 0 
5.24047709 3.09957719 -0.159579381 0.0572883189 -0.342145294 0.937899113 31 0.77824527 32 0.221754715 0 0 0 0 0 0 0 0 
5.29658937 3.08729029 -0.166059434 0.0572883189 -0.342145294 0.937899113 32 0.778744519 31 0.221255511 0 0 0 0 0 0 0 0 
5.31150198 3.22828388 -0.232138455 0.303814173 0.919855952 0.248116955 32 0.860316217 31 0.139683768 0 0 0 0 0 0 0 0 
5.31958389 3.20875597 -0.169433624 0.303814173 0.919855952 0.248116955 32 0.809001565 31 0.190998405 0 0 0 0 0 0 0 0 
5.37517643 3.19337177 -0.180675879 0.303814173 0.919855952 0.248116955 32 0.947085023 31 0.0529149547 0 0 0 0 0 0 0 0 
5.36872482 3.21208262 -0.241939247 0.303814173 0.919855952 0.248116955 32 0.969695747 31 0.0303042531 0 0 0 0 0 0 0 0 
5.31150198 3.22828388 -0.232138455 0.192944914 0.907566786 -0.372954309 32 0.860316217 31 0.139683768 0 0 0 0 0 0 0 0 
5.36872482 3.21208262 -0.241939247 0.192944914 0.907566786 -0.372954309 32 0.969695747 31 0.0303042531 0 0 0 0 0 0 0 0 
5.3534503 3.19111824 -0.300877988 0.192944914 0.907566786 -0.372954309 32 0.965292096 31 0.0347079299 0 0 0 0 0 0 0 0 
5.29561329 3.20676899 -0.292694509 0.192944914 0.907566786 -0.372954309 32 0.853778481 31 0.146221504 0 0 0 0 0 0 0 0 
5.31150198 3.22828388 -0.232138455 0.164568827 0.914850116 -0.368736416 32 0.860316217 31 0.139683768 0 0 0 0 0 0 0 0 
5.29561329 3.20676899 -0.292694509 0.164568827 0.914850116 -0.368736416 32 0.853778481 31 0.146221504 0 0 0 0 0 0 0 0 
5.23047352 3.2222681 -0.283226401 0.164568827 0.914850116 -0.368736416 31 0.535878122 32 0.464121848 0 0 0 0 0 0 0 0 
5.24740934 3.24484038 -0.219751179 0.164568827 0.914850116 -0.368736416 31 0.532044888 32 0.467955083 0 0 0 0 0 0 0 0 
5.31150198 3.22828388 -0.232138455 0.288936526 0.924518526 0.248558089 32 0.860316217 31 0.139683768 0 0 0 0 0 0 0 0 
5.24740934 3.24484038 -0.219751179 0.288936526 0.924518526 0.248558089 31 0.532044888 32 0.467955083 0 0 0 0 0 0 0 0 
5.25777435 3.22443271 -0.155358419 0.288936526 0.924518526 0.248558089 31 0.749027193 32 0.250972837 0 0 0 0 0 0 0 0 
5.31958389 3.20875597 -0.169433624 0.288936526 0.924518526 0.248558089 32 0.809001565 31 0.190998405 0 0 0 0 0 0 0 0 
5.27990818 3.14487457 -0.310014814 -0.0582828335 0.281905651 -0.957670331 32 0.816616714 31 0.183383271 0 0 0 0 0 0 0 0 
5.29561329 3.20676899 -0.292694509 -0.0582828335 0.281905651 -0.957670331 32 0.853778481 31 0.146221504 0 0 0 0 0 0 0 0 
5.3534503 3.19111824 -0.300877988 -0.0582828335 0.281905651 -0.957670331 32 0.965292096 31 0.0347079299 0 0 0 0 0 0 0 0 
5.33659554 3.13123012 -0.317424744 -0.0582828335 0.281905651 -0.957670331 32 0.950162113 31 0.0498378798 0 0 0 0 0 0 0 0 
5.27990818 3.14487457 -0.310014814 -0.199836954 -0.333218008 -0.92142874 32 0.816616714 31 0.183383271 0 0 0 0 0 0 0 0 
5.33659554 3.13123012 -0.317424744 -0.199836954 -0.333218008 -0.92142874 32 0.950162113 31 0.0498378798 0 0 0 0 0 0 0 0 
5.32698202 3.07209301 -0.293904126 -0.199836954 -0.333218008 -0.92142874 32 0.93925029 31 0.0607497208 0 0 0 0 0 0 0 0 
5.27219391 3.08364224 -0.286248147 -0.199836954 -0.333218008 -0.92142874 32 0.787141502 31 0.212858498 0 0 0 0 0 0 0 0 
5.27990818 3.14487457 -0.310014814 -0.177659631 -0.333344758 -0.925914824 32 0.816616714 31 0.183383271 0 0 0 0 0 0 0 0 
5.27219391 3.08364224 -0.286248147 -0.177659631 -0.333344758 -0.925914824 32 0.787141502 31 0.212858498 0 0 0 0 0 0 0 0 
5.21136141 3.09219337 -0.277896672 -0.177659631 -0.333344758 -0.925914824 31 0.780025899 32 0.219974086 0 0 0 0 0 0 0 0 
5.21630764 3.1568594 -0.301884353 -0.177659631 -0.333344758 -0.925914824 31 0.7536273 32 0.246372715 0 0 0 0 0 0 0 0 
5.27990818 3.14487457 -0.310014814 -0.0694909841 0.286373973 -0.955594599 32 0.816616714 31 0.183383271 0 0 0 0 0 0 0 0 
5.21630764 3.1568594 -0.301884353 -0.0694909841 0.286373973 -0.955594599 31 0.7536273 32 0.246372715 0 0 0 0 0 0 0 0 
5.23047352 3.2222681 -0.283226401 -0.0694909841 0.286373973 -0.955594599 31 0.535878122 32 0.464121848 0 0 0 0 0 0 0 0 
5.29561329 3.20676899 -0.292694509 -0.0694909841 0.286373973 -0.955594599 32 0.853778481 31 0.146221504 0 0 0 0 0 0 0 0 
5.38538742 3.04289317 -0.241563141 -0.233205259 -0.936628699 -0.261422753 32 1 0 0 0 0 0 0 0 0 0 0 
5.37958336 3.06101108 -0.301288605 -0.233205259 -0.936628699 -0.261422753 32 1 0 0 0 0 0 0 0 0 0 0 
5.430058 3.05041838 -0.308372319 -0.233205259 -0.936628699 -0.261422753 32 0.998369336 33 0.00163065852 0 0 0 0 0 0 0 0 
5.43564653 3.03279495 -0.250206411 -0.233205259 -0.936628699 -0.261422753 32 1 0 0 0 0 0 0 0 0 0 0 
5.38538742 3.04289317 -0.241563141 -0.123872958 -0.924400926 0.36074692 32 1 0 0 0 0 0 0 0 0 0 0 
5.43564653 3.03279495 -0.250206411 -0.123872958 -0.924400926 0.36074692 32 1 0 0 0 0 0 0 0 0 0 0 
5.45030022 3.0526104 -0.194373786 -0.123872958 -0.924400926 0.36074692 32 0.997237206 33 0.00276280311 0 0 0 0 0 0 0 0 
5.40019464 3.06331253 -0.184179455 -0.123872958 -0.924400926 0.36074692 32 1 0 0 0 0 0 0 0 0 0 0 
5.38538742 3.04289317 -0.241563141 -0.124589533 -0.924200177 0.361014485 32 1 0 0 0 0 0 0 0 0 0 0 
5.40019464 3.06331253 -0.184179455 -0.124589533 -0.924200177 0.361014485 32 1 0 0 0 0 0 0 0 0 0 0 
5.3487072 3.0743463 -0.173702016 -0.124589533 -0.924200177 0.361014485 32 0.935187757 31 0.0648122132 0 0 0 0 0 0 0 0 
5.33343315 3.05338216 -0.232640758 -0.124589533 -0.924200177 0.361014485 32 0.93882221 31 0.0611777902 0 0 0 0 0 0 0 0 
5.38538742 3.04289317 -0.241563141 -0.23396036 -0.936458528 -0.261358261 32 1 0 0 0 0 0 0 0 0 0 0 
5.33343315 3.05338216 -0.232640758 -0.23396036 -0.936458528 -0.261358261 32 0.93882221 31 0.0611777902 0 0 0 0 0 0 0 0 
5.32698202 3.07209301 -0.293904126 -0.23396036 -0.936458528 -0.261358261 32 0.93925029 31 0.0607497208 0 0 0 0 0 0 0 0 
5.37958336 3.06101108 -0.301288605 -0.23396036 -0.936458528 -0.261358261 32 1 0 0 0 0 0 0 0 0 0 0 
5.41713381 3.12150168 -0.168173909 0.128627479 -0.2978113 0.945919335 32 1 0 0 0 0 0 0 0 0 0 0 
5.40019464 3.06331253 -0.184179455 0.128627479 -0.2978113 0.945919335 32 1 0 0 0 0 0 0 0 0 0 0 
5.45030022 3.0526104 -0.194373786 0.128627479 -0.2978113 0.945919335 32 0.997237206 33 0.00276280311 0 0 0 0 0 0 0 0 
5.46727133 3.10913491 -0.178873956 0.128627479 -0.2978113 0.945919335 32 0.995157838 33 0.00484217098 0 0 0 0 0 0 0 0 
5.41713381 3.12150168 -0.168173909 0.271953493 0.316697598 0.908704519 32 1 0 0 0 0 0 0 0 0 0 0 
5.46727133 3.10913491 -0.178873956 0.271953493 0.316697598 0.908704519 32 0.995157838 33 0.00484217098 0 0 0 0 0 0 0 0 
5.47749472 3.16492844 -0.201373637 0.271953493 0.316697598 0.908704519 32 0.978104711 33 0.0218952987 0 0 0 0 0 0 0 0 
5.42720222 3.17892385 -0.191204756 0.271953493 0.316697598 0.908704519 32 1 0 0 0 0 0 0 0 0 0 0 
5.41713381 3.12150168 -0.168173909 0.272127748 0.316918075 0.908575594 32 1 0 0 0 0 0 0 0 0 0 0 
5.42720222 3.17892385 -0.191204756 0.272127748 0.316918075 0.908575594 32 1 0 0 0 0 0 0 0 0 0 0 
5.37517643 3.19337177 -0.180675879 0.272127748 0.316918075 0.908575594 32 0.947085023 31 0.0529149547 0 0 0 0 0 0 0 0 
5.36556244 3.13423467 -0.15715526 0.272127748 0.316918075 0.908575594 32 0.942659378 31 0.0573406518 0 0 0 0 0 0 0 0 
5.41713381 3.12150168 -0.168173909 0.128676936 -0.29761833 0.945973337 32 1 0 0 0 0 0 0 0 0 0 0 
5.36556244 3.13423467 -0.15715526 0.128676936 -0.29761833 0.945973337 32 0.942659378 31 0.0573406518 0 0 0 0 0 0 0 0 
5.3487072 3.0743463 -0.173702016 0.128676936 -0.29761833 0.945973337 32 0.935187757 31 0.0648122132 0 0 0 0 0 0 0 0 
5.40019464 3.06331253 -0.184179455 0.128676936 -0.29761833 0.945973337 32 1 0 0 0 0 0 0 0 0 0 0 
5.42139721 3.19704175 -0.25093022 0.306042552 0.918878615 0.248998269 32 1 0 0 0 0 0 0 0 0 0 0 
5.42720222 3.17892385 -0.191204756 0.306042552 0.918878615 0.248998269 32 1 0 0 0 0 0 0 0 0 0 0 
5.47749472 3.16492844 -0.201373637 0.306042552 0.918878615 0.248998269 32 0.978104711 33 0.0218952987 0 0 0 0 0 0 0 0 
5.47190571 3.1825521 -0.259539545 0.306042552 0.918878615 0.248998269 32 0.98192662 33 0.0180733595 0 0 0 0 0 0 0 0 
5.42139721 3.19704175 -0.25093022 0.196476817 0.906652451 -0.37333405 32 1 0 0 0 0 0 0 0 0 0 0 
5.47190571 3.1825521 -0.259539545 0.196476817 0.906652451 -0.37333405 32 0.98192662 33 0.0180733595 0 0 0 0 0 0 0 0 
5.45725203 3.16273642 -0.315372169 0.196476817 0.906652451 -0.37333405 32 0.994296491 33 0.00570350466 0 0 0 0 0 0 0 0 
5.40659046 3.17662239 -0.308313936 0.196476817 0.906652451 -0.37333405 32 1 0 0 0 0 0 0 0 0 0 0 
5.42139721 3.19704175 -0.25093022 0.195247173 0.906986833 -0.37316668 32 1 0 0 0 0 0 0 0 0 0 0 
5.40659046 3.17662239 -0.308313936 0.195247173 0.906986833 -0.37316668 32 1 0 0 0 0 0 0 0 0 0 0 
5.3534503 3.19111824 -0.300877988 0.195247173 0.906986833 -0.37316668 32 0.965292096 31 0.0347079299 0 0 0 0 0 0 0 0 
5.36872482 3.21208262 -0.241939247 0.195247173 0.906986833 -0.37316668 32 0.969695747 31 0.0303042531 0 0 0 0 0 0 0 0 
5.42139721 3.19704175 -0.25093022 0.305288404 0.91916585 0.248863578 32 1 0 0 0 0 0 0 0 0 0 0 
5.36872482 3.21208262 -0.241939247 0.305288404 0.91916585 0.248863578 32 0.969695747 31 0.0303042531 0 0 0 0 0 0 0 0 
5.37517643 3.19337177 -0.180675879 0.305288404 0.91916585 0.248863578 32 0.947085023 31 0.0529149547 0 0 0 0 0 0 0 0 
5.42720222 3.17892385 -0.191204756 0.305288404 0.91916585 0.248863578 32 1 0 0 0 0 0 0 0 0 0 0 
5.3896513 3.11843324 -0.324319482 -0.0566229895 0.27994433 -0.958344877 32 1 0 0 0 0 0 0 0 0 0 0 
5.40659046 3.17662239 -0.308313936 -0.0566229895 0.27994433 -0.958344877 32 1 0 0 0 0 0 0 0 0 0 0 
5.45725203 3.16273642 -0.315372169 -0.0566229895 0.27994433 -0.958344877 32 0.994296491 33 0.00570350466 0 0 0 0 0 0 0 0 
5.44028139 3.10621214 -0.330871999 -0.0566229895 0.27994433 -0.958344877 32 1 0 0 0 0 0 0 0 0 0 0 
5.3896513 3.11843324 -0.324319482 -0.199709222 -0.334578454 -0.920963407 32 1 0 0 0 0 0 0 0 0 0 0 
5.44028139 3.10621214 -0.330871999 -0.199709222 -0.334578454 -0.920963407 32 1 0 0 0 0 0 0 0 0 0 0 
5.430058 3.05041838 -0.308372319 -0.199709222 -0.334578454 -0.920963407 32 0.998369336 33 0.00163065852 0 0 0 0 0 0 0 0 
5.37958336 3.06101108 -0.301288605 -0.199709222 -0.334578454 -0.920963407 32 1 0 0 0 0 0 0 0 0 0 0 
5.3896513 3.11843324 -0.324319482 -0.199989423 -0.334097385 -0.921077251 32 1 0 0 0 0 0 0 0 0 0 0 
5.37958336 3.06101108 -0.301288605 -0.199989423 -0.334097385 -0.921077251 32 1 0 0 0 0 0 0 0 0 0 0 
5.32698202 3.07209301 -0.293904126 -0.199989423 -0.334097385 -0.921077251 32 0.93925029 31 0.0607497208 0 0 0 0 0 0 0 0 
5.33659554 3.13123012 -0.317424744 -0.199989423 -0.334097385 -0.921077251 32 0.950162113 31 0.0498378798 0 0 0 0 0 0 0 0 
5.3896513 3.11843324 -0.324319482 -0.05720127 0.280518293 -0.958142757 32 1 0 0 0 0 0 0 0 0 0 0 
5.33659554 3.13123012 -0.317424744 -0.05720127 0.280518293 -0.958142757 32 0.950162113 31 0.0498378798 0 0 0 0 0 0 0 0 
5.3534503 3.19111824 -0.300877988 -0.05720127 0.280518293 -0.958142757 32 0.965292096 31 0.0347079299 0 0 0 0 0 0 0 0 
5.40659046 3.17662239 -0.308313936 -0.05720127 0.280518293 -0.958142757 32 1 0 0 0 0 0 0 0 0 0 0 
5.48371744 3.02323389 -0.258466512 -0.234288529 -0.936533332 -0.260795504 32 0.916245401 33 0.0837546065 0 0 0 0 0 0 0 0 
5.47846746 3.04033709 -0.315125883 -0.234288529 -0.936533332 -0.260795504 32 0.914004982 33 0.0859949961 0 0 0 0 0 0 0 0 
5.52231407 3.03088522 -0.320616752 -0.234288529 -0.936533332 -0.260795504 32 0.734758317 33 0.265241683 0 0 0 0 0 0 0 0 
5.52711535 3.01452971 -0.266153455 -0.234288529 -0.936533332 -0.260795504 32 0.734062314 33 0.265937686 0 0 0 0 0 0 0 0 
5.48371744 3.02323389 -0.258466512 -0.12292812 -0.925236642 0.358923137 32 0.916245401 33 0.0837546065 0 0 0 0 0 0 0 0 
5.52711535 3.01452971 -0.266153455 -0.12292812 -0.925236642 0.358923137 32 0.734062314 33 0.265937686 0 0 0 0 0 0 0 0 
5.54240417 3.03259587 -0.214232296 -0.12292812 -0.925236642 0.358923137 32 0.732554674 33 0.267445326 0 0 0 0 0 0 0 0 
5.4986968 3.04232359 -0.204239324 -0.12292812 -0.925236642 0.358923137 32 0.912734628 33 0.0872653574 0 0 0 0 0 0 0 0 
5.48371744 3.02323389 -0.258466512 -0.12265487 -0.92487067 0.359958291 32 0.916245401 33 0.0837546065 0 0 0 0 0 0 0 0 
5.4986968 3.04232359 -0.204239324 -0.12265487 -0.92487067 0.359958291 32 0.912734628 33 0.0872653574 0 0 0 0 0 0 0 0 
5.45030022 3.0526104 -0.194373786 -0.12265487 -0.92487067 0.359958291 32 0.997237206 33 0.00276280311 0 0 0 0 0 0 0 0 
5.43564653 3.03279495 -0.250206411 -0.12265487 -0.92487067 0.359958291 32 1 0 0 0 0 0 0 0 0 0 0 
5.48371744 3.02323389 -0.258466512 -0.231467634 -0.937027514 -0.261538088 32 0.916245401 33 0.0837546065 0 0 0 0 0 0 0 0 
5.43564653 3.03279495 -0.250206411 -0.231467634 -0.937027514 -0.261538088 32 1 0 0 0 0 0 0 0 0 0 0 
5.430058 3.05041838 -0.308372319 -0.231467634 -0.937027514 -0.261538088 32 0.998369336 33 0.00163065852 0 0 0 0 0 0 0 0 
5.47846746 3.04033709 -0.315125883 -0.231467634 -0.937027514 -0.261538088 32 0.914004982 33 0.0859949961 0 0 0 0 0 0 0 0 
5.51666307 3.09694386 -0.189406514 0.145935416 -0.304737359 0.941189766 32 0.908311725 33 0.0916882977 0 0 0 0 0 0 0 0 
5.4986968 3.04232359 -0.204239324 0.145935416 -0.304737359 0.941189766 32 0.912734628 33 0.0872653574 0 0 0 0 0 0 0 0 
5.54240417 3.03259587 -0.214232296 0.145935416 -0.304737359 0.941189766 32 0.732554674 33 0.267445326 0 0 0 0 0 0 0 0 
5.56148338 3.08451271 -0.200314775 0.145935416 -0.304737359 0.941189766 32 0.711828887 33 0.288171113 0 0 0 0 0 0 0 0 
5.51666307 3.09694386 -0.189406514 0.30360496 0.306150377 0.902272642 32 0.908311725 33 0.0916882977 0 0 0 0 0 0 0 0 
5.56148338 3.08451271 -0.200314775 0.30360496 0.306150377 0.902272642 32 0.711828887 33 0.288171113 0 0 0 0 0 0 0 0 
5.57386637 3.13585901 -0.22185877 0.30360496 0.306150377 0.902272642 32 0.528514266 33 0.471485704 0 0 0 0 0 0 0 0 
5.52788591 3.15090179 -0.211535916 0.30360496 0.306150377 0.902272642 32 0.867439747 33 0.132560283 0 0 0 0 0 0 0 0 
5.51666307 3.09694386 -0.189406514 0.271657825 0.316495031 0.908863544 32 0.908311725 33 0.0916882977 0 0 0 0 0 0 0 0 
5.52788591 3.15090179 -0.211535916 0.271657825 0.316495031 0.908863544 32 0.867439747 33 0.132560283 0 0 0 0 0 0 0 0 
5.47749472 3.16492844 -0.201373637 0.271657825 0.316495031 0.908863544 32 0.978104711 33 0.0218952987 0 0 0 0 0 0 0 0 
5.46727133 3.10913491 -0.178873956 0.271657825 0.316495031 0.908863544 32 0.995157838 33 0.00484217098 0 0 0 0 0 0 0 0 
5.51666307 3.09694386 -0.189406514 0.128645167 -0.29853189 0.945689797 32 0.908311725 33 0.0916882977 0 0 0 0 0 0 0 0 
5.46727133 3.10913491 -0.178873956 0.128645167 -0.29853189 0.945689797 32 0.995157838 33 0.00484217098 0 0 0 0 0 0 0 0 
5.45030022 3.0526104 -0.194373786 0.128645167 -0.29853189 0.945689797 32 0.997237206 33 0.00276280311 0 0 0 0 0 0 0 0 
5.4986968 3.04232359 -0.204239324 0.128645167 -0.29853189 0.945689797 32 0.912734628 33 0.0872653574 0 0 0 0 0 0 0 0 
5.52263594 3.16800499 -0.268195331 0.350126237 0.905201256 0.240878552 32 0.872464359 33 0.127535626 0 0 0 0 0 0 0 0 
5.52788591 3.15090179 -0.211535916 0.350126237 0.905201256 0.240878552 32 0.867439747 33 0.132560283 0 0 0 0 0 0 0 0 
5.57386637 3.13585901 -0.22185877 0.350126237 0.905201256 0.240878552 32 0.528514266 33 0.471485704 0 0 0 0 0 0 0 0 
5.56906509 3.15221405 -0.276322097 0.350126237 0.905201256 0.240878552 32 0.525099874 33 0.474900126 0 0 0 0 0 0 0 0 
5.52263594 3.16800499 -0.268195331 0.237714142 0.893665254 -0.380597353 32 0.872464359 33 0.127535626 0 0 0 0 0 0 0 0 
5.56906509 3.15221405 -0.276322097 0.237714142 0.893665254 -0.380597353 32 0.525099874 33 0.474900126 0 0 0 0 0 0 0 0 
5.55377674 3.13414812 -0.328243256 0.237714142 0.893665254 -0.380597353 32 0.712516487 33 0.287483484 0 0 0 0 0 0 0 0 
5.50765657 3.14891529 -0.322422504 0.237714142 0.893665254 -0.380597353 32 0.906322658 33 0.0936773717 0 0 0 0 0 0 0 0 
5.52263594 3.16800499 -0.268195331 0.196336851 0.906670451 -0.373363912 32 0.872464359 33 0.127535626 0 0 0 0 0 0 0 0 
5.50765657 3.14891529 -0.322422504 0.196336851 0.906670451 -0.373363912 32 0.906322658 33 0.0936773717 0 0 0 0 0 0 0 0 
5.45725203 3.16273642 -0.315372169 0.196336851 0.906670451 -0.373363912 32 0.994296491 33 0.00570350466 0 0 0 0 0 0 0 0 
5.47190571 3.1825521 -0.259539545 0.196336851 0.906670451 -0.373363912 32 0.98192662 33 0.0180733595 0 0 0 0 0 0 0 0 
5.52263594 3.16800499 -0.268195331 0.305996865 0.918887794 0.249020442 32 0.872464359 33 0.127535626 0 0 0 0 0 0 0 0 
5.47190571 3.1825521 -0.259539545 0.305996865 0.918887794 0.249020442 32 0.98192662 33 0.0180733595 0 0 0 0 0 0 0 0 
5.47749472 3.16492844 -0.201373637 0.305996865 0.918887794 0.249020442 32 0.978104711 33 0.0218952987 0 0 0 0 0 0 0 0 
5.52788591 3.15090179 -0.211535916 0.305996865 0.918887794 0.249020442 32 0.867439747 33 0.132560283 0 0 0 0 0 0 0 0 
5.4896903 3.09429502 -0.337255299 -0.0333779901 0.27120021 -0.961944044 32 0.918276846 33 0.0817231387 0 0 0 0 0 0 0 0 
5.50765657 3.14891529 -0.322422504 -0.0333779901 0.27120021 -0.961944044 32 0.906322658 33 0.0936773717 0 0 0 0 0 0 0 0 
5.55377674 3.13414812 -0.328243256 -0.0333779901 0.27120021 -0.961944044 32 0.712516487 33 0.287483484 0 0 0 0 0 0 0 0 
5.53469658 3.08223152 -0.342160732 -0.0333779901 0.27120021 -0.961944044 32 0.738078654 33 0.261921316 0 0 0 0 0 0 0 0 
5.4896903 3.09429502 -0.337255299 -0.189988852 -0.33947283 -0.921228826 32 0.918276846 33 0.0817231387 0 0 0 0 0 0 0 0 
5.53469658 3.08223152 -0.342160732 -0.189988852 -0.33947283 -0.921228826 32 0.738078654 33 0.261921316 0 0 0 0 0 0 0 0 
5.52231407 3.03088522 -0.320616752 -0.189988852 -0.33947283 -0.921228826 32 0.734758317 33 0.265241683 0 0 0 0 0 0 0 0 
5.47846746 3.04033709 -0.315125883 -0.189988852 -0.33947283 -0.921228826 32 0.914004982 33 0.0859949961 0 0 0 0 0 0 0 0 
5.4896903 3.09429502 -0.337255299 -0.199109077 -0.335504442 -0.920756459 32 0.918276846 33 0.0817231387 0 0 0 0 0 0 0 0 
5.47846746 3.04033709 -0.315125883 -0.199109077 -0.335504442 -0.920756459 32 0.914004982 33 0.0859949961 0 0 0 0 0 0 0 0 
5.430058 3.05041838 -0.308372319 -0.199109077 -0.335504442 -0.920756459 32 0.998369336 33 0.00163065852 0 0 0 0 0 0 0 0 
5.44028139 3.10621214 -0.330871999 -0.199109077 -0.335504442 -0.920756459 32 1 0 0 0 0 0 0 0 0 0 0 
5.4896903 3.09429502 -0.337255299 -0.0569315702 0.279472142 -0.958464444 32 0.918276846 33 0.0817231387 0 0 0 0 0 0 0 0 
5.44028139 3.10621214 -0.330871999 -0.0569315702 0.279472142 -0.958464444 32 1 0 0 0 0 0 0 0 0 0 0 
5.45725203 3.16273642 -0.315372169 -0.0569315702 0.279472142 -0.958464444 32 0.994296491 33 0.00570350466 0 0 0 0 0 0 0 0 
5.50765657 3.14891529 -0.322422504 -0.0569315702 0.279472142 -0.958464444 32 0.906322658 33 0.0936773717 0 0 0 0 0 0 0 0 
5.56335592 3.00700235 -0.27307719 -0.252106369 -0.932894111 -0.257198632 33 0.736849964 32 0.263150036 0 0 0 0 0 0 0 0 
5.5590992 3.02218056 -0.323912233 -0.252106369 -0.932894111 -0.257198632 33 0.724460721 32 0.275539309 0 0 0 0 0 0 0 0 
5.59119892 3.01409292 -0.326086462 -0.252106369 -0.932894111 -0.257198632 33 0.893251956 32 0.10674803 0 0 0 0 0 0 0 0 
5.59494162 3.00022173 -0.279399216 -0.252106369 -0.932894111 -0.257198632 33 0.898019731 32 0.101980247 0 0 0 0 0 0 0 0 
5.56335592 3.00700235 -0.27307719 -0.128573403 -0.925251484 0.356901348 33 0.736849964 32 0.263150036 0 0 0 0 0 0 0 0 
5.59494162 3.00022173 -0.279399216 -0.128573403 -0.925251484 0.356901348 33 0.898019731 32 0.101980247 0 0 0 0 0 0 0 0 
5.6094017 3.01520777 -0.235216483 -0.128573403 -0.925251484 0.356901348 33 0.896611273 32 0.103388734 0 0 0 0 0 0 0 0 
5.57844067 3.02357173 -0.224808946 -0.128573403 -0.925251484 0.356901348 33 0.730398893 32 0.269601136 0 0 0 0 0 0 0 0 
5.56335592 3.00700235 -0.27307719 -0.125259981 -0.925335765 0.35785982 33 0.736849964 32 0.263150036 0 0 0 0 0 0 0 0 
5.57844067 3.02357173 -0.224808946 -0.125259981 -0.925335765 0.35785982 33 0.730398893 32 0.269601136 0 0 0 0 0 0 0 0 
5.54240417 3.03259587 -0.214232296 -0.125259981 -0.925335765 0.35785982 32 0.732554674 33 0.267445326 0 0 0 0 0 0 0 0 
5.52711535 3.01452971 -0.266153455 -0.125259981 -0.925335765 0.35785982 32 0.734062314 33 0.265937686 0 0 0 0 0 0 0 0 
5.56335592 3.00700235 -0.27307719 -0.243973061 -0.934584856 -0.258898407 33 0.736849964 32 0.263150036 0 0 0 0 0 0 0 0 
5.52711535 3.01452971 -0.266153455 -0.243973061 -0.934584856 -0.258898407 32 0.734062314 33 0.265937686 0 0 0 0 0 0 0 0 
5.52231407 3.03088522 -0.320616752 -0.243973061 -0.934584856 -0.258898407 32 0.734758317 33 0.265241683 0 0 0 0 0 0 0 0 
5.5590992 3.02218056 -0.323912233 -0.243973061 -0.934584856 -0.258898407 33 0.724460721 32 0.275539309 0 0 0 0 0 0 0 0 
5.59790707 3.07142544 -0.212141931 0.215360433 -0.332794458 0.918078303 33 0.764483929 32 0.235516086 0 0 0 0 0 0 0 0 
5.57844067 3.02357173 -0.224808946 0.215360433 -0.332794458 0.918078303 33 0.730398893 32 0.269601136 0 0 0 0 0 0 0 0 
5.6094017 3.01520777 -0.235216483 0.215360433 -0.332794458 0.918078303 33 0.896611273 32 0.103388734 0 0 0 0 0 0 0 0 
5.62851143 3.05867934 -0.223828271 0.215360433 -0.332794458 0.918078303 33 0.91253221 32 0.0874677971 0 0 0 0 0 0 0 0 
5.59790707 3.07142544 -0.212141931 0.43211323 0.251386702 0.866073251 33 0.764483929 32 0.235516086 0 0 0 0 0 0 0 0 
5.62851143 3.05867934 -0.223828271 0.43211323 0.251386702 0.866073251 33 0.91253221 32 0.0874677971 0 0 0 0 0 0 0 0 
5.64155483 3.10177946 -0.242730036 0.43211323 0.251386702 0.866073251 33 0.925050855 32 0.0749491602 0 0 0 0 0 0 0 0 
5.61092567 3.11881542 -0.232509345 0.43211323 0.251386702 0.866073251 33 0.807217836 32 0.192782149 0 0 0 0 0 0 0 0 
5.59790707 3.07142544 -0.212141931 0.382787436 0.275785923 0.881712019 33 0.764483929 32 0.235516086 0 0 0 0 0 0 0 0 
5.61092567 3.11881542 -0.232509345 0.382787436 0.275785923 0.881712019 33 0.807217836 32 0.192782149 0 0 0 0 0 0 0 0 
5.57386637 3.13585901 -0.22185877 0.382787436 0.275785923 0.881712019 32 0.528514266 33 0.471485704 0 0 0 0 0 0 0 0 
5.56148338 3.08451271 -0.200314775 0.382787436 0.275785923 0.881712019 32 0.711828887 33 0.288171113 0 0 0 0 0 0 0 0 
5.59790707 3.07142544 -0.212141931 0.189209715 -0.320420682 0.928186595 33 0.764483929 32 0.235516086 0 0 0 0 0 0 0 0 
5.56148338 3.08451271 -0.200314775 0.189209715 -0.320420682 0.928186595 32 0.711828887 33 0.288171113 0 0 0 0 0 0 0 0 
5.54240417 3.03259587 -0.214232296 0.189209715 -0.320420682 0.928186595 32 0.732554674 33 0.267445326 0 0 0 0 0 0 0 0 
5.57844067 3.02357173 -0.224808946 0.189209715 -0.320420682 0.928186595 33 0.730398893 32 0.269601136 0 0 0 0 0 0 0 0 
5.60666895 3.13399363 -0.283344388 0.526394784 0.825703382 0.202786773 33 0.818853974 32 0.181146011 0 0 0 0 0 0 0 0 
5.61092567 3.11881542 -0.232509345 0.526394784 0.825703382 0.202786773 33 0.807217836 32 0.192782149 0 0 0 0 0 0 0 0 
5.64155483 3.10177946 -0.242730036 0.526394784 0.825703382 0.202786773 33 0.925050855 32 0.0749491602 0 0 0 0 0 0 0 0 
5.63781261 3.11565065 -0.289417267 0.526394784 0.825703382 0.202786773 33 0.930480182 32 0.0695198104 0 0 0 0 0 0 0 0 
5.60666895 3.13399363 -0.283344388 0.40427357 0.818341732 -0.408509225 33 0.818853974 32 0.181146011 0 0 0 0 0 0 0 0 
5.63781261 3.11565065 -0.289417267 0.40427357 0.818341732 -0.408509225 33 0.930480182 32 0.0695198104 0 0 0 0 0 0 0 0 
5.62335253 3.10066462 -0.333600014 0.40427357 0.818341732 -0.408509225 33 0.911255658 32 0.0887443498 0 0 0 0 0 0 0 0 
5.59158421 3.11742401 -0.331612647 0.40427357 0.818341732 -0.408509225 33 0.757064462 32 0.242935568 0 0 0 0 0 0 0 0 
5.60666895 3.13399363 -0.283344388 0.340074509 0.852165401 -0.397697926 33 0.818853974 32 0.181146011 0 0 0 0 0 0 0 0 
5.59158421 3.11742401 -0.331612647 0.340074509 0.852165401 -0.397697926 33 0.757064462 32 0.242935568 0 0 0 0 0 0 0 0 
5.55377674 3.13414812 -0.328243256 0.340074509 0.852165401 -0.397697926 32 0.712516487 33 0.287483484 0 0 0 0 0 0 0 0 
5.56906509 3.15221405 -0.276322097 0.340074509 0.852165401 -0.397697926 32 0.525099874 33 0.474900126 0 0 0 0 0 0 0 0 
5.60666895 3.13399363 -0.283344388 0.458555073 0.86138159 0.218515605 33 0.818853974 32 0.181146011 0 0 0 0 0 0 0 0 
5.56906509 3.15221405 -0.276322097 0.458555073 0.86138159 0.218515605 32 0.525099874 33 0.474900126 0 0 0 0 0 0 0 0 
5.57386637 3.13585901 -0.22185877 0.458555073 0.86138159 0.218515605 32 0.528514266 33 0.471485704 0 0 0 0 0 0 0 0 
5.61092567 3.11881542 -0.232509345 0.458555073 0.86138159 0.218515605 33 0.807217836 32 0.192782149 0 0 0 0 0 0 0 0 
5.57211781 3.06957054 -0.344279647 0.0634649098 0.229047894 -0.971344054 33 0.747448742 32 0.252551258 0 0 0 0 0 0 0 0 
5.59158421 3.11742401 -0.331612647 0.0634649098 0.229047894 -0.971344054 33 0.757064462 32 0.242935568 0 0 0 0 0 0 0 0 
5.62335253 3.10066462 -0.333600014 0.0634649098 0.229047894 -0.971344054 33 0.911255658 32 0.0887443498 0 0 0 0 0 0 0 0 
5.60424232 3.05719304 -0.344988227 0.0634649098 0.229047894 -0.971344054 33 0.90546155 32 0.0945384726 0 0 0 0 0 0 0 0 
5.57211781 3.06957054 -0.344279647 -0.15464814 -0.355484575 -0.921799779 33 0.747448742 32 0.252551258 0 0 0 0 0 0 0 0 
5.60424232 3.05719304 -0.344988227 -0.15464814 -0.355484575 -0.921799779 33 0.90546155 32 0.0945384726 0 0 0 0 0 0 0 0 
5.59119892 3.01409292 -0.326086462 -0.15464814 -0.355484575 -0.921799779 33 0.893251956 32 0.10674803 0 0 0 0 0 0 0 0 
5.5590992 3.02218056 -0.323912233 -0.15464814 -0.355484575 -0.921799779 33 0.724460721 32 0.275539309 0 0 0 0 0 0 0 0 
5.57211781 3.06957054 -0.344279647 -0.167594686 -0.348365605 -0.922254503 33 0.747448742 32 0.252551258 0 0 0 0 0 0 0 0 
5.5590992 3.02218056 -0.323912233 -0.167594686 -0.348365605 -0.922254503 33 0.724460721 32 0.275539309 0 0 0 0 0 0 0 0 
5.52231407 3.03088522 -0.320616752 -0.167594686 -0.348365605 -0.922254503 32 0.734758317 33 0.265241683 0 0 0 0 0 0 0 0 
5.53469658 3.08223152 -0.342160732 -0.167594686 -0.348365605 -0.922254503 32 0.738078654 33 0.261921316 0 0 0 0 0 0 0 0 
5.57211781 3.06957054 -0.344279647 0.026190903 0.247924834 -0.968425214 33 0.747448742 32 0.252551258 0 0 0 0 0 0 0 0 
5.53469658 3.08223152 -0.342160732 0.026190903 0.247924834 -0.968425214 32 0.738078654 33 0.261921316 0 0 0 0 0 0 0 0 
5.55377674 3.13414812 -0.328243256 0.026190903 0.247924834 -0.968425214 32 0.712516487 33 0.287483484 0 0 0 0 0 0 0 0 
5.59158421 3.11742401 -0.331612647 0.026190903 0.247924834 -0.968425214 33 0.757064462 32 0.242935568 0 0 0 0 0 0 0 0 
5.62437439 2.99375892 -0.285280973 0.263407528 -0.905143499 -0.333664 33 0.964908957 32 0.0350910164 0 0 0 0 0 0 0 0 
5.62099028 3.00649118 -0.328213573 0.263407528 -0.905143499 -0.333664 33 0.956850767 32 0.0431492142 0 0 0 0 0 0 0 0 
5.64251804 3.01194572 -0.320293307 0.263407528 -0.905143499 -0.333664 33 1 0 0 0 0 0 0 0 0 0 0 
5.65028286 3.00115252 -0.290606529 0.263407528 -0.905143499 -0.333664 33 1 0 0 0 0 0 0 0 0 0 0 
5.62437439 2.99375892 -0.285280973 0.376439631 -0.898655057 0.225194111 33 0.964908957 32 0.0350910164 0 0 0 0 0 0 0 0 
5.65028286 3.00115252 -0.290606529 0.376439631 -0.898655057 0.225194111 33 1 0 0 0 0 0 0 0 0 0 0 
5.65461349 3.01263976 -0.260483652 0.376439631 -0.898655057 0.225194111 33 1 0 0 0 0 0 0 0 0 0 0 
5.63787937 3.00746012 -0.244702101 0.376439631 -0.898655057 0.225194111 33 0.958204925 32 0.0417950712 0 0 0 0 0 0 0 0 
5.62437439 2.99375892 -0.285280973 -0.132307202 -0.924821794 0.356650174 33 0.964908957 32 0.0350910164 0 0 0 0 0 0 0 0 
5.63787937 3.00746012 -0.244702101 -0.132307202 -0.924821794 0.356650174 33 0.958204925 32 0.0417950712 0 0 0 0 0 0 0 0 
5.6094017 3.01520777 -0.235216483 -0.132307202 -0.924821794 0.356650174 33 0.896611273 32 0.103388734 0 0 0 0 0 0 0 0 
5.59494162 3.00022173 -0.279399216 -0.132307202 -0.924821794 0.356650174 33 0.898019731 32 0.101980247 0 0 0 0 0 0 0 0 
5.62437439 2.99375892 -0.285280973 -0.25601548 -0.932068229 -0.256329685 33 0.964908957 32 0.0350910164 0 0 0 0 0 0 0 0 
5.59494162 3.00022173 -0.279399216 -0.25601548 -0.932068229 -0.256329685 33 0.898019731 32 0.101980247 0 0 0 0 0 0 0 0 
5.59119892 3.01409292 -0.326086462 -0.25601548 -0.932068229 -0.256329685 33 0.893251956 32 0.10674803 0 0 0 0 0 0 0 0 
5.62099028 3.00649118 -0.328213573 -0.25601548 -0.932068229 -0.256329685 33 0.956850767 32 0.0431492142 0 0 0 0 0 0 0 0 
5.65587711 3.04727149 -0.234314069 0.618097544 -0.488158762 0.616162717 33 0.971528172 32 0.028471848 0 0 0 0 0 0 0 0 
5.63787937 3.00746012 -0.244702101 0.618097544 -0.488158762 0.616162717 33 0.958204925 32 0.0417950712 0 0 0 0 0 0 0 0 
5.65461349 3.01263976 -0.260483652 0.618097544 -0.488158762 0.616162717 33 1 0 0 0 0 0 0 0 0 0 0 
5.67260456 3.03906941 -0.254493296 0.618097544 -0.488158762 0.616162717 33 0.99647826 32 0.0035217125 0 0 0 0 0 0 0 0 
5.65587711 3.04727149 -0.234314069 0.821292162 0.0425198413 0.568921268 33 0.971528172 32 0.028471848 0 0 0 0 0 0 0 0 
5.67260456 3.03906941 -0.254493296 0.821292162 0.0425198413 0.568921268 33 0.99647826 32 0.0035217125 0 0 0 0 0 0 0 0 
5.67636108 3.06943321 -0.265540719 0.821292162 0.0425198413 0.568921268 33 0.990999162 32 0.00900082849 0 0 0 0 0 0 0 0 
5.66824436 3.08676004 -0.251763225 0.821292162 0.0425198413 0.568921268 33 0.973999023 32 0.0260009654 0 0 0 0 0 0 0 0 
5.65587711 3.04727149 -0.234314069 0.433917701 0.24775748 0.866216898 33 0.971528172 32 0.028471848 0 0 0 0 0 0 0 0 
5.66824436 3.08676004 -0.251763225 0.433917701 0.24775748 0.866216898 33 0.973999023 32 0.0260009654 0 0 0 0 0 0 0 0 
5.64155483 3.10177946 -0.242730036 0.433917701 0.24775748 0.866216898 33 0.925050855 32 0.0749491602 0 0 0 0 0 0 0 0 
5.62851143 3.05867934 -0.223828271 0.433917701 0.24775748 0.866216898 33 0.91253221 32 0.0874677971 0 0 0 0 0 0 0 0 
5.65587711 3.04727149 -0.234314069 0.213305205 -0.335004598 0.917754292 33 0.971528172 32 0.028471848 0 0 0 0 0 0 0 0 
5.62851143 3.05867934 -0.223828271 0.213305205 -0.335004598 0.917754292 33 0.91253221 32 0.0874677971 0 0 0 0 0 0 0 0 
5.6094017 3.01520777 -0.235216483 0.213305205 -0.335004598 0.917754292 33 0.896611273 32 0.103388734 0 0 0 0 0 0 0 0 
5.63787937 3.00746012 -0.244702101 0.213305205 -0.335004598 0.917754292 33 0.958204925 32 0.0417950712 0 0 0 0 0 0 0 0 
5.66486073 3.09949207 -0.294695824 0.890205264 0.443124324 0.105713211 33 0.984731317 32 0.0152686853 0 0 0 0 0 0 0 0 
5.66824436 3.08676004 -0.251763225 0.890205264 0.443124324 0.105713211 33 0.973999023 32 0.0260009654 0 0 0 0 0 0 0 0 
5.67636108 3.06943321 -0.265540719 0.890205264 0.443124324 0.105713211 33 0.990999162 32 0.00900082849 0 0 0 0 0 0 0 0 
5.67897034 3.07607102 -0.29727757 0.890205264 0.443124324 0.105713211 33 1 0 0 0 0 0 0 0 0 0 0 
5.66486073 3.09949207 -0.294695824 0.777187467 0.436626017 -0.45314154 33 0.984731317 32 0.0152686853 0 0 0 0 0 0 0 0 
5.67897034 3.07607102 -0.29727757 0.777187467 0.436626017 -0.45314154 33 1 0 0 0 0 0 0 0 0 0 0 
5.66426468 3.06873894 -0.325350434 0.777187467 0.436626017 -0.45314154 33 1 0 0 0 0 0 0 0 0 0 0 
5.65135574 3.08579087 -0.335274726 0.777187467 0.436626017 -0.45314154 33 0.971540391 32 0.0284596272 0 0 0 0 0 0 0 0 
5.66486073 3.09949207 -0.294695824 0.407858491 0.815524817 -0.410573632 33 0.984731317 32 0.0152686853 0 0 0 0 0 0 0 0 
5.65135574 3.08579087 -0.335274726 0.407858491 0.815524817 -0.410573632 33 0.971540391 32 0.0284596272 0 0 0 0 0 0 0 0 
5.62335253 3.10066462 -0.333600014 0.407858491 0.815524817 -0.410573632 33 0.911255658 32 0.0887443498 0 0 0 0 0 0 0 0 
5.63781261 3.11565065 -0.289417267 0.407858491 0.815524817 -0.410573632 33 0.930480182 32 0.0695198104 0 0 0 0 0 0 0 0 
5.66486073 3.09949207 -0.294695824 0.531190217 0.822817326 0.202011034 33 0.984731317 32 0.0152686853 0 0 0 0 0 0 0 0 
5.63781261 3.11565065 -0.289417267 0.531190217 0.822817326 0.202011034 33 0.930480182 32 0.0695198104 0 0 0 0 0 0 0 0 
5.64155483 3.10177946 -0.242730036 0.531190217 0.822817326 0.202011034 33 0.925050855 32 0.0749491602 0 0 0 0 0 0 0 0 
5.66824436 3.08676004 -0.251763225 0.531190217 0.822817326 0.202011034 33 0.973999023 32 0.0260009654 0 0 0 0 0 0 0 0 
5.633358 3.0459795 -0.345662743 0.535516083 0.0261189267 -0.844121158 33 0.971716642 32 0.0282833762 0 0 0 0 0 0 0 0 
5.65135574 3.08579087 -0.335274726 0.535516083 0.0261189267 -0.844121158 33 0.971540391 32 0.0284596272 0 0 0 0 0 0 0 0 
5.66426468 3.06873894 -0.325350434 0.535516083 0.0261189267 -0.844121158 33 1 0 0 0 0 0 0 0 0 0 0 
5.65664864 3.03815389 -0.333390772 0.535516083 0.0261189267 -0.844121158 33 1 0 0 0 0 0 0 0 0 0 0 
5.633358 3.0459795 -0.345662743 0.332319856 -0.50456059 -0.796857655 33 0.971716642 32 0.0282833762 0 0 0 0 0 0 0 0 
5.65664864 3.03815389 -0.333390772 0.332319856 -0.50456059 -0.796857655 33 1 0 0 0 0 0 0 0 0 0 0 
5.64251804 3.01194572 -0.320293307 0.332319856 -0.50456059 -0.796857655 33 1 0 0 0 0 0 0 0 0 0 0 
5.62099028 3.00649118 -0.328213573 0.332319856 -0.50456059 -0.796857655 33 0.956850767 32 0.0431492142 0 0 0 0 0 0 0 0 
5.633358 3.0459795 -0.345662743 -0.157740191 -0.356747001 -0.920787513 33 0.971716642 32 0.0282833762 0 0 0 0 0 0 0 0 
5.62099028 3.00649118 -0.328213573 -0.157740191 -0.356747001 -0.920787513 33 0.956850767 32 0.0431492142 0 0 0 0 0 0 0 0 
5.59119892 3.01409292 -0.326086462 -0.157740191 -0.356747001 -0.920787513 33 0.893251956 32 0.10674803 0 0 0 0 0 0 0 0 
5.60424232 3.05719304 -0.344988227 -0.157740191 -0.356747001 -0.920787513 33 0.90546155 32 0.0945384726 0 0 0 0 0 0 0 0 
5.633358 3.0459795 -0.345662743 0.0632391647 0.225994676 -0.972073734 33 0.971716642 32 0.0282833762 0 0 0 0 0 0 0 0 
5.60424232 3.05719304 -0.344988227 0.0632391647 0.225994676 -0.972073734 33 0.90546155 32 0.0945384726 0 0 0 0 0 0 0 0 
5.62335253 3.10066462 -0.333600014 0.0632391647 0.225994676 -0.972073734 33 0.911255658 32 0.0887443498 0 0 0 0 0 0 0 0 
5.65135574 3.08579087 -0.335274726 0.0632391647 0.225994676 -0.972073734 33 0.971540391 32 0.0284596272 0 0 0 0 0 0 0 0 
4.95284796 3.09992909 -0.461034745 -0.0761752799 -0.94928503 -0.305049598 29 0.853054523 28 0.146945462 0 0 0 0 0 0 0 0 
4.92377186 3.11587238 -0.503118336 -0.0761752799 -0.94928503 -0.305049598 29 0.884756029 28 0.115243994 0 0 0 0 0 0 0 0 
4.96613979 3.12034559 -0.527888536 -0.0761752799 -0.94928503 -0.305049598 29 1 0 0 0 0 0 0 0 0 0 0 
4.99225044 3.1052568 -0.487184286 -0.0761752799 -0.94928503 -0.305049598 29 0.995606601 28 0.00439338805 0 0 0 0 0 0 0 0 
4.95284796 3.09992909 -0.461034745 0.269520253 -0.935223758 0.229598477 29 0.853054523 28 0.146945462 0 0 0 0 0 0 0 0 
4.99225044 3.1052568 -0.487184286 0.269520253 -0.935223758 0.229598477 29 0.995606601 28 0.00439338805 0 0 0 0 0 0 0 0 
5.01852608 3.12222743 -0.447305501 0.269520253 -0.935223758 0.229598477 29 0.983337581 28 0.0166624412 0 0 0 0 0 0 0 0 
4.9793129 3.11844373 -0.418283433 0.269520253 -0.935223758 0.229598477 29 0.828193486 28 0.171806499 0 0 0 0 0 0 0 0 
4.95284796 3.09992909 -0.461034745 0.325641781 -0.92569828 0.192458168 29 0.853054523 28 0.146945462 0 0 0 0 0 0 0 0 
4.9793129 3.11844373 -0.418283433 0.325641781 -0.92569828 0.192458168 29 0.828193486 28 0.171806499 0 0 0 0 0 0 0 0 
4.94630051 3.11287785 -0.387672067 0.325641781 -0.92569828 0.192458168 28 0.790984035 29 0.209015965 0 0 0 0 0 0 0 0 
4.91467476 3.0928905 -0.431821406 0.325641781 -0.92569828 0.192458168 28 0.762855351 29 0.237144649 0 0 0 0 0 0 0 0 
4.95284796 3.09992909 -0.461034745 -0.0712811276 -0.946662188 -0.314244896 29 0.853054523 28 0.146945462 0 0 0 0 0 0 0 0 
4.91467476 3.0928905 -0.431821406 -0.0712811276 -0.946662188 -0.314244896 28 0.762855351 29 0.237144649 0 0 0 0 0 0 0 0 
4.88077164 3.11017203 -0.475543082 -0.0712811276 -0.946662188 -0.314244896 28 0.540449262 29 0.459550709 0 0 0 0 0 0 0 0 
4.92377186 3.11587238 -0.503118336 -0.0712811276 -0.946662188 -0.314244896 29 0.884756029 28 0.115243994 0 0 0 0 0 0 0 0 
4.98466873 3.17055655 -0.403151304 0.591807902 -0.276997685 0.756991208 29 0.83326602 28 0.16673398 0 0 0 0 0 0 0 0 
4.9793129 3.11844373 -0.418283433 0.591807902 -0.276997685 0.756991208 29 0.828193486 28 0.171806499 0 0 0 0 0 0 0 0 
5.01852608 3.12222743 -0.447305501 0.591807902 -0.276997685 0.756991208 29 0.983337581 28 0.0166624412 0 0 0 0 0 0 0 0 
5.0215044 3.17163253 -0.431805611 0.591807902 -0.276997685 0.756991208 29 0.985106051 28 0.0148939583 0 0 0 0 0 0 0 0 
4.98466873 3.17055655 -0.403151304 0.570741296 0.338271439 0.748215735 29 0.83326602 28 0.16673398 0 0 0 0 0 0 0 0 
5.0215044 3.17163253 -0.431805611 0.570741296 0.338271439 0.748215735 29 0.985106051 28 0.0148939583 0 0 0 0 0 0 0 0 
5.01016045 3.21988559 -0.444898218 0.570741296 0.338271439 0.748215735 29 0.983848035 28 0.0161519907 0 0 0 0 0 0 0 0 
4.97107553 3.2218852 -0.416057765 0.570741296 0.338271439 0.748215735 29 0.828681231 28 0.171318755 0 0 0 0 0 0 0 0 
4.98466873 3.17055655 -0.403151304 0.654661834 0.34271878 0.673766851 29 0.83326602 28 0.16673398 0 0 0 0 0 0 0 0 
4.97107553 3.2218852 -0.416057765 0.654661834 0.34271878 0.673766851 29 0.828681231 28 0.171318755 0 0 0 0 0 0 0 0 
4.9383502 3.2248714 -0.385773569 0.654661834 0.34271878 0.673766851 28 0.791386545 29 0.20861344 0 0 0 0 0 0 0 0 
4.95348263 3.16928601 -0.37220791 0.654661834 0.34271878 0.673766851 28 0.792861342 29 0.207138658 0 0 0 0 0 0 0 0 
4.98466873 3.17055655 -0.403151304 0.681142271 -0.270513475 0.680343747 29 0.83326602 28 0.16673398 0 0 0 0 0 0 0 0 
4.95348263 3.16928601 -0.37220791 0.681142271 -0.270513475 0.680343747 28 0.792861342 29 0.207138658 0 0 0 0 0 0 0 0 
4.94630051 3.11287785 -0.387672067 0.681142271 -0.270513475 0.680343747 28 0.790984035 29 0.209015965 0 0 0 0 0 0 0 0 
4.9793129 3.11844373 -0.418283433 0.681142271 -0.270513475 0.680343747 29 0.828193486 28 0.171806499 0 0 0 0 0 0 0 0 
4.94192505 3.23784089 -0.458100617 0.208591044 0.953298748 0.218429208 29 0.853660226 28 0.146339789 0 0 0 0 0 0 0 0 
4.97107553 3.2218852 -0.416057765 0.208591044 0.953298748 0.218429208 29 0.828681231 28 0.171318755 0 0 0 0 0 0 0 0 
5.01016045 3.21988559 -0.444898218 0.208591044 0.953298748 0.218429208 29 0.983848035 28 0.0161519907 0 0 0 0 0 0 0 0 
4.9839592 3.2349894 -0.485552907 0.208591044 0.953298748 0.218429208 29 0.996209025 28 0.0037909539 0 0 0 0 0 0 0 0 
4.94192505 3.23784089 -0.458100617 -0.146263763 0.937584162 -0.315504193 29 0.853660226 28 0.146339789 0 0 0 0 0 0 0 0 
4.9839592 3.2349894 -0.485552907 -0.146263763 0.937584162 -0.315504193 29 0.996209025 28 0.0037909539 0 0 0 0 0 0 0 0 
4.96042347 3.21756101 -0.526942015 -0.146263763 0.937584162 -0.315504193 29 1 0 0 0 0 0 0 0 0 0 0 
4.91670322 3.21911883 -0.501537144 -0.146263763 0.937584162 -0.315504193 29 0.885126591 28 0.114873402 0 0 0 0 0 0 0 0 
4.94192505 3.23784089 -0.458100617 -0.143228799 0.935515344 -0.322949767 29 0.853660226 28 0.146339789 0 0 0 0 0 0 0 0 
4.91670322 3.21911883 -0.501537144 -0.143228799 0.935515344 -0.322949767 29 0.885126591 28 0.114873402 0 0 0 0 0 0 0 0 
4.87489796 3.22181845 -0.474789172 -0.143228799 0.935515344 -0.322949767 28 0.540254891 29 0.459745109 0 0 0 0 0 0 0 0 
4.90475988 3.24210048 -0.429667801 -0.143228799 0.935515344 -0.322949767 28 0.76348573 29 0.236514285 0 0 0 0 0 0 0 0 
4.94192505 3.23784089 -0.458100617 0.252142459 0.950256288 0.18285808 29 0.853660226 28 0.146339789 0 0 0 0 0 0 0 0 
4.90475988 3.24210048 -0.429667801 0.252142459 0.950256288 0.18285808 28 0.76348573 29 0.236514285 0 0 0 0 0 0 0 0 
4.9383502 3.2248714 -0.385773569 0.252142459 0.950256288 0.18285808 28 0.791386545 29 0.20861344 0 0 0 0 0 0 0 0 
4.97107553 3.2218852 -0.416057765 0.252142459 0.950256288 0.18285808 29 0.828681231 28 0.171318755 0 0 0 0 0 0 0 0 
4.91096973 3.16706896 -0.516460896 -0.472501695 0.290024728 -0.832242608 29 0.900551677 28 0.0994483382 0 0 0 0 0 0 0 0 
4.91670322 3.21911883 -0.501537144 -0.472501695 0.290024728 -0.832242608 29 0.885126591 28 0.114873402 0 0 0 0 0 0 0 0 
4.96042347 3.21756101 -0.526942015 -0.472501695 0.290024728 -0.832242608 29 1 0 0 0 0 0 0 0 0 0 0 
4.95762682 3.16812563 -0.542541564 -0.472501695 0.290024728 -0.832242608 29 1 0 0 0 0 0 0 0 0 0 0 
4.91096973 3.16706896 -0.516460896 -0.452312231 -0.331586123 -0.827927709 29 0.900551677 28 0.0994483382 0 0 0 0 0 0 0 0 
4.95762682 3.16812563 -0.542541564 -0.452312231 -0.331586123 -0.827927709 29 1 0 0 0 0 0 0 0 0 0 0 
4.96613979 3.12034559 -0.527888536 -0.452312231 -0.331586123 -0.827927709 29 1 0 0 0 0 0 0 0 0 0 0 
4.92377186 3.11587238 -0.503118336 -0.452312231 -0.331586123 -0.827927709 29 0.884756029 28 0.115243994 0 0 0 0 0 0 0 0 
4.91096973 3.16706896 -0.516460896 -0.479026794 -0.330556363 -0.813182652 29 0.900551677 28 0.0994483382 0 0 0 0 0 0 0 0 
4.92377186 3.11587238 -0.503118336 -0.479026794 -0.330556363 -0.813182652 29 0.884756029 28 0.115243994 0 0 0 0 0 0 0 0 
4.88077164 3.11017203 -0.475543082 -0.479026794 -0.330556363 -0.813182652 28 0.540449262 29 0.459550709 0 0 0 0 0 0 0 0 
4.86705256 3.16552067 -0.489887863 -0.479026794 -0.330556363 -0.813182652 28 0.513247073 29 0.486752927 0 0 0 0 0 0 0 0 
4.91096973 3.16706896 -0.516460896 -0.502880692 0.288772553 -0.814691126 29 0.900551677 28 0.0994483382 0 0 0 0 0 0 0 0 
4.86705256 3.16552067 -0.489887863 -0.502880692 0.288772553 -0.814691126 28 0.513247073 29 0.486752927 0 0 0 0 0 0 0 0 
4.87489796 3.22181845 -0.474789172 -0.502880692 0.288772553 -0.814691126 28 0.540254891 29 0.459745109 0 0 0 0 0 0 0 0 
4.91670322 3.21911883 -0.501537144 -0.502880692 0.288772553 -0.814691126 29 0.885126591 28 0.114873402 0 0 0 0 0 0 0 0 
5.03195 3.10966182 -0.513173044 -0.0938443094 -0.952002227 -0.291350514 29 0.957493126 30 0.0425068885 0 0 0 0 0 0 0 0 
5.00781107 3.12392044 -0.551975965 -0.0938443094 -0.952002227 -0.291350514 29 0.954399884 30 0.0456000939 0 0 0 0 0 0 0 0 
5.04816389 3.12672019 -0.574134827 -0.0938443094 -0.952002227 -0.291350514 29 0.783390641 30 0.216609374 0 0 0 0 0 0 0 0 
5.07058382 3.11343288 -0.537926257 -0.0938443094 -0.952002227 -0.291350514 29 0.783550322 30 0.216449693 0 0 0 0 0 0 0 0 
5.03195 3.10966182 -0.513173044 0.244770169 -0.939683437 0.23891978 29 0.957493126 30 0.0425068885 0 0 0 0 0 0 0 0 
5.07058382 3.11343288 -0.537926257 0.244770169 -0.939683437 0.23891978 29 0.783550322 30 0.216449693 0 0 0 0 0 0 0 0 
5.09331751 3.1283462 -0.502555907 0.244770169 -0.939683437 0.23891978 29 0.783036172 30 0.216963813 0 0 0 0 0 0 0 0 
5.05631065 3.12566471 -0.475195408 0.244770169 -0.939683437 0.23891978 29 0.953589082 30 0.0464109331 0 0 0 0 0 0 0 0 
5.03195 3.10966182 -0.513173044 0.255773067 -0.938683927 0.231198415 29 0.957493126 30 0.0425068885 0 0 0 0 0 0 0 0 
5.05631065 3.12566471 -0.475195408 0.255773067 -0.938683927 0.231198415 29 0.953589082 30 0.0464109331 0 0 0 0 0 0 0 0 
5.01852608 3.12222743 -0.447305501 0.255773067 -0.938683927 0.231198415 29 0.983337581 28 0.0166624412 0 0 0 0 0 0 0 0 
4.99225044 3.1052568 -0.487184286 0.255773067 -0.938683927 0.231198415 29 0.995606601 28 0.00439338805 0 0 0 0 0 0 0 0 
5.03195 3.10966182 -0.513173044 -0.0884094611 -0.95131588 -0.295265853 29 0.957493126 30 0.0425068885 0 0 0 0 0 0 0 0 
4.99225044 3.1052568 -0.487184286 -0.0884094611 -0.95131588 -0.295265853 29 0.995606601 28 0.00439338805 0 0 0 0 0 0 0 0 
4.96613979 3.12034559 -0.527888536 -0.0884094611 -0.95131588 -0.295265853 29 1 0 0 0 0 0 0 0 0 0 0 
5.00781107 3.12392044 -0.551975965 -0.0884094611 -0.95131588 -0.295265853 29 0.954399884 30 0.0456000939 0 0 0 0 0 0 0 0 
5.06447792 3.17138958 -0.463499337 0.580759645 -0.298208892 0.757489085 29 0.958101869 30 0.0418981537 0 0 0 0 0 0 0 0 
5.05631065 3.12566471 -0.475195408 0.580759645 -0.298208892 0.757489085 29 0.953589082 30 0.0464109331 0 0 0 0 0 0 0 0 
5.09331751 3.1283462 -0.502555907 0.580759645 -0.298208892 0.757489085 29 0.783036172 30 0.216963813 0 0 0 0 0 0 0 0 
5.10131359 3.17091846 -0.491883308 0.580759645 -0.298208892 0.757489085 29 0.785127461 30 0.214872509 0 0 0 0 0 0 0 0 
5.06447792 3.17138958 -0.463499337 0.575056672 0.334665537 0.746531188 29 0.958101869 30 0.0418981537 0 0 0 0 0 0 0 0 
5.10131359 3.17091846 -0.491883308 0.575056672 0.334665537 0.746531188 29 0.785127461 30 0.214872509 0 0 0 0 0 0 0 0 
5.09425831 3.2129488 -0.505070448 0.575056672 0.334665537 0.746531188 29 0.785438418 30 0.214561552 0 0 0 0 0 0 0 0 
5.05371714 3.21699429 -0.475874931 0.575056672 0.334665537 0.746531188 29 0.955265105 30 0.0447348878 0 0 0 0 0 0 0 0 
5.06447792 3.17138958 -0.463499337 0.560198903 0.337239265 0.756602287 29 0.958101869 30 0.0418981537 0 0 0 0 0 0 0 0 
5.05371714 3.21699429 -0.475874931 0.560198903 0.337239265 0.756602287 29 0.955265105 30 0.0447348878 0 0 0 0 0 0 0 0 
5.01016045 3.21988559 -0.444898218 0.560198903 0.337239265 0.756602287 29 0.983848035 28 0.0161519907 0 0 0 0 0 0 0 0 
5.0215044 3.17163253 -0.431805611 0.560198903 0.337239265 0.756602287 29 0.985106051 28 0.0148939583 0 0 0 0 0 0 0 0 
5.06447792 3.17138958 -0.463499337 0.576145768 -0.286355853 0.765543222 29 0.958101869 30 0.0418981537 0 0 0 0 0 0 0 0 
5.0215044 3.17163253 -0.431805611 0.576145768 -0.286355853 0.765543222 29 0.985106051 28 0.0148939583 0 0 0 0 0 0 0 0 
5.01852608 3.12222743 -0.447305501 0.576145768 -0.286355853 0.765543222 29 0.983337581 28 0.0166624412 0 0 0 0 0 0 0 0 
5.05631065 3.12566471 -0.475195408 0.576145768 -0.286355853 0.765543222 29 0.953589082 30 0.0464109331 0 0 0 0 0 0 0 0 
5.02956343 3.23125529 -0.514669716 0.239089921 0.950072885 0.200493336 29 0.959739566 30 0.0402604528 0 0 0 0 0 0 0 0 
5.05371714 3.21699429 -0.475874931 0.239089921 0.950072885 0.200493336 29 0.955265105 30 0.0447348878 0 0 0 0 0 0 0 0 
5.09425831 3.2129488 -0.505070448 0.239089921 0.950072885 0.200493336 29 0.785438418 30 0.214561552 0 0 0 0 0 0 0 0 
5.0718379 3.22623634 -0.541279018 0.239089921 0.950072885 0.200493336 29 0.787150562 30 0.212849438 0 0 0 0 0 0 0 0 
5.02956343 3.23125529 -0.514669716 -0.100964874 0.937400162 -0.333297342 29 0.959739566 30 0.0402604528 0 0 0 0 0 0 0 0 
5.0718379 3.22623634 -0.541279018 -0.100964874 0.937400162 -0.333297342 29 0.787150562 30 0.212849438 0 0 0 0 0 0 0 0 
5.04910421 3.21132302 -0.576649368 -0.100964874 0.937400162 -0.333297342 29 0.78574878 30 0.21425122 0 0 0 0 0 0 0 0 
5.00818539 3.21475387 -0.554291308 -0.100964874 0.937400162 -0.333297342 29 0.956044674 30 0.0439553261 0 0 0 0 0 0 0 0 
5.02956343 3.23125529 -0.514669716 -0.12873055 0.938106179 -0.321535707 29 0.959739566 30 0.0402604528 0 0 0 0 0 0 0 0 
5.00818539 3.21475387 -0.554291308 -0.12873055 0.938106179 -0.321535707 29 0.956044674 30 0.0439553261 0 0 0 0 0 0 0 0 
4.96042347 3.21756101 -0.526942015 -0.12873055 0.938106179 -0.321535707 29 1 0 0 0 0 0 0 0 0 0 0 
4.9839592 3.2349894 -0.485552907 -0.12873055 0.938106179 -0.321535707 29 0.996209025 28 0.0037909539 0 0 0 0 0 0 0 0 
5.02956343 3.23125529 -0.514669716 0.215825602 0.952416956 0.215224072 29 0.959739566 30 0.0402604528 0 0 0 0 0 0 0 0 
4.9839592 3.2349894 -0.485552907 0.215825602 0.952416956 0.215224072 29 0.996209025 28 0.0037909539 0 0 0 0 0 0 0 0 
5.01016045 3.21988559 -0.444898218 0.215825602 0.952416956 0.215224072 29 0.983848035 28 0.0161519907 0 0 0 0 0 0 0 0 
5.05371714 3.21699429 -0.475874931 0.215825602 0.952416956 0.215224072 29 0.955265105 30 0.0447348878 0 0 0 0 0 0 0 0 
5.00005054 3.16902375 -0.566004932 -0.438809276 0.295310646 -0.848668396 29 0.959161341 30 0.0408386625 0 0 0 0 0 0 0 0 
5.00818539 3.21475387 -0.554291308 -0.438809276 0.295310646 -0.848668396 29 0.956044674 30 0.0439553261 0 0 0 0 0 0 0 0 
5.04910421 3.21132302 -0.576649368 -0.438809276 0.295310646 -0.848668396 29 0.78574878 30 0.21425122 0 0 0 0 0 0 0 0 
5.04110861 3.16875076 -0.587321937 -0.438809276 0.295310646 -0.848668396 29 0.785615921 30 0.214384094 0 0 0 0 0 0 0 0 
5.00005054 3.16902375 -0.566004932 -0.435731381 -0.335028529 -0.835400581 29 0.959161341 30 0.0408386625 0 0 0 0 0 0 0 0 
5.04110861 3.16875076 -0.587321937 -0.435731381 -0.335028529 -0.835400581 29 0.785615921 30 0.214384094 0 0 0 0 0 0 0 0 
5.04816389 3.12672019 -0.574134827 -0.435731381 -0.335028529 -0.835400581 29 0.783390641 30 0.216609374 0 0 0 0 0 0 0 0 
5.00781107 3.12392044 -0.551975965 -0.435731381 -0.335028529 -0.835400581 29 0.954399884 30 0.0456000939 0 0 0 0 0 0 0 0 
5.00005054 3.16902375 -0.566004932 -0.450304598 -0.334529042 -0.827838182 29 0.959161341 30 0.0408386625 0 0 0 0 0 0 0 0 
5.00781107 3.12392044 -0.551975965 -0.450304598 -0.334529042 -0.827838182 29 0.954399884 30 0.0456000939 0 0 0 0 0 0 0 0 
4.96613979 3.12034559 -0.527888536 -0.450304598 -0.334529042 -0.827838182 29 1 0 0 0 0 0 0 0 0 0 0 
4.95762682 3.16812563 -0.542541564 -0.450304598 -0.334529042 -0.827838182 29 1 0 0 0 0 0 0 0 0 0 0 
5.00005054 3.16902375 -0.566004932 -0.464582145 0.293186694 -0.835586667 29 0.959161341 30 0.0408386625 0 0 0 0 0 0 0 0 
4.95762682 3.16812563 -0.542541564 -0.464582145 0.293186694 -0.835586667 29 1 0 0 0 0 0 0 0 0 0 0 
4.96042347 3.21756101 -0.526942015 -0.464582145 0.293186694 -0.835586667 29 1 0 0 0 0 0 0 0 0 0 0 
5.00818539 3.21475387 -0.554291308 -0.464582145 0.293186694 -0.835586667 29 0.956044674 30 0.0439553261 0 0 0 0 0 0 0 0 
5.10073614 3.11787057 -0.557032645 -0.0173971485 -0.942316175 -0.334271759 30 0.7699579 29 0.2300421 0 0 0 0 0 0 0 0 
5.08055544 3.12987518 -0.589802504 -0.0173971485 -0.942316175 -0.334271759 30 0.755855262 29 0.244144723 0 0 0 0 0 0 0 0 
5.1057682 3.13325405 -0.600661099 -0.0173971485 -0.942316175 -0.334271759 30 0.913818121 29 0.0861818716 0 0 0 0 0 0 0 0 
5.1236248 3.12259889 -0.571531832 -0.0173971485 -0.942316175 -0.334271759 30 0.918339133 29 0.0816608891 0 0 0 0 0 0 0 0 
5.10073614 3.11787057 -0.557032645 0.312921435 -0.930414379 0.190812275 30 0.7699579 29 0.2300421 0 0 0 0 0 0 0 0 
5.1236248 3.12259889 -0.571531832 0.312921435 -0.930414379 0.190812275 30 0.918339133 29 0.0816608891 0 0 0 0 0 0 0 0 
5.14192057 3.13456059 -0.543192863 0.312921435 -0.930414379 0.190812275 30 0.91325295 29 0.0867470428 0 0 0 0 0 0 0 0 
5.12131453 3.13134575 -0.525092721 0.312921435 -0.930414379 0.190812275 30 0.755522728 29 0.244477272 0 0 0 0 0 0 0 0 
5.10073614 3.11787057 -0.557032645 0.27557382 -0.936332345 0.217579588 30 0.7699579 29 0.2300421 0 0 0 0 0 0 0 0 
5.12131453 3.13134575 -0.525092721 0.27557382 -0.936332345 0.217579588 30 0.755522728 29 0.244477272 0 0 0 0 0 0 0 0 
5.09331751 3.1283462 -0.502555907 0.27557382 -0.936332345 0.217579588 29 0.783036172 30 0.216963813 0 0 0 0 0 0 0 0 
5.07058382 3.11343288 -0.537926257 0.27557382 -0.936332345 0.217579588 29 0.783550322 30 0.216449693 0 0 0 0 0 0 0 0 
5.10073614 3.11787057 -0.557032645 -0.0582235865 -0.948369265 -0.311778307 30 0.7699579 29 0.2300421 0 0 0 0 0 0 0 0 
5.07058382 3.11343288 -0.537926257 -0.0582235865 -0.948369265 -0.311778307 29 0.783550322 30 0.216449693 0 0 0 0 0 0 0 0 
5.04816389 3.12672019 -0.574134827 -0.0582235865 -0.948369265 -0.311778307 29 0.783390641 30 0.216609374 0 0 0 0 0 0 0 0 
5.08055544 3.12987518 -0.589802504 -0.0582235865 -0.948369265 -0.311778307 30 0.755855262 29 0.244144723 0 0 0 0 0 0 0 0 
5.1287055 3.16981077 -0.51555258 0.655342162 -0.298403591 0.693888962 30 0.770837009 29 0.229162976 0 0 0 0 0 0 0 0 
5.12131453 3.13134575 -0.525092721 0.655342162 -0.298403591 0.693888962 30 0.755522728 29 0.244477272 0 0 0 0 0 0 0 0 
5.14192057 3.13456059 -0.543192863 0.655342162 -0.298403591 0.693888962 30 0.91325295 29 0.0867470428 0 0 0 0 0 0 0 0 
5.14860392 3.16870451 -0.534800231 0.655342162 -0.298403591 0.693888962 30 0.918274105 29 0.0817259178 0 0 0 0 0 0 0 0 
5.1287055 3.16981077 -0.51555258 0.667131901 0.321321219 0.672077119 30 0.770837009 29 0.229162976 0 0 0 0 0 0 0 0 
5.14860392 3.16870451 -0.534800231 0.667131901 0.321321219 0.672077119 30 0.918274105 29 0.0817259178 0 0 0 0 0 0 0 0 
5.14323664 3.20241261 -0.545563698 0.667131901 0.321321219 0.672077119 30 0.91390717 29 0.0860928446 0 0 0 0 0 0 0 0 
5.12250948 3.20778537 -0.527582347 0.667131901 0.321321219 0.672077119 30 0.757338405 29 0.24266161 0 0 0 0 0 0 0 0 
5.1287055 3.16981077 -0.51555258 0.625105441 0.326935291 0.708771169 30 0.770837009 29 0.229162976 0 0 0 0 0 0 0 0 
5.12250948 3.20778537 -0.527582347 0.625105441 0.326935291 0.708771169 30 0.757338405 29 0.24266161 0 0 0 0 0 0 0 0 
5.09425831 3.2129488 -0.505070448 0.625105441 0.326935291 0.708771169 29 0.785438418 30 0.214561552 0 0 0 0 0 0 0 0 
5.10131359 3.17091846 -0.491883308 0.625105441 0.326935291 0.708771169 29 0.785127461 30 0.214872509 0 0 0 0 0 0 0 0 
5.1287055 3.16981077 -0.51555258 0.617327332 -0.298744649 0.727776527 30 0.770837009 29 0.229162976 0 0 0 0 0 0 0 0 
5.10131359 3.17091846 -0.491883308 0.617327332 -0.298744649 0.727776527 29 0.785127461 30 0.214872509 0 0 0 0 0 0 0 0 
5.09331751 3.1283462 -0.502555907 0.617327332 -0.298744649 0.727776527 29 0.783036172 30 0.216963813 0 0 0 0 0 0 0 0 
5.12131453 3.13134575 -0.525092721 0.617327332 -0.298744649 0.727776527 30 0.755522728 29 0.244477272 0 0 0 0 0 0 0 0 
5.10232973 3.21978998 -0.560352206 0.349147677 0.928638101 0.125408202 30 0.772385955 29 0.227614045 0 0 0 0 0 0 0 0 
5.12250948 3.20778537 -0.527582347 0.349147677 0.928638101 0.125408202 30 0.757338405 29 0.24266161 0 0 0 0 0 0 0 0 
5.14323664 3.20241261 -0.545563698 0.349147677 0.928638101 0.125408202 30 0.91390717 29 0.0860928446 0 0 0 0 0 0 0 0 
5.12538004 3.21306801 -0.574693024 0.349147677 0.928638101 0.125408202 30 0.919791698 29 0.0802082792 0 0 0 0 0 0 0 0 
5.10232973 3.21978998 -0.560352206 0.0191193465 0.916677415 -0.399170339 30 0.772385955 29 0.227614045 0 0 0 0 0 0 0 0 
5.12538004 3.21306801 -0.574693024 0.0191193465 0.916677415 -0.399170339 30 0.919791698 29 0.0802082792 0 0 0 0 0 0 0 0 
5.10708475 3.20110607 -0.603031993 0.0191193465 0.916677415 -0.399170339 30 0.915136755 29 0.084863238 0 0 0 0 0 0 0 0 
5.08175087 3.2063148 -0.59229213 0.0191193465 0.916677415 -0.399170339 30 0.757850528 29 0.242149457 0 0 0 0 0 0 0 0 
5.10232973 3.21978998 -0.560352206 -0.0346286297 0.928636789 -0.369370461 30 0.772385955 29 0.227614045 0 0 0 0 0 0 0 0 
5.08175087 3.2063148 -0.59229213 -0.0346286297 0.928636789 -0.369370461 30 0.757850528 29 0.242149457 0 0 0 0 0 0 0 0 
5.04910421 3.21132302 -0.576649368 -0.0346286297 0.928636789 -0.369370461 29 0.78574878 30 0.21425122 0 0 0 0 0 0 0 0 
5.0718379 3.22623634 -0.541279018 -0.0346286297 0.928636789 -0.369370461 29 0.787150562 30 0.212849438 0 0 0 0 0 0 0 0 
5.10232973 3.21978998 -0.560352206 0.29924348 0.940650165 0.160095483 30 0.772385955 29 0.227614045 0 0 0 0 0 0 0 0 
5.0718379 3.22623634 -0.541279018 0.29924348 0.940650165 0.160095483 29 0.787150562 30 0.212849438 0 0 0 0 0 0 0 0 
5.09425831 3.2129488 -0.505070448 0.29924348 0.940650165 0.160095483 29 0.785438418 30 0.214561552 0 0 0 0 0 0 0 0 
5.12250948 3.20778537 -0.527582347 0.29924348 0.940650165 0.160095483 30 0.757338405 29 0.24266161 0 0 0 0 0 0 0 0 
5.07436037 3.16784978 -0.601832271 -0.323199153 0.285478354 -0.902244091 30 0.771384358 29 0.228615656 0 0 0 0 0 0 0 0 
5.08175087 3.2063148 -0.59229213 -0.323199153 0.285478354 -0.902244091 30 0.757850528 29 0.242149457 0 0 0 0 0 0 0 0 
5.10708475 3.20110607 -0.603031993 -0.323199153 0.285478354 -0.902244091 30 0.915136755 29 0.084863238 0 0 0 0 0 0 0 0 
5.1004014 3.16696239 -0.611424625 -0.323199153 0.285478354 -0.902244091 30 0.919463754 29 0.0805362687 0 0 0 0 0 0 0 0 
5.07436037 3.16784978 -0.601832271 -0.335239083 -0.334169418 -0.880877733 30 0.771384358 29 0.228615656 0 0 0 0 0 0 0 0 
5.1004014 3.16696239 -0.611424625 -0.335239083 -0.334169418 -0.880877733 30 0.919463754 29 0.0805362687 0 0 0 0 0 0 0 0 
5.1057682 3.13325405 -0.600661099 -0.335239083 -0.334169418 -0.880877733 30 0.913818121 29 0.0861818716 0 0 0 0 0 0 0 0 
5.08055544 3.12987518 -0.589802504 -0.335239083 -0.334169418 -0.880877733 30 0.755855262 29 0.244144723 0 0 0 0 0 0 0 0 
5.07436037 3.16784978 -0.601832271 -0.384074688 -0.334816039 -0.860456228 30 0.771384358 29 0.228615656 0 0 0 0 0 0 0 0 
5.08055544 3.12987518 -0.589802504 -0.384074688 -0.334816039 -0.860456228 30 0.755855262 29 0.244144723 0 0 0 0 0 0 0 0 
5.04816389 3.12672019 -0.574134827 -0.384074688 -0.334816039 -0.860456228 29 0.783390641 30 0.216609374 0 0 0 0 0 0 0 0 
5.04110861 3.16875076 -0.587321937 -0.384074688 -0.334816039 -0.860456228 29 0.785615921 30 0.214384094 0 0 0 0 0 0 0 0 
5.07436037 3.16784978 -0.601832271 -0.376406759 0.290864021 -0.879611373 30 0.771384358 29 0.228615656 0 0 0 0 0 0 0 0 
5.04110861 3.16875076 -0.587321937 -0.376406759 0.290864021 -0.879611373 29 0.785615921 30 0.214384094 0 0 0 0 0 0 0 0 
5.04910421 3.21132302 -0.576649368 -0.376406759 0.290864021 -0.879611373 29 0.78574878 30 0.21425122 0 0 0 0 0 0 0 0 
5.08175087 3.2063148 -0.59229213 -0.376406759 0.290864021 -0.879611373 30 0.757850528 29 0.242149457 0 0 0 0 0 0 0 0 
5.14365101 3.12670946 -0.584217072 0.364305079 -0.75230974 -0.548918843 30 0.985962689 29 0.0140373306 0 0 0 0 0 0 0 0 
5.12777948 3.13619208 -0.610154927 0.364305079 -0.75230974 -0.548918843 30 0.978996277 29 0.0210037325 0 0 0 0 0 0 0 0 
5.14295626 3.14476728 -0.6094262 0.364305079 -0.75230974 -0.548918843 30 1 0 0 0 0 0 0 0 0 0 0 
5.15778303 3.13847375 -0.593370497 0.364305079 -0.75230974 -0.548918843 30 1 0 0 0 0 0 0 0 0 0 0 
5.14365101 3.12670946 -0.584217072 0.667896211 -0.741312861 -0.0661047176 30 0.985962689 29 0.0140373306 0 0 0 0 0 0 0 0 
5.15778303 3.13847375 -0.593370497 0.667896211 -0.741312861 -0.0661047176 30 1 0 0 0 0 0 0 0 0 0 0 
5.1656909 3.14559007 -0.573268473 0.667896211 -0.741312861 -0.0661047176 30 1 0 0 0 0 0 0 0 0 0 0 
5.1599431 3.13735533 -0.559001327 0.667896211 -0.741312861 -0.0661047176 30 0.976757646 29 0.0232423488 0 0 0 0 0 0 0 0 
5.14365101 3.12670946 -0.584217072 0.312121302 -0.930590272 0.191264197 30 0.985962689 29 0.0140373306 0 0 0 0 0 0 0 0 
5.1599431 3.13735533 -0.559001327 0.312121302 -0.930590272 0.191264197 30 0.976757646 29 0.0232423488 0 0 0 0 0 0 0 0 
5.14192057 3.13456059 -0.543192863 0.312121302 -0.930590272 0.191264197 30 0.91325295 29 0.0867470428 0 0 0 0 0 0 0 0 
5.1236248 3.12259889 -0.571531832 0.312121302 -0.930590272 0.191264197 30 0.918339133 29 0.0816608891 0 0 0 0 0 0 0 0 
5.14365101 3.12670946 -0.584217072 -0.0179997981 -0.942522526 -0.333657712 30 0.985962689 29 0.0140373306 0 0 0 0 0 0 0 0 
5.1236248 3.12259889 -0.571531832 -0.0179997981 -0.942522526 -0.333657712 30 0.918339133 29 0.0816608891 0 0 0 0 0 0 0 0 
5.1057682 3.13325405 -0.600661099 -0.0179997981 -0.942522526 -0.333657712 30 0.913818121 29 0.0861818716 0 0 0 0 0 0 0 0 
5.12777948 3.13619208 -0.610154927 -0.0179997981 -0.942522526 -0.333657712 30 0.978996277 29 0.0210037325 0 0 0 0 0 0 0 0 
5.16593409 3.16774154 -0.551558793 0.910766006 -0.294092149 0.289853662 30 0.981064737 29 0.0189352799 0 0 0 0 0 0 0 0 
5.1599431 3.13735533 -0.559001327 0.910766006 -0.294092149 0.289853662 30 0.976757646 29 0.0232423488 0 0 0 0 0 0 0 0 
5.1656909 3.14559007 -0.573268473 0.910766006 -0.294092149 0.289853662 30 1 0 0 0 0 0 0 0 0 0 0 
5.17322111 3.16690111 -0.570744634 0.910766006 -0.294092149 0.289853662 30 1 0 0 0 0 0 0 0 0 0 0 
5.16593409 3.16774154 -0.551558793 0.922664881 0.275873512 0.269412905 30 0.981064737 29 0.0189352799 0 0 0 0 0 0 0 0 
5.17322111 3.16690111 -0.570744634 0.922664881 0.275873512 0.269412905 30 1 0 0 0 0 0 0 0 0 0 0 
5.16658163 3.18827248 -0.574799597 0.922664881 0.275873512 0.269412905 30 0.99693799 29 0.00306198793 0 0 0 0 0 0 0 0 
5.16120386 3.1977396 -0.561167419 0.922664881 0.275873512 0.269412905 30 0.972373843 29 0.0276261549 0 0 0 0 0 0 0 0 
5.16593409 3.16774154 -0.551558793 0.667410851 0.320705384 0.672094405 30 0.981064737 29 0.0189352799 0 0 0 0 0 0 0 0 
5.16120386 3.1977396 -0.561167419 0.667410851 0.320705384 0.672094405 30 0.972373843 29 0.0276261549 0 0 0 0 0 0 0 0 
5.14323664 3.20241261 -0.545563698 0.667410851 0.320705384 0.672094405 30 0.91390717 29 0.0860928446 0 0 0 0 0 0 0 0 
5.14860392 3.16870451 -0.534800231 0.667410851 0.320705384 0.672094405 30 0.918274105 29 0.0817259178 0 0 0 0 0 0 0 0 
5.16593409 3.16774154 -0.551558793 0.654878318 -0.298950791 0.694091439 30 0.981064737 29 0.0189352799 0 0 0 0 0 0 0 0 
5.14860392 3.16870451 -0.534800231 0.654878318 -0.298950791 0.694091439 30 0.918274105 29 0.0817259178 0 0 0 0 0 0 0 0 
5.14192057 3.13456059 -0.543192863 0.654878318 -0.298950791 0.694091439 30 0.91325295 29 0.0867470428 0 0 0 0 0 0 0 0 
5.1599431 3.13735533 -0.559001327 0.654878318 -0.298950791 0.694091439 30 0.976757646 29 0.0232423488 0 0 0 0 0 0 0 0 
5.14533186 3.20722198 -0.587105215 0.698101997 0.70620358 -0.118026286 30 0.985418558 29 0.0145814316 0 0 0 0 0 0 0 0 
5.16120386 3.1977396 -0.561167419 0.698101997 0.70620358 -0.118026286 30 0.972373843 29 0.0276261549 0 0 0 0 0 0 0 0 
5.16658163 3.18827248 -0.574799597 0.698101997 0.70620358 -0.118026286 30 0.99693799 29 0.00306198793 0 0 0 0 0 0 0 0 
5.15894747 3.19425344 -0.595371425 0.698101997 0.70620358 -0.118026286 30 1 0 0 0 0 0 0 0 0 0 0 
5.14533186 3.20722198 -0.587105215 0.394525468 0.695213854 -0.600855529 30 0.985418558 29 0.0145814316 0 0 0 0 0 0 0 0 
5.15894747 3.19425344 -0.595371425 0.394525468 0.695213854 -0.600855529 30 1 0 0 0 0 0 0 0 0 0 0 
5.14384699 3.18744993 -0.610957325 0.394525468 0.695213854 -0.600855529 30 1 0 0 0 0 0 0 0 0 0 0 
5.12904024 3.1965766 -0.61232096 0.394525468 0.695213854 -0.600855529 30 0.979739845 29 0.0202601422 0 0 0 0 0 0 0 0 
5.14533186 3.20722198 -0.587105215 0.0199075248 0.916425526 -0.39970991 30 0.985418558 29 0.0145814316 0 0 0 0 0 0 0 0 
5.12904024 3.1965766 -0.61232096 0.0199075248 0.916425526 -0.39970991 30 0.979739845 29 0.0202601422 0 0 0 0 0 0 0 0 
5.10708475 3.20110607 -0.603031993 0.0199075248 0.916425526 -0.39970991 30 0.915136755 29 0.084863238 0 0 0 0 0 0 0 0 
5.12538004 3.21306801 -0.574693024 0.0199075248 0.916425526 -0.39970991 30 0.919791698 29 0.0802082792 0 0 0 0 0 0 0 0 
5.14533186 3.20722198 -0.587105215 0.349980325 0.928362608 0.125126868 30 0.985418558 29 0.0145814316 0 0 0 0 0 0 0 0 
5.12538004 3.21306801 -0.574693024 0.349980325 0.928362608 0.125126868 30 0.919791698 29 0.0802082792 0 0 0 0 0 0 0 0 
5.14323664 3.20241261 -0.545563698 0.349980325 0.928362608 0.125126868 30 0.91390717 29 0.0860928446 0 0 0 0 0 0 0 0 
5.16120386 3.1977396 -0.561167419 0.349980325 0.928362608 0.125126868 30 0.972373843 29 0.0276261549 0 0 0 0 0 0 0 0 
5.12304926 3.16619039 -0.619763553 0.151644409 0.247978434 -0.956823289 30 0.987293005 29 0.0127069997 0 0 0 0 0 0 0 0 
5.12904024 3.1965766 -0.61232096 0.151644409 0.247978434 -0.956823289 30 0.979739845 29 0.0202601422 0 0 0 0 0 0 0 0 
5.14384699 3.18744993 -0.610957325 0.151644409 0.247978434 -0.956823289 30 1 0 0 0 0 0 0 0 0 0 0 
5.14351034 3.16582632 -0.617997348 0.151644409 0.247978434 -0.956823289 30 1 0 0 0 0 0 0 0 0 0 0 
5.12304926 3.16619039 -0.619763553 0.13974078 -0.321984798 -0.936375141 30 0.987293005 29 0.0127069997 0 0 0 0 0 0 0 0 
5.14351034 3.16582632 -0.617997348 0.13974078 -0.321984798 -0.936375141 30 1 0 0 0 0 0 0 0 0 0 0 
5.14295626 3.14476728 -0.6094262 0.13974078 -0.321984798 -0.936375141 30 1 0 0 0 0 0 0 0 0 0 0 
5.12777948 3.13619208 -0.610154927 0.13974078 -0.321984798 -0.936375141 30 0.978996277 29 0.0210037325 0 0 0 0 0 0 0 0 
5.12304926 3.16619039 -0.619763553 -0.335387707 -0.334752351 -0.880599797 30 0.987293005 29 0.0127069997 0 0 0 0 0 0 0 0 
5.12777948 3.13619208 -0.610154927 -0.335387707 -0.334752351 -0.880599797 30 0.978996277 29 0.0210037325 0 0 0 0 0 0 0 0 
5.1057682 3.13325405 -0.600661099 -0.335387707 -0.334752351 -0.880599797 30 0.913818121 29 0.0861818716 0 0 0 0 0 0 0 0 
5.1004014 3.16696239 -0.611424625 -0.335387707 -0.334752351 -0.880599797 30 0.919463754 29 0.0805362687 0 0 0 0 0 0 0 0 
5.12304926 3.16619039 -0.619763553 -0.322843432 0.284891188 -0.902557075 30 0.987293005 29 0.0127069997 0 0 0 0 0 0 0 0 
5.1004014 3.16696239 -0.611424625 -0.322843432 0.284891188 -0.902557075 30 0.919463754 29 0.0805362687 0 0 0 0 0 0 0 0 
5.10708475 3.20110607 -0.603031993 -0.322843432 0.284891188 -0.902557075 30 0.915136755 29 0.084863238 0 0 0 0 0 0 0 0 
5.12904024 3.1965766 -0.61232096 -0.322843432 0.284891188 -0.902557075 30 0.979739845 29 0.0202601422 0 0 0 0 0 0 0 0 
5.13385963 3.08187866 0.26627484 0.0263408553 -0.943841994 -0.329345465 38 0.915474057 37 0.084525913 0 0 0 0 0 0 0 0 
5.15290928 3.10295057 0.207409978 0.0263408553 -0.943841994 -0.329345465 38 0.896863401 37 0.103136607 0 0 0 0 0 0 0 0 
5.22678375 3.09668016 0.231287509 0.0263408553 -0.943841994 -0.329345465 38 1 0 0 0 0 0 0 0 0 0 0 
5.20913506 3.07701564 0.286230981 0.0263408553 -0.943841994 -0.329345465 38 1 0 0 0 0 0 0 0 0 0 0 
5.13385963 3.08187866 0.26627484 -0.136111677 -0.950016797 0.280965745 38 0.915474057 37 0.084525913 0 0 0 0 0 0 0 0 
5.20913506 3.07701564 0.286230981 -0.136111677 -0.950016797 0.280965745 38 1 0 0 0 0 0 0 0 0 0 0 
5.19608402 3.09559751 0.342805058 -0.136111677 -0.950016797 0.280965745 38 1 0 0 0 0 0 0 0 0 0 0 
5.11900806 3.10189128 0.326681852 -0.136111677 -0.950016797 0.280965745 38 0.861768067 37 0.138231933 0 0 0 0 0 0 0 0 
5.13385963 3.08187866 0.26627484 -0.107296176 -0.951191366 0.289348722 38 0.915474057 37 0.084525913 0 0 0 0 0 0 0 0 
5.11900806 3.10189128 0.326681852 -0.107296176 -0.951191366 0.289348722 38 0.861768067 37 0.138231933 0 0 0 0 0 0 0 0 
5.04347515 3.10563087 0.310840726 -0.107296176 -0.951191366 0.289348722 37 0.721011519 38 0.278988451 0 0 0 0 0 0 0 0 
5.0614109 3.0838356 0.245968729 -0.107296176 -0.951191366 0.289348722 38 0.653822243 37 0.346177757 0 0 0 0 0 0 0 0 
5.13385963 3.08187866 0.26627484 0.0656757057 -0.947240293 -0.313723683 38 0.915474057 37 0.084525913 0 0 0 0 0 0 0 0 
5.0614109 3.0838356 0.245968729 0.0656757057 -0.947240293 -0.313723683 38 0.653822243 37 0.346177757 0 0 0 0 0 0 0 0 
5.0866642 3.10461974 0.187731281 0.0656757057 -0.947240293 -0.313723683 38 0.511874318 37 0.488125682 0 0 0 0 0 0 0 0 
5.15290928 3.10295057 0.207409978 0.0656757057 -0.947240293 -0.313723683 38 0.896863401 37 0.103136607 0 0 0 0 0 0 0 0 
5.11965561 3.16334176 0.348873794 -0.219601035 -0.32999754 0.918083429 38 0.861322105 37 0.13867791 0 0 0 0 0 0 0 0 
5.11900806 3.10189128 0.326681852 -0.219601035 -0.32999754 0.918083429 38 0.861768067 37 0.138231933 0 0 0 0 0 0 0 0 
5.19608402 3.09559751 0.342805058 -0.219601035 -0.32999754 0.918083429 38 1 0 0 0 0 0 0 0 0 0 0 
5.19786263 3.15278673 0.363837183 -0.219601035 -0.32999754 0.918083429 38 1 0 0 0 0 0 0 0 0 0 0 
5.11965561 3.16334176 0.348873794 -0.141461104 0.295237422 0.944893539 38 0.861322105 37 0.13867791 0 0 0 0 0 0 0 0 
5.19786263 3.15278673 0.363837183 -0.141461104 0.295237422 0.944893539 38 1 0 0 0 0 0 0 0 0 0 0 
5.20987511 3.21033669 0.347696811 -0.141461104 0.295237422 0.944893539 38 1 0 0 0 0 0 0 0 0 0 0 
5.13160324 3.22514534 0.331308424 -0.141461104 0.295237422 0.944893539 38 0.874112666 37 0.125887334 0 0 0 0 0 0 0 0 
5.11965561 3.16334176 0.348873794 -0.15055126 0.304930538 0.940399706 38 0.861322105 37 0.13867791 0 0 0 0 0 0 0 0 
5.13160324 3.22514534 0.331308424 -0.15055126 0.304930538 0.940399706 38 0.874112666 37 0.125887334 0 0 0 0 0 0 0 0 
5.06143332 3.23921967 0.314948797 -0.15055126 0.304930538 0.940399706 37 0.57528919 38 0.42471078 0 0 0 0 0 0 0 0 
5.04313326 3.17226863 0.334290534 -0.15055126 0.304930538 0.940399706 37 0.765317023 38 0.234683007 0 0 0 0 0 0 0 0 
5.11965561 3.16334176 0.348873794 -0.211536348 -0.327612579 0.920827031 38 0.861322105 37 0.13867791 0 0 0 0 0 0 0 0 
5.04313326 3.17226863 0.334290534 -0.211536348 -0.327612579 0.920827031 37 0.765317023 38 0.234683007 0 0 0 0 0 0 0 0 
5.04347515 3.10563087 0.310840726 -0.211536348 -0.327612579 0.920827031 37 0.721011519 38 0.278988451 0 0 0 0 0 0 0 0 
5.11900806 3.10189128 0.326681852 -0.211536348 -0.327612579 0.920827031 38 0.861768067 37 0.138231933 0 0 0 0 0 0 0 0 
5.15253973 3.24621725 0.272443533 0.0999252796 0.925561786 0.36517176 38 0.860342622 37 0.139657393 0 0 0 0 0 0 0 0 
5.13160324 3.22514534 0.331308424 0.0999252796 0.925561786 0.36517176 38 0.874112666 37 0.125887334 0 0 0 0 0 0 0 0 
5.20987511 3.21033669 0.347696811 0.0999252796 0.925561786 0.36517176 38 1 0 0 0 0 0 0 0 0 0 0 
5.22752333 3.23000097 0.292753309 0.0999252796 0.925561786 0.36517176 38 1 0 0 0 0 0 0 0 0 0 0 
5.15253973 3.24621725 0.272443533 0.27302286 0.933400035 -0.23285833 38 0.860342622 37 0.139657393 0 0 0 0 0 0 0 0 
5.22752333 3.23000097 0.292753309 0.27302286 0.933400035 -0.23285833 38 1 0 0 0 0 0 0 0 0 0 0 
5.24057484 3.21141934 0.236179247 0.27302286 0.933400035 -0.23285833 38 1 0 0 0 0 0 0 0 0 0 0 
5.17165947 3.22620463 0.212036505 0.27302286 0.933400035 -0.23285833 38 0.854084194 37 0.145915791 0 0 0 0 0 0 0 0 
5.15253973 3.24621725 0.272443533 0.315429389 0.925044239 -0.211654291 38 0.860342622 37 0.139657393 0 0 0 0 0 0 0 0 
5.17165947 3.22620463 0.212036505 0.315429389 0.925044239 -0.211654291 38 0.854084194 37 0.145915791 0 0 0 0 0 0 0 0 
5.11976242 3.23866773 0.190598905 0.315429389 0.925044239 -0.211654291 37 0.758323908 38 0.241676122 0 0 0 0 0 0 0 0 
5.0932622 3.26195383 0.251446128 0.315429389 0.925044239 -0.211654291 37 0.774103522 38 0.225896448 0 0 0 0 0 0 0 0 
5.15253973 3.24621725 0.272443533 0.104039967 0.921298862 0.374678612 38 0.860342622 37 0.139657393 0 0 0 0 0 0 0 0 
5.0932622 3.26195383 0.251446128 0.104039967 0.921298862 0.374678612 37 0.774103522 38 0.225896448 0 0 0 0 0 0 0 0 
5.06143332 3.23921967 0.314948797 0.104039967 0.921298862 0.374678612 37 0.57528919 38 0.42471078 0 0 0 0 0 0 0 0 
5.13160324 3.22514534 0.331308424 0.104039967 0.921298862 0.374678612 38 0.874112666 37 0.125887334 0 0 0 0 0 0 0 0 
5.16554022 3.16407776 0.191670537 0.348560452 0.286559939 -0.892406285 38 0.890760481 37 0.109239526 0 0 0 0 0 0 0 0 
5.17165947 3.22620463 0.212036505 0.348560452 0.286559939 -0.892406285 38 0.854084194 37 0.145915791 0 0 0 0 0 0 0 0 
5.24057484 3.21141934 0.236179247 0.348560452 0.286559939 -0.892406285 38 1 0 0 0 0 0 0 0 0 0 0 
5.23879576 3.15423012 0.215147123 0.348560452 0.286559939 -0.892406285 38 1 0 0 0 0 0 0 0 0 0 0 
5.16554022 3.16407776 0.191670537 0.262172699 -0.300755143 -0.916957915 38 0.890760481 37 0.109239526 0 0 0 0 0 0 0 0 
5.23879576 3.15423012 0.215147123 0.262172699 -0.300755143 -0.916957915 38 1 0 0 0 0 0 0 0 0 0 0 
5.22678375 3.09668016 0.231287509 0.262172699 -0.300755143 -0.916957915 38 1 0 0 0 0 0 0 0 0 0 0 
5.15290928 3.10295057 0.207409978 0.262172699 -0.300755143 -0.916957915 38 0.896863401 37 0.103136607 0 0 0 0 0 0 0 0 
5.16554022 3.16407776 0.191670537 0.241410017 -0.258272558 -0.935423195 38 0.890760481 37 0.109239526 0 0 0 0 0 0 0 0 
5.15290928 3.10295057 0.207409978 0.241410017 -0.258272558 -0.935423195 38 0.896863401 37 0.103136607 0 0 0 0 0 0 0 0 
5.0866642 3.10461974 0.187731281 0.241410017 -0.258272558 -0.935423195 38 0.511874318 37 0.488125682 0 0 0 0 0 0 0 0 
5.1041584 3.16847873 0.176736549 0.241410017 -0.258272558 -0.935423195 37 0.533217371 38 0.466782659 0 0 0 0 0 0 0 0 
5.16554022 3.16407776 0.191670537 0.32539314 0.186385319 -0.927027464 38 0.890760481 37 0.109239526 0 0 0 0 0 0 0 0 
5.1041584 3.16847873 0.176736549 0.32539314 0.186385319 -0.927027464 37 0.533217371 38 0.466782659 0 0 0 0 0 0 0 0 
5.11976242 3.23866773 0.190598905 0.32539314 0.186385319 -0.927027464 37 0.758323908 38 0.241676122 0 0 0 0 0 0 0 0 
5.17165947 3.22620463 0.212036505 0.32539314 0.186385319 -0.927027464 38 0.854084194 37 0.145915791 0 0 0 0 0 0 0 0 
5.27900171 3.07245922 0.304767758 0.027689172 -0.944364727 -0.327732533 38 0.983633995 39 0.0163659863 0 0 0 0 0 0 0 0 
5.29605389 3.09074306 0.253614068 0.027689172 -0.944364727 -0.327732533 38 0.98277843 39 0.0172215458 0 0 0 0 0 0 0 0 
5.35864115 3.08522987 0.274697512 0.027689172 -0.944364727 -0.327732533 38 0.828301907 39 0.171698108 0 0 0 0 0 0 0 0 
5.34173584 3.06820178 0.32242617 0.027689172 -0.944364727 -0.327732533 38 0.826924622 39 0.173075378 0 0 0 0 0 0 0 0 
5.27900171 3.07245922 0.304767758 -0.142730251 -0.949296594 0.280114442 38 0.983633995 39 0.0163659863 0 0 0 0 0 0 0 0 
5.34173584 3.06820178 0.32242617 -0.142730251 -0.949296594 0.280114442 38 0.826924622 39 0.173075378 0 0 0 0 0 0 0 0 
5.3290844 3.08466339 0.371647298 -0.142730251 -0.949296594 0.280114442 38 0.819287062 39 0.180712938 0 0 0 0 0 0 0 0 
5.26647949 3.0898695 0.357510865 -0.142730251 -0.949296594 0.280114442 38 0.977864921 39 0.0221350882 0 0 0 0 0 0 0 0 
5.27900171 3.07245922 0.304767758 -0.136234269 -0.950013697 0.280916899 38 0.983633995 39 0.0163659863 0 0 0 0 0 0 0 0 
5.26647949 3.0898695 0.357510865 -0.136234269 -0.950013697 0.280916899 38 0.977864921 39 0.0221350882 0 0 0 0 0 0 0 0 
5.19608402 3.09559751 0.342805058 -0.136234269 -0.950013697 0.280916899 38 1 0 0 0 0 0 0 0 0 0 0 
5.20913506 3.07701564 0.286230981 -0.136234269 -0.950013697 0.280916899 38 1 0 0 0 0 0 0 0 0 0 0 
5.27900171 3.07245922 0.304767758 0.0255153589 -0.943893075 -0.329264313 38 0.983633995 39 0.0163659863 0 0 0 0 0 0 0 0 
5.20913506 3.07701564 0.286230981 0.0255153589 -0.943893075 -0.329264313 38 1 0 0 0 0 0 0 0 0 0 0 
5.22678375 3.09668016 0.231287509 0.0255153589 -0.943893075 -0.329264313 38 1 0 0 0 0 0 0 0 0 0 0 
5.29605389 3.09074306 0.253614068 0.0255153589 -0.943893075 -0.329264313 38 0.98277843 39 0.0172215458 0 0 0 0 0 0 0 0 
5.26834393 3.14326525 0.377211124 -0.233756676 -0.32915163 0.914886415 38 0.980535865 39 0.0194641575 0 0 0 0 0 0 0 0 
5.26647949 3.0898695 0.357510865 -0.233756676 -0.32915163 0.914886415 38 0.977864921 39 0.0221350882 0 0 0 0 0 0 0 0 
5.3290844 3.08466339 0.371647298 -0.233756676 -0.32915163 0.914886415 38 0.819287062 39 0.180712938 0 0 0 0 0 0 0 0 
5.33053923 3.1348033 0.390044391 -0.233756676 -0.32915163 0.914886415 38 0.820546567 39 0.179453403 0 0 0 0 0 0 0 0 
5.26834393 3.14326525 0.377211124 -0.154493302 0.295692265 0.942707837 38 0.980535865 39 0.0194641575 0 0 0 0 0 0 0 0 
5.33053923 3.1348033 0.390044391 -0.154493302 0.295692265 0.942707837 38 0.820546567 39 0.179453403 0 0 0 0 0 0 0 0 
5.34184599 3.18513179 0.376124859 -0.154493302 0.295692265 0.942707837 38 0.819360137 39 0.180639878 0 0 0 0 0 0 0 0 
5.28006697 3.1969521 0.362279087 -0.154493302 0.295692265 0.942707837 38 0.978075266 39 0.0219247062 0 0 0 0 0 0 0 0 
5.26834393 3.14326525 0.377211124 -0.140029073 0.293989658 0.945495605 38 0.980535865 39 0.0194641575 0 0 0 0 0 0 0 0 
5.28006697 3.1969521 0.362279087 -0.140029073 0.293989658 0.945495605 38 0.978075266 39 0.0219247062 0 0 0 0 0 0 0 0 
5.20987511 3.21033669 0.347696811 -0.140029073 0.293989658 0.945495605 38 1 0 0 0 0 0 0 0 0 0 0 
5.19786263 3.15278673 0.363837183 -0.140029073 0.293989658 0.945495605 38 1 0 0 0 0 0 0 0 0 0 0 
5.26834393 3.14326525 0.377211124 -0.218785927 -0.330904633 0.917951465 38 0.980535865 39 0.0194641575 0 0 0 0 0 0 0 0 
5.19786263 3.15278673 0.363837183 -0.218785927 -0.330904633 0.917951465 38 1 0 0 0 0 0 0 0 0 0 0 
5.19608402 3.09559751 0.342805058 -0.218785927 -0.330904633 0.917951465 38 1 0 0 0 0 0 0 0 0 0 0 
5.26647949 3.0898695 0.357510865 -0.218785927 -0.330904633 0.917951465 38 0.977864921 39 0.0221350882 0 0 0 0 0 0 0 0 
5.29711866 3.21523595 0.311125398 0.0952555016 0.926660061 0.363631219 38 0.983894885 39 0.0161051396 0 0 0 0 0 0 0 0 
5.28006697 3.1969521 0.362279087 0.0952555016 0.926660061 0.363631219 38 0.978075266 39 0.0219247062 0 0 0 0 0 0 0 0 
5.34184599 3.18513179 0.376124859 0.0952555016 0.926660061 0.363631219 38 0.819360137 39 0.180639878 0 0 0 0 0 0 0 0 
5.3587513 3.2021594 0.328396201 0.0952555016 0.926660061 0.363631219 38 0.827014089 39 0.172985896 0 0 0 0 0 0 0 0 
5.29711866 3.21523595 0.311125398 0.265807092 0.932590961 -0.244173765 38 0.983894885 39 0.0161051396 0 0 0 0 0 0 0 0 
5.3587513 3.2021594 0.328396201 0.265807092 0.932590961 -0.244173765 38 0.827014089 39 0.172985896 0 0 0 0 0 0 0 0 
5.37140226 3.18569803 0.279175043 0.265807092 0.932590961 -0.244173765 38 0.828362405 39 0.171637595 0 0 0 0 0 0 0 0 
5.30964088 3.19782567 0.258382261 0.265807092 0.932590961 -0.244173765 38 0.982965887 39 0.0170341115 0 0 0 0 0 0 0 0 
5.29711866 3.21523595 0.311125398 0.262732685 0.93305099 -0.245738447 38 0.983894885 39 0.0161051396 0 0 0 0 0 0 0 0 
5.30964088 3.19782567 0.258382261 0.262732685 0.93305099 -0.245738447 38 0.982965887 39 0.0170341115 0 0 0 0 0 0 0 0 
5.24057484 3.21141934 0.236179247 0.262732685 0.93305099 -0.245738447 38 1 0 0 0 0 0 0 0 0 0 0 
5.22752333 3.23000097 0.292753309 0.262732685 0.93305099 -0.245738447 38 1 0 0 0 0 0 0 0 0 0 0 
5.29711866 3.21523595 0.311125398 0.100625344 0.925915062 0.364082277 38 0.983894885 39 0.0161051396 0 0 0 0 0 0 0 0 
5.22752333 3.23000097 0.292753309 0.100625344 0.925915062 0.364082277 38 1 0 0 0 0 0 0 0 0 0 0 
5.20987511 3.21033669 0.347696811 0.100625344 0.925915062 0.364082277 38 1 0 0 0 0 0 0 0 0 0 0 
5.28006697 3.1969521 0.362279087 0.100625344 0.925915062 0.364082277 38 0.978075266 39 0.0219247062 0 0 0 0 0 0 0 0 
5.30777645 3.14442992 0.238682032 0.357507467 0.312386632 -0.88011533 38 0.987030745 39 0.012969234 0 0 0 0 0 0 0 0 
5.30964088 3.19782567 0.258382261 0.357507467 0.312386632 -0.88011533 38 0.982965887 39 0.0170341115 0 0 0 0 0 0 0 0 
5.37140226 3.18569803 0.279175043 0.357507467 0.312386632 -0.88011533 38 0.828362405 39 0.171637595 0 0 0 0 0 0 0 0 
5.36994743 3.13555837 0.26077798 0.357507467 0.312386632 -0.88011533 38 0.833455443 39 0.166544542 0 0 0 0 0 0 0 0 
5.30777645 3.14442992 0.238682032 0.278116047 -0.313429058 -0.907972336 38 0.987030745 39 0.012969234 0 0 0 0 0 0 0 0 
5.36994743 3.13555837 0.26077798 0.278116047 -0.313429058 -0.907972336 38 0.833455443 39 0.166544542 0 0 0 0 0 0 0 0 
5.35864115 3.08522987 0.274697512 0.278116047 -0.313429058 -0.907972336 38 0.828301907 39 0.171698108 0 0 0 0 0 0 0 0 
5.29605389 3.09074306 0.253614068 0.278116047 -0.313429058 -0.907972336 38 0.98277843 39 0.0172215458 0 0 0 0 0 0 0 0 
5.30777645 3.14442992 0.238682032 0.267019838 -0.311699569 -0.911890268 38 0.987030745 39 0.012969234 0 0 0 0 0 0 0 0 
5.29605389 3.09074306 0.253614068 0.267019838 -0.311699569 -0.911890268 38 0.98277843 39 0.0172215458 0 0 0 0 0 0 0 0 
5.22678375 3.09668016 0.231287509 0.267019838 -0.311699569 -0.911890268 38 1 0 0 0 0 0 0 0 0 0 0 
5.23879576 3.15423012 0.215147123 0.267019838 -0.311699569 -0.911890268 38 1 0 0 0 0 0 0 0 0 0 0 
5.30777645 3.14442992 0.238682032 0.346136659 0.314204514 -0.884005129 38 0.987030745 39 0.012969234 0 0 0 0 0 0 0 0 
5.23879576 3.15423012 0.215147123 0.346136659 0.314204514 -0.884005129 38 1 0 0 0 0 0 0 0 0 0 0 
5.24057484 3.21141934 0.236179247 0.346136659 0.314204514 -0.884005129 38 1 0 0 0 0 0 0 0 0 0 0 
5.30964088 3.19782567 0.258382261 0.346136659 0.314204514 -0.884005129 38 0.982965887 39 0.0170341115 0 0 0 0 0 0 0 0 
5.39561367 3.06423593 0.339747161 0.0382205248 -0.945923686 -0.322129667 39 0.82280153 38 0.17719847 0 0 0 0 0 0 0 0 
5.412467 3.08023047 0.2948457 0.0382205248 -0.945923686 -0.322129667 39 0.816392541 38 0.183607474 0 0 0 0 0 0 0 0 
5.46022654 3.07565904 0.313869417 0.0382205248 -0.945923686 -0.322129667 39 0.963434398 38 0.0365655906 0 0 0 0 0 0 0 0 
5.44357252 3.06053114 0.35638234 0.0382205248 -0.945923686 -0.322129667 39 0.966473937 38 0.0335260704 0 0 0 0 0 0 0 0 
5.39561367 3.06423593 0.339747161 -0.168063357 -0.94671464 0.274747372 39 0.82280153 38 0.17719847 0 0 0 0 0 0 0 0 
5.44357252 3.06053114 0.35638234 -0.168063357 -0.94671464 0.274747372 39 0.966473937 38 0.0335260704 0 0 0 0 0 0 0 0 
5.43075562 3.07555318 0.400241166 -0.168063357 -0.94671464 0.274747372 39 0.959713578 38 0.040286433 0 0 0 0 0 0 0 0 
5.38279057 3.07993507 0.386062354 -0.168063357 -0.94671464 0.274747372 39 0.812199235 38 0.18780075 0 0 0 0 0 0 0 0 
5.39561367 3.06423593 0.339747161 -0.158272892 -0.947787702 0.276854008 39 0.82280153 38 0.17719847 0 0 0 0 0 0 0 0 
5.38279057 3.07993507 0.386062354 -0.158272892 -0.947787702 0.276854008 39 0.812199235 38 0.18780075 0 0 0 0 0 0 0 0 
5.3290844 3.08466339 0.371647298 -0.158272892 -0.947787702 0.276854008 38 0.819287062 39 0.180712938 0 0 0 0 0 0 0 0 
5.34173584 3.06820178 0.32242617 -0.158272892 -0.947787702 0.276854008 38 0.826924622 39 0.173075378 0 0 0 0 0 0 0 0 
5.39561367 3.06423593 0.339747161 0.0342140831 -0.945260227 -0.32451883 39 0.82280153 38 0.17719847 0 0 0 0 0 0 0 0 
5.34173584 3.06820178 0.32242617 0.0342140831 -0.945260227 -0.32451883 38 0.826924622 39 0.173075378 0 0 0 0 0 0 0 0 
5.35864115 3.08522987 0.274697512 0.0342140831 -0.945260227 -0.32451883 38 0.828301907 39 0.171698108 0 0 0 0 0 0 0 0 
5.412467 3.08023047 0.2948457 0.0342140831 -0.945260227 -0.32451883 39 0.816392541 38 0.183607474 0 0 0 0 0 0 0 0 
5.3838892 3.12742591 0.403385788 -0.295237899 -0.32129091 0.899781525 39 0.820078671 38 0.179921329 0 0 0 0 0 0 0 0 
5.38279057 3.07993507 0.386062354 -0.295237899 -0.32129091 0.899781525 39 0.812199235 38 0.18780075 0 0 0 0 0 0 0 0 
5.43075562 3.07555318 0.400241166 -0.295237899 -0.32129091 0.899781525 39 0.959713578 38 0.040286433 0 0 0 0 0 0 0 0 
5.43159866 3.12076044 0.416655302 -0.295237899 -0.32129091 0.899781525 39 0.964045584 38 0.0359544232 0 0 0 0 0 0 0 0 
5.3838892 3.12742591 0.403385788 -0.215560675 0.304710716 0.927731097 39 0.820078671 38 0.179921329 0 0 0 0 0 0 0 0 
5.43159866 3.12076044 0.416655302 -0.215560675 0.304710716 0.927731097 39 0.964045584 38 0.0359544232 0 0 0 0 0 0 0 0 
5.44226503 3.16600323 0.404278845 -0.215560675 0.304710716 0.927731097 39 0.959742188 38 0.040257819 0 0 0 0 0 0 0 0 
5.39487934 3.17501521 0.390303671 -0.215560675 0.304710716 0.927731097 39 0.812229335 38 0.18777065 0 0 0 0 0 0 0 0 
5.3838892 3.12742591 0.403385788 -0.192067504 0.301290125 0.933988452 39 0.820078671 38 0.179921329 0 0 0 0 0 0 0 0 
5.39487934 3.17501521 0.390303671 -0.192067504 0.301290125 0.933988452 39 0.812229335 38 0.18777065 0 0 0 0 0 0 0 0 
5.34184599 3.18513179 0.376124859 -0.192067504 0.301290125 0.933988452 38 0.819360137 39 0.180639878 0 0 0 0 0 0 0 0 
5.33053923 3.1348033 0.390044391 -0.192067504 0.301290125 0.933988452 38 0.820546567 39 0.179453403 0 0 0 0 0 0 0 0 
5.3838892 3.12742591 0.403385788 -0.271604657 -0.324410647 0.906084239 39 0.820078671 38 0.179921329 0 0 0 0 0 0 0 0 
5.33053923 3.1348033 0.390044391 -0.271604657 -0.324410647 0.906084239 38 0.820546567 39 0.179453403 0 0 0 0 0 0 0 0 
5.3290844 3.08466339 0.371647298 -0.271604657 -0.324410647 0.906084239 38 0.819287062 39 0.180712938 0 0 0 0 0 0 0 0 
5.38279057 3.07993507 0.386062354 -0.271604657 -0.324410647 0.906084239 39 0.812199235 38 0.18780075 0 0 0 0 0 0 0 0 
5.41173267 3.19100952 0.345402211 0.0709019005 0.930807412 0.358567327 39 0.822855294 38 0.177144691 0 0 0 0 0 0 0 0 
5.39487934 3.17501521 0.390303671 0.0709019005 0.930807412 0.358567327 39 0.812229335 38 0.18777065 0 0 0 0 0 0 0 0 
5.44226503 3.16600323 0.404278845 0.0709019005 0.930807412 0.358567327 39 0.959742188 38 0.040257819 0 0 0 0 0 0 0 0 
5.45891905 3.18113089 0.361765891 0.0709019005 0.930807412 0.358567327 39 0.966516495 38 0.0334834903 0 0 0 0 0 0 0 0 
5.41173267 3.19100952 0.345402211 0.277074188 0.930821836 -0.238329053 39 0.822855294 38 0.177144691 0 0 0 0 0 0 0 0 
5.45891905 3.18113089 0.361765891 0.277074188 0.930821836 -0.238329053 39 0.966516495 38 0.0334834903 0 0 0 0 0 0 0 0 
5.47173595 3.16610885 0.317907095 0.277074188 0.930821836 -0.238329053 39 0.963465571 38 0.0365344398 0 0 0 0 0 0 0 0 
5.42455578 3.17531085 0.299086988 0.277074188 0.930821836 -0.238329053 39 0.816432893 38 0.183567107 0 0 0 0 0 0 0 0 
5.41173267 3.19100952 0.345402211 0.27277872 0.931450188 -0.240815908 39 0.822855294 38 0.177144691 0 0 0 0 0 0 0 0 
5.42455578 3.17531085 0.299086988 0.27277872 0.931450188 -0.240815908 39 0.816432893 38 0.183567107 0 0 0 0 0 0 0 0 
5.37140226 3.18569803 0.279175043 0.27277872 0.931450188 -0.240815908 38 0.828362405 39 0.171637595 0 0 0 0 0 0 0 0 
5.3587513 3.2021594 0.328396201 0.27277872 0.931450188 -0.240815908 38 0.827014089 39 0.172985896 0 0 0 0 0 0 0 0 
5.41173267 3.19100952 0.345402211 0.0803469643 0.929269612 0.36055842 39 0.822855294 38 0.177144691 0 0 0 0 0 0 0 0 
5.3587513 3.2021594 0.328396201 0.0803469643 0.929269612 0.36055842 38 0.827014089 39 0.172985896 0 0 0 0 0 0 0 0 
5.34184599 3.18513179 0.376124859 0.0803469643 0.929269612 0.36055842 38 0.819360137 39 0.180639878 0 0 0 0 0 0 0 0 
5.39487934 3.17501521 0.390303671 0.0803469643 0.929269612 0.36055842 39 0.812229335 38 0.18777065 0 0 0 0 0 0 0 0 
5.42345715 3.12782001 0.281763583 0.403456151 0.305453271 -0.862508833 39 0.825649679 38 0.174350306 0 0 0 0 0 0 0 0 
5.42455578 3.17531085 0.299086988 0.403456151 0.305453271 -0.862508833 39 0.816432893 38 0.183567107 0 0 0 0 0 0 0 0 
5.47173595 3.16610885 0.317907095 0.403456151 0.305453271 -0.862508833 39 0.963465571 38 0.0365344398 0 0 0 0 0 0 0 0 
5.47089243 3.12090111 0.301492959 0.403456151 0.305453271 -0.862508833 39 0.968849838 38 0.0311501641 0 0 0 0 0 0 0 0 
5.42345715 3.12782001 0.281763583 0.323889911 -0.31975317 -0.890423059 39 0.825649679 38 0.174350306 0 0 0 0 0 0 0 0 
5.47089243 3.12090111 0.301492959 0.323889911 -0.31975317 -0.890423059 39 0.968849838 38 0.0311501641 0 0 0 0 0 0 0 0 
5.46022654 3.07565904 0.313869417 0.323889911 -0.31975317 -0.890423059 39 0.963434398 38 0.0365655906 0 0 0 0 0 0 0 0 
5.412467 3.08023047 0.2948457 0.323889911 -0.31975317 -0.890423059 39 0.816392541 38 0.183607474 0 0 0 0 0 0 0 0 
5.42345715 3.12782001 0.281763583 0.306298494 -0.317239523 -0.897519052 39 0.825649679 38 0.174350306 0 0 0 0 0 0 0 0 
5.412467 3.08023047 0.2948457 0.306298494 -0.317239523 -0.897519052 39 0.816392541 38 0.183607474 0 0 0 0 0 0 0 0 
5.35864115 3.08522987 0.274697512 0.306298494 -0.317239523 -0.897519052 38 0.828301907 39 0.171698108 0 0 0 0 0 0 0 0 
5.36994743 3.13555837 0.26077798 0.306298494 -0.317239523 -0.897519052 38 0.833455443 39 0.166544542 0 0 0 0 0 0 0 0 
5.42345715 3.12782001 0.281763583 0.385791838 0.308085978 -0.869625092 39 0.825649679 38 0.174350306 0 0 0 0 0 0 0 0 
5.36994743 3.13555837 0.26077798 0.385791838 0.308085978 -0.869625092 38 0.833455443 39 0.166544542 0 0 0 0 0 0 0 0 
5.37140226 3.18569803 0.279175043 0.385791838 0.308085978 -0.869625092 38 0.828362405 39 0.171637595 0 0 0 0 0 0 0 0 
5.42455578 3.17531085 0.299086988 0.385791838 0.308085978 -0.869625092 39 0.816432893 38 0.183567107 0 0 0 0 0 0 0 0 
5.48855019 3.05705619 0.37198326 0.423701167 -0.882823229 -0.202732533 39 1 0 0 0 0 0 0 0 0 0 0 
5.50461531 3.07142782 0.331579328 0.423701167 -0.882823229 -0.202732533 39 1 0 0 0 0 0 0 0 0 0 0 
5.52617979 3.07978582 0.35164997 0.423701167 -0.882823229 -0.202732533 39 1 0 0 0 0 0 0 0 0 0 0 
5.52290297 3.06818819 0.383905709 0.423701167 -0.882823229 -0.202732533 39 1 0 0 0 0 0 0 0 0 0 0 
5.48855019 3.05705619 0.37198326 0.207398891 -0.883131742 0.420789808 39 1 0 0 0 0 0 0 0 0 0 0 
5.52290297 3.06818819 0.383905709 0.207398891 -0.883131742 0.420789808 39 1 0 0 0 0 0 0 0 0 0 0 
5.50549698 3.07975578 0.411271572 0.207398891 -0.883131742 0.420789808 39 1 0 0 0 0 0 0 0 0 0 0 
5.47613811 3.07138705 0.413668841 0.207398891 -0.883131742 0.420789808 39 1 0 0 0 0 0 0 0 0 0 0 
5.48855019 3.05705619 0.37198326 -0.16843155 -0.946542263 0.27511555 39 1 0 0 0 0 0 0 0 0 0 0 
5.47613811 3.07138705 0.413668841 -0.16843155 -0.946542263 0.27511555 39 1 0 0 0 0 0 0 0 0 0 0 
5.43075562 3.07555318 0.400241166 -0.16843155 -0.946542263 0.27511555 39 0.959713578 38 0.040286433 0 0 0 0 0 0 0 0 
5.44357252 3.06053114 0.35638234 -0.16843155 -0.946542263 0.27511555 39 0.966473937 38 0.0335260704 0 0 0 0 0 0 0 0 
5.48855019 3.05705619 0.37198326 0.0382554345 -0.946131587 -0.321514666 39 1 0 0 0 0 0 0 0 0 0 0 
5.44357252 3.06053114 0.35638234 0.0382554345 -0.946131587 -0.321514666 39 0.966473937 38 0.0335260704 0 0 0 0 0 0 0 0 
5.46022654 3.07565904 0.313869417 0.0382554345 -0.946131587 -0.321514666 39 0.963434398 38 0.0365655906 0 0 0 0 0 0 0 0 
5.50461531 3.07142782 0.331579328 0.0382554345 -0.946131587 -0.321514666 39 1 0 0 0 0 0 0 0 0 0 0 
5.47687244 3.11443448 0.42927286 0.106512256 -0.387430042 0.915725529 39 1 0 0 0 0 0 0 0 0 0 0 
5.47613811 3.07138705 0.413668841 0.106512256 -0.387430042 0.915725529 39 1 0 0 0 0 0 0 0 0 0 0 
5.50549698 3.07975578 0.411271572 0.106512256 -0.387430042 0.915725529 39 1 0 0 0 0 0 0 0 0 0 0 
5.51442909 3.10982347 0.425476819 0.106512256 -0.387430042 0.915725529 39 1 0 0 0 0 0 0 0 0 0 0 
5.47687244 3.11443448 0.42927286 0.189761162 0.266631395 0.944933057 39 1 0 0 0 0 0 0 0 0 0 0 
5.51442909 3.10982347 0.425476819 0.189761162 0.266631395 0.944933057 39 1 0 0 0 0 0 0 0 0 0 0 
5.51345778 3.14229655 0.414064109 0.189761162 0.266631395 0.944933057 39 1 0 0 0 0 0 0 0 0 0 0 
5.48709917 3.1574955 0.417513728 0.189761162 0.266631395 0.944933057 39 1 0 0 0 0 0 0 0 0 0 0 
5.47687244 3.11443448 0.42927286 -0.215989426 0.304650545 0.927651107 39 1 0 0 0 0 0 0 0 0 0 0 
5.48709917 3.1574955 0.417513728 -0.215989426 0.304650545 0.927651107 39 1 0 0 0 0 0 0 0 0 0 0 
5.44226503 3.16600323 0.404278845 -0.215989426 0.304650545 0.927651107 39 0.959742188 38 0.040257819 0 0 0 0 0 0 0 0 
5.43159866 3.12076044 0.416655302 -0.215989426 0.304650545 0.927651107 39 0.964045584 38 0.0359544232 0 0 0 0 0 0 0 0 
5.47687244 3.11443448 0.42927286 -0.295651436 -0.321125031 0.899704933 39 1 0 0 0 0 0 0 0 0 0 0 
5.43159866 3.12076044 0.416655302 -0.295651436 -0.321125031 0.899704933 39 0.964045584 38 0.0359544232 0 0 0 0 0 0 0 0 
5.43075562 3.07555318 0.400241166 -0.295651436 -0.321125031 0.899704933 39 0.959713578 38 0.040286433 0 0 0 0 0 0 0 0 
5.47613811 3.07138705 0.413668841 -0.295651436 -0.321125031 0.899704933 39 1 0 0 0 0 0 0 0 0 0 0 
5.50316381 3.17186761 0.377109766 0.416898608 0.76281786 0.494271874 39 1 0 0 0 0 0 0 0 0 0 0 
5.48709917 3.1574955 0.417513728 0.416898608 0.76281786 0.494271874 39 1 0 0 0 0 0 0 0 0 0 0 
5.51345778 3.14229655 0.414064109 0.416898608 0.76281786 0.494271874 39 1 0 0 0 0 0 0 0 0 0 0 
5.53350735 3.15149879 0.387625664 0.416898608 0.76281786 0.494271874 39 1 0 0 0 0 0 0 0 0 0 0 
5.50316381 3.17186761 0.377109766 0.633184373 0.763135076 -0.129237711 39 1 0 0 0 0 0 0 0 0 0 0 
5.53350735 3.15149879 0.387625664 0.633184373 0.763135076 -0.129237711 39 1 0 0 0 0 0 0 0 0 0 0 
5.53414059 3.14232635 0.354442537 0.633184373 0.763135076 -0.129237711 39 1 0 0 0 0 0 0 0 0 0 0 
5.51557541 3.15753651 0.335424185 0.633184373 0.763135076 -0.129237711 39 1 0 0 0 0 0 0 0 0 0 0 
5.50316381 3.17186761 0.377109766 0.277175397 0.930952013 -0.237702131 39 1 0 0 0 0 0 0 0 0 0 0 
5.51557541 3.15753651 0.335424185 0.277175397 0.930952013 -0.237702131 39 1 0 0 0 0 0 0 0 0 0 0 
5.47173595 3.16610885 0.317907095 0.277175397 0.930952013 -0.237702131 39 0.963465571 38 0.0365344398 0 0 0 0 0 0 0 0 
5.45891905 3.18113089 0.361765891 0.277175397 0.930952013 -0.237702131 39 0.966516495 38 0.0334834903 0 0 0 0 0 0 0 0 
5.50316381 3.17186761 0.377109766 0.0705134794 0.930692434 0.35894227 39 1 0 0 0 0 0 0 0 0 0 0 
5.45891905 3.18113089 0.361765891 0.0705134794 0.930692434 0.35894227 39 0.966516495 38 0.0334834903 0 0 0 0 0 0 0 0 
5.44226503 3.16600323 0.404278845 0.0705134794 0.930692434 0.35894227 39 0.959742188 38 0.040257819 0 0 0 0 0 0 0 0 
5.48709917 3.1574955 0.417513728 0.0705134794 0.930692434 0.35894227 39 1 0 0 0 0 0 0 0 0 0 0 
5.51484156 3.11448908 0.319820166 0.734075844 0.267408282 -0.624199927 39 1 0 0 0 0 0 0 0 0 0 0 
5.51557541 3.15753651 0.335424185 0.734075844 0.267408282 -0.624199927 39 1 0 0 0 0 0 0 0 0 0 0 
5.53414059 3.14232635 0.354442537 0.734075844 0.267408282 -0.624199927 39 1 0 0 0 0 0 0 0 0 0 0 
5.54198074 3.10986328 0.346054554 0.734075844 0.267408282 -0.624199927 39 1 0 0 0 0 0 0 0 0 0 0 
5.51484156 3.11448908 0.319820166 0.65083313 -0.386644572 -0.653392911 39 1 0 0 0 0 0 0 0 0 0 0 
5.54198074 3.10986328 0.346054554 0.65083313 -0.386644572 -0.653392911 39 1 0 0 0 0 0 0 0 0 0 0 
5.52617979 3.07978582 0.35164997 0.65083313 -0.386644572 -0.653392911 39 1 0 0 0 0 0 0 0 0 0 0 
5.50461531 3.07142782 0.331579328 0.65083313 -0.386644572 -0.653392911 39 1 0 0 0 0 0 0 0 0 0 0 
5.51484156 3.11448908 0.319820166 0.324538499 -0.320065349 -0.89007467 39 1 0 0 0 0 0 0 0 0 0 0 
5.50461531 3.07142782 0.331579328 0.324538499 -0.320065349 -0.89007467 39 1 0 0 0 0 0 0 0 0 0 0 
5.46022654 3.07565904 0.313869417 0.324538499 -0.320065349 -0.89007467 39 0.963434398 38 0.0365655906 0 0 0 0 0 0 0 0 
5.47089243 3.12090111 0.301492959 0.324538499 -0.320065349 -0.89007467 39 0.968849838 38 0.0311501641 0 0 0 0 0 0 0 0 
5.51484156 3.11448908 0.319820166 0.404173106 0.305556178 -0.862136602 39 1 0 0 0 0 0 0 0 0 0 0 
5.47089243 3.12090111 0.301492959 0.404173106 0.305556178 -0.862136602 39 0.968849838 38 0.0311501641 0 0 0 0 0 0 0 0 
5.47173595 3.16610885 0.317907095 0.404173106 0.305556178 -0.862136602 39 0.963465571 38 0.0365344398 0 0 0 0 0 0 0 0 
5.51557541 3.15753651 0.335424185 0.404173106 0.305556178 -0.862136602 39 1 0 0 0 0 0 0 0 0 0 0 
4.64069796 2.99260139 0.363033414 0.169513181 -0.918649793 -0.356858432 26 0.961820185 37 0.038179785 0 0 0 0 0 0 0 0 
4.72233438 3.01815701 0.339223862 0.169513181 -0.918649793 -0.356858432 26 0.835694849 37 0.16430518 0 0 0 0 0 0 0 0 
4.7380867 2.99474955 0.403764069 0.169513181 -0.918649793 -0.356858432 26 0.968303025 37 0.0316969715 0 0 0 0 0 0 0 0 
4.67126465 2.97424817 0.427998245 0.169513181 -0.918649793 -0.356858432 26 1 0 0 0 0 0 0 0 0 0 0 
4.64069796 2.99260139 0.363033414 -0.301635832 -0.940455973 -0.156711206 26 0.961820185 37 0.038179785 0 0 0 0 0 0 0 0 
4.67126465 2.97424817 0.427998245 -0.301635832 -0.940455973 -0.156711206 26 1 0 0 0 0 0 0 0 0 0 0 
4.59652567 2.99159002 0.45412302 -0.301635832 -0.940455973 -0.156711206 26 1 0 0 0 0 0 0 0 0 0 0 
4.55123997 3.01939392 0.388090312 -0.301635832 -0.940455973 -0.156711206 26 1 0 0 0 0 0 0 0 0 0 0 
4.64069796 2.99260139 0.363033414 -0.377489477 -0.903320849 -0.203748018 26 0.961820185 37 0.038179785 0 0 0 0 0 0 0 0 
4.55123997 3.01939392 0.388090312 -0.377489477 -0.903320849 -0.203748018 26 1 0 0 0 0 0 0 0 0 0 0 
4.49677801 3.06593561 0.304551512 -0.377489477 -0.903320849 -0.203748018 26 0.877411723 25 0.122588299 0 0 0 0 0 0 0 0 
4.61941242 3.01229167 0.293272495 -0.377489477 -0.903320849 -0.203748018 26 0.792892039 37 0.207107961 0 0 0 0 0 0 0 0 
4.64069796 2.99260139 0.363033414 0.242531806 -0.868466914 -0.432369649 26 0.961820185 37 0.038179785 0 0 0 0 0 0 0 0 
4.61941242 3.01229167 0.293272495 0.242531806 -0.868466914 -0.432369649 26 0.792892039 37 0.207107961 0 0 0 0 0 0 0 0 
4.74486589 3.06583667 0.274363577 0.242531806 -0.868466914 -0.432369649 37 0.731483161 26 0.268516839 0 0 0 0 0 0 0 0 
4.72233438 3.01815701 0.339223862 0.242531806 -0.868466914 -0.432369649 26 0.835694849 37 0.16430518 0 0 0 0 0 0 0 0 
4.52444744 3.11520815 0.403802633 -0.84551698 -0.318569273 0.428502828 26 1 0 0 0 0 0 0 0 0 0 0 
4.55123997 3.01939392 0.388090312 -0.84551698 -0.318569273 0.428502828 26 1 0 0 0 0 0 0 0 0 0 0 
4.59652567 2.99159002 0.45412302 -0.84551698 -0.318569273 0.428502828 26 1 0 0 0 0 0 0 0 0 0 0 
4.57441235 3.06573915 0.468269169 -0.84551698 -0.318569273 0.428502828 26 1 0 0 0 0 0 0 0 0 0 0 
4.52444744 3.11520815 0.403802633 -0.437607646 0.572726488 0.693169534 26 1 0 0 0 0 0 0 0 0 0 0 
4.57441235 3.06573915 0.468269169 -0.437607646 0.572726488 0.693169534 26 1 0 0 0 0 0 0 0 0 0 0 
4.60105133 3.12767291 0.441864759 -0.437607646 0.572726488 0.693169534 26 1 0 0 0 0 0 0 0 0 0 0 
4.55435944 3.167593 0.371453524 -0.437607646 0.572726488 0.693169534 26 1 0 0 0 0 0 0 0 0 0 0 
4.52444744 3.11520815 0.403802633 -0.316530168 0.586905897 0.745218217 26 1 0 0 0 0 0 0 0 0 0 0 
4.55435944 3.167593 0.371453524 -0.316530168 0.586905897 0.745218217 26 1 0 0 0 0 0 0 0 0 0 0 
4.49939251 3.2460475 0.290116847 -0.316530168 0.586905897 0.745218217 26 0.825267792 25 0.157114848 24 0.0176173765 0 0 0 0 0 0 
4.45948267 3.20152783 0.304428816 -0.316530168 0.586905897 0.745218217 26 0.795511842 25 0.188214257 24 0.0162738953 0 0 0 0 0 0 
4.52444744 3.11520815 0.403802633 -0.884195983 -0.270531178 0.380802393 26 1 0 0 0 0 0 0 0 0 0 0 
4.45948267 3.20152783 0.304428816 -0.884195983 -0.270531178 0.380802393 26 0.795511842 25 0.188214257 24 0.0162738953 0 0 0 0 0 0 
4.49677801 3.06593561 0.304551512 -0.884195983 -0.270531178 0.380802393 26 0.877411723 25 0.122588299 0 0 0 0 0 0 0 0 
4.55123997 3.01939392 0.388090312 -0.884195983 -0.270531178 0.380802393 26 1 0 0 0 0 0 0 0 0 0 0 
4.64255047 3.17752528 0.343499154 0.0340731964 0.885597229 0.463202566 26 1 0 0 0 0 0 0 0 0 0 0 
4.55435944 3.167593 0.371453524 0.0340731964 0.885597229 0.463202566 26 1 0 0 0 0 0 0 0 0 0 0 
4.60105133 3.12767291 0.441864759 0.0340731964 0.885597229 0.463202566 26 1 0 0 0 0 0 0 0 0 0 0 
4.6774683 3.14149666 0.41229108 0.0340731964 0.885597229 0.463202566 26 1 0 0 0 0 0 0 0 0 0 0 
4.64255047 3.17752528 0.343499154 0.418855757 0.849432111 0.320975065 26 1 0 0 0 0 0 0 0 0 0 0 
4.6774683 3.14149666 0.41229108 0.418855757 0.849432111 0.320975065 26 1 0 0 0 0 0 0 0 0 0 0 
4.74276066 3.10949206 0.392774522 0.418855757 0.849432111 0.320975065 26 1 0 0 0 0 0 0 0 0 0 0 
4.72723389 3.15024066 0.324209154 0.418855757 0.849432111 0.320975065 26 0.940019488 37 0.0599805266 0 0 0 0 0 0 0 0 
4.64255047 3.17752528 0.343499154 0.187227681 0.537403643 0.822279274 26 1 0 0 0 0 0 0 0 0 0 0 
4.72723389 3.15024066 0.324209154 0.187227681 0.537403643 0.822279274 26 0.940019488 37 0.0599805266 0 0 0 0 0 0 0 0 
4.75356436 3.29461837 0.241695106 0.187227681 0.537403643 0.822279274 26 0.588082433 37 0.407670975 25 0.00424660929 0 0 0 0 0 0 
4.59947681 3.26798892 0.276343465 0.187227681 0.537403643 0.822279274 26 0.829768717 25 0.152042985 37 0.0181882922 0 0 0 0 0 0 
4.64255047 3.17752528 0.343499154 0.0487891547 0.675276637 0.735949099 26 1 0 0 0 0 0 0 0 0 0 0 
4.59947681 3.26798892 0.276343465 0.0487891547 0.675276637 0.735949099 26 0.829768717 25 0.152042985 37 0.0181882922 0 0 0 0 0 0 
4.49939251 3.2460475 0.290116847 0.0487891547 0.675276637 0.735949099 26 0.825267792 25 0.157114848 24 0.0176173765 0 0 0 0 0 0 
4.55435944 3.167593 0.371453524 0.0487891547 0.675276637 0.735949099 26 1 0 0 0 0 0 0 0 0 0 0 
4.73963547 3.07510924 0.327659667 0.975645602 0.171150699 -0.137197942 26 0.841299713 37 0.158700272 0 0 0 0 0 0 0 0 
4.72723389 3.15024066 0.324209154 0.975645602 0.171150699 -0.137197942 26 0.940019488 37 0.0599805266 0 0 0 0 0 0 0 0 
4.74276066 3.10949206 0.392774522 0.975645602 0.171150699 -0.137197942 26 1 0 0 0 0 0 0 0 0 0 0 
4.75521183 3.04638815 0.393612385 0.975645602 0.171150699 -0.137197942 26 0.972684026 37 0.0273159593 0 0 0 0 0 0 0 0 
4.73963547 3.07510924 0.327659667 0.871627152 -0.345802605 -0.347400069 26 0.841299713 37 0.158700272 0 0 0 0 0 0 0 0 
4.75521183 3.04638815 0.393612385 0.871627152 -0.345802605 -0.347400069 26 0.972684026 37 0.0273159593 0 0 0 0 0 0 0 0 
4.7380867 2.99474955 0.403764069 0.871627152 -0.345802605 -0.347400069 26 0.968303025 37 0.0316969715 0 0 0 0 0 0 0 0 
4.72233438 3.01815701 0.339223862 0.871627152 -0.345802605 -0.347400069 26 0.835694849 37 0.16430518 0 0 0 0 0 0 0 0 
4.73963547 3.07510924 0.327659667 0.962374985 -0.235570133 0.135429829 26 0.841299713 37 0.158700272 0 0 0 0 0 0 0 0 
4.72233438 3.01815701 0.339223862 0.962374985 -0.235570133 0.135429829 26 0.835694849 37 0.16430518 0 0 0 0 0 0 0 0 
4.74486589 3.06583667 0.274363577 0.962374985 -0.235570133 0.135429829 37 0.731483161 26 0.268516839 0 0 0 0 0 0 0 0 
4.77022934 3.18243098 0.284621686 0.962374985 -0.235570133 0.135429829 26 0.5059641 37 0.494035929 0 0 0 0 0 0 0 0 
4.73963547 3.07510924 0.327659667 0.52809298 0.280399412 0.801557124 26 0.841299713 37 0.158700272 0 0 0 0 0 0 0 0 
4.77022934 3.18243098 0.284621686 0.52809298 0.280399412 0.801557124 26 0.5059641 37 0.494035929 0 0 0 0 0 0 0 0 
4.75356436 3.29461837 0.241695106 0.52809298 0.280399412 0.801557124 26 0.588082433 37 0.407670975 25 0.00424660929 0 0 0 0 0 0 
4.72723389 3.15024066 0.324209154 0.52809298 0.280399412 0.801557124 26 0.940019488 37 0.0599805266 0 0 0 0 0 0 0 0 
4.69843006 2.95129061 0.483391672 0.00899036881 -0.866183758 -0.499644905 26 0.924806476 27 0.0751935169 0 0 0 0 0 0 0 0 
4.75289154 2.96935868 0.456640899 0.00899036881 -0.866183758 -0.499644905 26 0.922935009 27 0.077064991 0 0 0 0 0 0 0 0 
4.768116 2.94151068 0.501599073 0.00899036881 -0.866183758 -0.499644905 26 0.758087575 27 0.241912454 0 0 0 0 0 0 0 0 
4.7231741 2.92682552 0.5298419 0.00899036881 -0.866183758 -0.499644905 26 0.73826009 27 0.26173988 0 0 0 0 0 0 0 0 
4.69843006 2.95129061 0.483391672 -0.485072672 -0.865247726 -0.126692131 26 0.924806476 27 0.0751935169 0 0 0 0 0 0 0 0 
4.7231741 2.92682552 0.5298419 -0.485072672 -0.865247726 -0.126692131 26 0.73826009 27 0.26173988 0 0 0 0 0 0 0 0 
4.68149471 2.95005894 0.556644201 -0.485072672 -0.865247726 -0.126692131 26 0.533439219 27 0.466560781 0 0 0 0 0 0 0 0 
4.64199734 2.97545719 0.508515179 -0.485072672 -0.865247726 -0.126692131 26 0.892235935 27 0.107764058 0 0 0 0 0 0 0 0 
4.69843006 2.95129061 0.483391672 -0.33834374 -0.934694409 -0.10894943 26 0.924806476 27 0.0751935169 0 0 0 0 0 0 0 0 
4.64199734 2.97545719 0.508515179 -0.33834374 -0.934694409 -0.10894943 26 0.892235935 27 0.107764058 0 0 0 0 0 0 0 0 
4.59652567 2.99159002 0.45412302 -0.33834374 -0.934694409 -0.10894943 26 1 0 0 0 0 0 0 0 0 0 0 
4.67126465 2.97424817 0.427998245 -0.33834374 -0.934694409 -0.10894943 26 1 0 0 0 0 0 0 0 0 0 0 
4.69843006 2.95129061 0.483391672 0.100096926 -0.8934865 -0.437792838 26 0.924806476 27 0.0751935169 0 0 0 0 0 0 0 0 
4.67126465 2.97424817 0.427998245 0.100096926 -0.8934865 -0.437792838 26 1 0 0 0 0 0 0 0 0 0 0 
4.7380867 2.99474955 0.403764069 0.100096926 -0.8934865 -0.437792838 26 0.968303025 37 0.0316969715 0 0 0 0 0 0 0 0 
4.75289154 2.96935868 0.456640899 0.100096926 -0.8934865 -0.437792838 26 0.922935009 27 0.077064991 0 0 0 0 0 0 0 0 
4.62316895 3.0376277 0.516140699 -0.795388281 -0.281504124 0.536761642 26 0.89393121 27 0.106068768 0 0 0 0 0 0 0 0 
4.64199734 2.97545719 0.508515179 -0.795388281 -0.281504124 0.536761642 26 0.892235935 27 0.107764058 0 0 0 0 0 0 0 0 
4.68149471 2.95005894 0.556644201 -0.795388281 -0.281504124 0.536761642 26 0.533439219 27 0.466560781 0 0 0 0 0 0 0 0 
4.67027712 3.00254416 0.564626396 -0.795388281 -0.281504124 0.536761642 26 0.509047687 27 0.490952313 0 0 0 0 0 0 0 0 
4.62316895 3.0376277 0.516140699 -0.495759338 0.4110502 0.765023172 26 0.89393121 27 0.106068768 0 0 0 0 0 0 0 0 
4.67027712 3.00254416 0.564626396 -0.495759338 0.4110502 0.765023172 26 0.509047687 27 0.490952313 0 0 0 0 0 0 0 0 
4.69217348 3.05395508 0.552085042 -0.495759338 0.4110502 0.765023172 26 0.533982813 27 0.466017157 0 0 0 0 0 0 0 0 
4.6476965 3.09577036 0.499902517 -0.495759338 0.4110502 0.765023172 26 0.894508362 27 0.105491638 0 0 0 0 0 0 0 0 
4.62316895 3.0376277 0.516140699 -0.505252182 0.471883833 0.722527444 26 0.89393121 27 0.106068768 0 0 0 0 0 0 0 0 
4.6476965 3.09577036 0.499902517 -0.505252182 0.471883833 0.722527444 26 0.894508362 27 0.105491638 0 0 0 0 0 0 0 0 
4.60105133 3.12767291 0.441864759 -0.505252182 0.471883833 0.722527444 26 1 0 0 0 0 0 0 0 0 0 0 
4.57441235 3.06573915 0.468269169 -0.505252182 0.471883833 0.722527444 26 1 0 0 0 0 0 0 0 0 0 0 
4.62316895 3.0376277 0.516140699 -0.761767268 -0.318856955 0.563951254 26 0.89393121 27 0.106068768 0 0 0 0 0 0 0 0 
4.57441235 3.06573915 0.468269169 -0.761767268 -0.318856955 0.563951254 26 1 0 0 0 0 0 0 0 0 0 0 
4.59652567 2.99159002 0.45412302 -0.761767268 -0.318856955 0.563951254 26 1 0 0 0 0 0 0 0 0 0 0 
4.64199734 2.97545719 0.508515179 -0.761767268 -0.318856955 0.563951254 26 0.892235935 27 0.107764058 0 0 0 0 0 0 0 0 
4.70609856 3.11122561 0.471758425 0.0928904489 0.803039551 0.588641524 26 0.92754662 27 0.0724533647 0 0 0 0 0 0 0 0 
4.6476965 3.09577036 0.499902517 0.0928904489 0.803039551 0.588641524 26 0.894508362 27 0.105491638 0 0 0 0 0 0 0 0 
4.69217348 3.05395508 0.552085042 0.0928904489 0.803039551 0.588641524 26 0.533982813 27 0.466017157 0 0 0 0 0 0 0 0 
4.73775387 3.06794977 0.523644567 0.0928904489 0.803039551 0.588641524 26 0.744323432 27 0.255676568 0 0 0 0 0 0 0 0 
4.70609856 3.11122561 0.471758425 0.559717357 0.757521629 0.335972428 26 0.92754662 27 0.0724533647 0 0 0 0 0 0 0 0 
4.73775387 3.06794977 0.523644567 0.559717357 0.757521629 0.335972428 26 0.744323432 27 0.255676568 0 0 0 0 0 0 0 0 
4.77878189 3.04630661 0.497044027 0.559717357 0.757521629 0.335972428 26 0.762857676 27 0.23714231 0 0 0 0 0 0 0 0 
4.7585268 3.08606577 0.448190421 0.559717357 0.757521629 0.335972428 26 0.925426245 27 0.0745737404 0 0 0 0 0 0 0 0 
4.70609856 3.11122561 0.471758425 0.487779826 0.847873688 0.207800478 26 0.92754662 27 0.0724533647 0 0 0 0 0 0 0 0 
4.7585268 3.08606577 0.448190421 0.487779826 0.847873688 0.207800478 26 0.925426245 27 0.0745737404 0 0 0 0 0 0 0 0 
4.74276066 3.10949206 0.392774522 0.487779826 0.847873688 0.207800478 26 1 0 0 0 0 0 0 0 0 0 0 
4.6774683 3.14149666 0.41229108 0.487779826 0.847873688 0.207800478 26 1 0 0 0 0 0 0 0 0 0 0 
4.70609856 3.11122561 0.471758425 0.00649532909 0.885591984 0.46441865 26 0.92754662 27 0.0724533647 0 0 0 0 0 0 0 0 
4.6774683 3.14149666 0.41229108 0.00649532909 0.885591984 0.46441865 26 1 0 0 0 0 0 0 0 0 0 0 
4.60105133 3.12767291 0.441864759 0.00649532909 0.885591984 0.46441865 26 1 0 0 0 0 0 0 0 0 0 0 
4.6476965 3.09577036 0.499902517 0.00649532909 0.885591984 0.46441865 26 0.894508362 27 0.105491638 0 0 0 0 0 0 0 0 
4.77288151 3.02727985 0.445432246 0.953685462 0.23002933 -0.193831652 26 0.925401509 27 0.0745984688 0 0 0 0 0 0 0 0 
4.7585268 3.08606577 0.448190421 0.953685462 0.23002933 -0.193831652 26 0.925426245 27 0.0745737404 0 0 0 0 0 0 0 0 
4.77878189 3.04630661 0.497044027 0.953685462 0.23002933 -0.193831652 26 0.762857676 27 0.23714231 0 0 0 0 0 0 0 0 
4.78884125 2.99531245 0.48964259 0.953685462 0.23002933 -0.193831652 26 0.755251408 27 0.244748592 0 0 0 0 0 0 0 0 
4.77288151 3.02727985 0.445432246 0.759418905 -0.385433704 -0.524141014 26 0.925401509 27 0.0745984688 0 0 0 0 0 0 0 0 
4.78884125 2.99531245 0.48964259 0.759418905 -0.385433704 -0.524141014 26 0.755251408 27 0.244748592 0 0 0 0 0 0 0 0 
4.768116 2.94151068 0.501599073 0.759418905 -0.385433704 -0.524141014 26 0.758087575 27 0.241912454 0 0 0 0 0 0 0 0 
4.75289154 2.96935868 0.456640899 0.759418905 -0.385433704 -0.524141014 26 0.922935009 27 0.077064991 0 0 0 0 0 0 0 0 
4.77288151 3.02727985 0.445432246 0.834868014 -0.363427281 -0.413420141 26 0.925401509 27 0.0745984688 0 0 0 0 0 0 0 0 
4.75289154 2.96935868 0.456640899 0.834868014 -0.363427281 -0.413420141 26 0.922935009 27 0.077064991 0 0 0 0 0 0 0 0 
4.7380867 2.99474955 0.403764069 0.834868014 -0.363427281 -0.413420141 26 0.968303025 37 0.0316969715 0 0 0 0 0 0 0 0 
4.75521183 3.04638815 0.393612385 0.834868014 -0.363427281 -0.413420141 26 0.972684026 37 0.0273159593 0 0 0 0 0 0 0 0 
4.77288151 3.02727985 0.445432246 0.953578413 0.213062942 -0.21282053 26 0.925401509 27 0.0745984688 0 0 0 0 0 0 0 0 
4.75521183 3.04638815 0.393612385 0.953578413 0.213062942 -0.21282053 26 0.972684026 37 0.0273159593 0 0 0 0 0 0 0 0 
4.74276066 3.10949206 0.392774522 0.953578413 0.213062942 -0.21282053 26 1 0 0 0 0 0 0 0 0 0 0 
4.7585268 3.08606577 0.448190421 0.953578413 0.213062942 -0.21282053 26 0.925426245 27 0.0745737404 0 0 0 0 0 0 0 0 
0.752460241 -5.4267416 -0.0136388652 -0.925738811 0.0747995898 -0.370692074 15 0.56621474 16 0.264420658 14 0.169364586 0 0 0 0 0 0 
0.83731544 -5.56587601 -0.276352435 -0.925738811 0.0747995898 -0.370692074 15 0.635928035 16 0.28547883 14 0.0785931125 0 0 0 0 0 0 
0.803234696 -5.74658346 -0.204978496 -0.925738811 0.0747995898 -0.370692074 16 0.52475065 15 0.47524935 0 0 0 0 0 0 0 0 
0.705755889 -5.54879093 0.0556432121 -0.925738811 0.0747995898 -0.370692074 16 0.633042157 15 0.289271653 14 0.0776861832 0 0 0 0 0 0 
0.752460241 -5.4267416 -0.0136388652 -0.930260658 0.354817271 -0.09338025 15 0.56621474 16 0.264420658 14 0.169364586 0 0 0 0 0 0 
0.705755889 -5.54879093 0.0556432121 -0.930260658 0.354817271 -0.09338025 16 0.633042157 15 0.289271653 14 0.0776861832 0 0 0 0 0 0 
0.785665393 -5.27409554 0.235580787 -0.930260658 0.354817271 -0.09338025 16 0.346811622 15 0.331491023 14 0.321697354 0 0 0 0 0 0 
0.821641207 -5.21112394 0.184221432 -0.930260658 0.354817271 -0.09338025 14 0.570002556 15 0.226123944 16 0.20387353 0 0 0 0 0 0 
0.752460241 -5.4267416 -0.0136388652 -0.972150683 0.182970554 0.146441028 15 0.56621474 16 0.264420658 14 0.169364586 0 0 0 0 0 0 
0.821641207 -5.21112394 0.184221432 -0.972150683 0.182970554 0.146441028 14 0.570002556 15 0.226123944 16 0.20387353 0 0 0 0 0 0 
0.851074576 -5.06419563 0.188033909 -0.972150683 0.182970554 0.146441028 14 0.874565721 16 0.0688125044 15 0.0566218048 0 0 0 0 0 0 
0.791074753 -5.22278118 -0.00412995834 -0.972150683 0.182970554 0.146441028 14 0.656464815 15 0.253304124 16 0.0902310535 0 0 0 0 0 0 
0.752460241 -5.4267416 -0.0136388652 -0.883126557 0.212733716 -0.418128997 15 0.56621474 16 0.264420658 14 0.169364586 0 0 0 0 0 0 
0.791074753 -5.22278118 -0.00412995834 -0.883126557 0.212733716 -0.418128997 14 0.656464815 15 0.253304124 16 0.0902310535 0 0 0 0 0 0 
0.864518106 -5.31893826 -0.19546707 -0.883126557 0.212733716 -0.418128997 15 0.668544948 14 0.25833407 16 0.0731209666 0 0 0 0 0 0 
0.83731544 -5.56587601 -0.276352435 -0.883126557 0.212733716 -0.418128997 15 0.635928035 16 0.28547883 14 0.0785931125 0 0 0 0 0 0 
1.05008292 -5.10939837 0.254352272 -0.488242358 0.729219794 0.479435027 14 0.68489182 16 0.18193917 15 0.133168995 0 0 0 0 0 0 
0.821641207 -5.21112394 0.184221432 -0.488242358 0.729219794 0.479435027 14 0.570002556 15 0.226123944 16 0.20387353 0 0 0 0 0 0 
0.785665393 -5.27409554 0.235580787 -0.488242358 0.729219794 0.479435027 16 0.346811622 15 0.331491023 14 0.321697354 0 0 0 0 0 0 
1.04881966 -5.13364506 0.297728628 -0.488242358 0.729219794 0.479435027 14 0.501661599 16 0.292860389 15 0.205478013 0 0 0 0 0 0 
1.05008292 -5.10939837 0.254352272 0.383574188 0.667665243 0.638039231 14 0.68489182 16 0.18193917 15 0.133168995 0 0 0 0 0 0 
1.04881966 -5.13364506 0.297728628 0.383574188 0.667665243 0.638039231 14 0.501661599 16 0.292860389 15 0.205478013 0 0 0 0 0 0 
1.31783032 -5.23580074 0.225661308 0.383574188 0.667665243 0.638039231 15 0.381206989 14 0.32239458 16 0.296398431 0 0 0 0 0 0 
1.28374946 -5.15450287 0.17832157 0.383574188 0.667665243 0.638039231 14 0.614443243 15 0.228883386 16 0.156673342 0 0 0 0 0 0 
1.05008292 -5.10939837 0.254352272 0.293917805 -0.0472082347 0.95466423 14 0.68489182 16 0.18193917 15 0.133168995 0 0 0 0 0 0 
1.28374946 -5.15450287 0.17832157 0.293917805 -0.0472082347 0.95466423 14 0.614443243 15 0.228883386 16 0.156673342 0 0 0 0 0 0 
1.25140417 -5.00417471 0.19757314 0.293917805 -0.0472082347 0.95466423 14 0.902426124 16 0.0559672527 15 0.0416066088 0 0 0 0 0 0 
1.04899883 -5.00608301 0.257935554 0.293917805 -0.0472082347 0.95466423 14 0.881495833 16 0.0676829442 15 0.0508212335 0 0 0 0 0 0 
1.05008292 -5.10939837 0.254352272 -0.314591259 0.00758621562 0.949196935 14 0.68489182 16 0.18193917 15 0.133168995 0 0 0 0 0 0 
1.04899883 -5.00608301 0.257935554 -0.314591259 0.00758621562 0.949196935 14 0.881495833 16 0.0676829442 15 0.0508212335 0 0 0 0 0 0 
0.851074576 -5.06419563 0.188033909 -0.314591259 0.00758621562 0.949196935 14 0.874565721 16 0.0688125044 15 0.0566218048 0 0 0 0 0 0 
0.821641207 -5.21112394 0.184221432 -0.314591259 0.00758621562 0.949196935 14 0.570002556 15 0.226123944 16 0.20387353 0 0 0 0 0 0 
1.36860466 -5.36376953 -0.0879137218 0.926082134 0.377300799 -0.00402309839 15 0.640551388 16 0.184609711 14 0.174838915 0 0 0 0 0 0 
1.28374946 -5.15450287 0.17832157 0.926082134 0.377300799 -0.00402309839 14 0.614443243 15 0.228883386 16 0.156673342 0 0 0 0 0 0 
1.31783032 -5.23580074 0.225661308 0.926082134 0.377300799 -0.00402309839 15 0.381206989 14 0.32239458 16 0.296398431 0 0 0 0 0 0 
1.41530907 -5.4796586 -0.0320687145 0.926082134 0.377300799 -0.00402309839 15 0.572146773 16 0.339792281 14 0.0880609229 0 0 0 0 0 0 
1.36860466 -5.36376953 -0.0879137218 0.909207404 0.113944225 -0.400448143 15 0.640551388 16 0.184609711 14 0.174838915 0 0 0 0 0 0 
1.41530907 -5.4796586 -0.0320687145 0.909207404 0.113944225 -0.400448143 15 0.572146773 16 0.339792281 14 0.0880609229 0 0 0 0 0 0 
1.33539951 -5.73320484 -0.268424749 0.909207404 0.113944225 -0.400448143 16 0.554277182 15 0.445510417 14 0.000212399202 0 0 0 0 0 0 
1.29942369 -5.55545759 -0.316751242 0.909207404 0.113944225 -0.400448143 16 0.549553275 15 0.366902918 14 0.0835437998 0 0 0 0 0 0 
1.36860466 -5.36376953 -0.0879137218 0.802236497 0.312844992 -0.5084728 15 0.640551388 16 0.184609711 14 0.174838915 0 0 0 0 0 0 
1.29942369 -5.55545759 -0.316751242 0.802236497 0.312844992 -0.5084728 16 0.549553275 15 0.366902918 14 0.0835437998 0 0 0 0 0 0 
1.26484776 -5.30366945 -0.21463801 0.802236497 0.312844992 -0.5084728 15 0.628664017 14 0.267306268 16 0.104029678 0 0 0 0 0 0 
1.32484758 -5.1340189 -0.0173423216 0.802236497 0.312844992 -0.5084728 14 0.682053208 15 0.248516992 16 0.0694297925 0 0 0 0 0 0 
1.36860466 -5.36376953 -0.0879137218 0.965648055 0.141904712 0.217685208 15 0.640551388 16 0.184609711 14 0.174838915 0 0 0 0 0 0 
1.32484758 -5.1340189 -0.0173423216 0.965648055 0.141904712 0.217685208 14 0.682053208 15 0.248516992 16 0.0694297925 0 0 0 0 0 0 
1.25140417 -5.00417471 0.19757314 0.965648055 0.141904712 0.217685208 14 0.902426124 16 0.0559672527 15 0.0416066088 0 0 0 0 0 0 
1.28374946 -5.15450287 0.17832157 0.965648055 0.141904712 0.217685208 14 0.614443243 15 0.228883386 16 0.156673342 0 0 0 0 0 0 
1.07098198 -5.59180737 -0.376972854 0.275814652 -0.205123395 -0.939069033 16 0.579086661 15 0.328479648 14 0.0924337357 0 0 0 0 0 0 
1.29942369 -5.55545759 -0.316751242 0.275814652 -0.205123395 -0.939069033 16 0.549553275 15 0.366902918 14 0.0835437998 0 0 0 0 0 0 
1.33539951 -5.73320484 -0.268424749 0.275814652 -0.205123395 -0.939069033 16 0.554277182 15 0.445510417 14 0.000212399202 0 0 0 0 0 0 
1.07224524 -5.79765272 -0.330572605 0.275814652 -0.205123395 -0.939069033 16 0.559910715 15 0.440089315 0 0 0 0 0 0 0 0 
1.07098198 -5.59180737 -0.376972854 -0.428453803 -0.22986418 -0.873836339 16 0.579086661 15 0.328479648 14 0.0924337357 0 0 0 0 0 0 
1.07224524 -5.79765272 -0.330572605 -0.428453803 -0.22986418 -0.873836339 16 0.559910715 15 0.440089315 0 0 0 0 0 0 0 0 
0.803234696 -5.74658346 -0.204978496 -0.428453803 -0.22986418 -0.873836339 16 0.52475065 15 0.47524935 0 0 0 0 0 0 0 0 
0.83731544 -5.56587601 -0.276352435 -0.428453803 -0.22986418 -0.873836339 15 0.635928035 16 0.28547883 14 0.0785931125 0 0 0 0 0 0 
1.07098198 -5.59180737 -0.376972854 -0.322355181 0.342976749 -0.882300556 16 0.579086661 15 0.328479648 14 0.0924337357 0 0 0 0 0 0 
0.83731544 -5.56587601 -0.276352435 -0.322355181 0.342976749 -0.882300556 15 0.635928035 16 0.28547883 14 0.0785931125 0 0 0 0 0 0 
0.864518106 -5.31893826 -0.19546707 -0.322355181 0.342976749 -0.882300556 15 0.668544948 14 0.25833407 16 0.0731209666 0 0 0 0 0 0 
1.0669235 -5.33074665 -0.268839747 -0.322355181 0.342976749 -0.882300556 15 0.494980812 14 0.423869789 16 0.0811493993 0 0 0 0 0 0 
1.07098198 -5.59180737 -0.376972854 0.185444266 0.38466838 -0.904234946 16 0.579086661 15 0.328479648 14 0.0924337357 0 0 0 0 0 0 
1.0669235 -5.33074665 -0.268839747 0.185444266 0.38466838 -0.904234946 15 0.494980812 14 0.423869789 16 0.0811493993 0 0 0 0 0 0 
1.26484776 -5.30366945 -0.21463801 0.185444266 0.38466838 -0.904234946 15 0.628664017 14 0.267306268 16 0.104029678 0 0 0 0 0 0 
1.29942369 -5.55545759 -0.316751242 0.185444266 0.38466838 -0.904234946 16 0.549553275 15 0.366902918 14 0.0835437998 0 0 0 0 0 0 
0.682186723 -5.5832119 0.284537107 -0.92367053 -0.382235676 -0.0269941706 16 0.867790461 15 0.0854815245 14 0.0467279926 0 0 0 0 0 0 
0.78534168 -5.8191576 0.15446499 -0.92367053 -0.382235676 -0.0269941706 16 0.9137851 15 0.0862148851 0 0 0 0 0 0 0 0 
0.775783181 -5.82783079 0.545699894 -0.92367053 -0.382235676 -0.0269941706 16 1 0 0 0 0 0 0 0 0 0 0 
0.670479774 -5.57091999 0.569709361 -0.92367053 -0.382235676 -0.0269941706 16 0.996988416 15 0.00301159592 0 0 0 0 0 0 0 0 
0.682186723 -5.5832119 0.284537107 -0.930020392 0.36747095 0.00521131093 16 0.867790461 15 0.0854815245 14 0.0467279926 0 0 0 0 0 0 
0.670479774 -5.57091999 0.569709361 -0.930020392 0.36747095 0.00521131093 16 0.996988416 15 0.00301159592 0 0 0 0 0 0 0 0 
0.760202825 -5.39015532 0.594270706 -0.930020392 0.36747095 0.00521131093 16 0.933840096 14 0.0354817025 15 0.0306782275 0 0 0 0 0 0 
0.768204689 -5.32094002 0.382782638 -0.930020392 0.36747095 0.00521131093 16 0.720548332 14 0.142058358 15 0.137393296 0 0 0 0 0 0 
0.682186723 -5.5832119 0.284537107 -0.949367225 0.312083453 -0.0361363515 16 0.867790461 15 0.0854815245 14 0.0467279926 0 0 0 0 0 0 
0.768204689 -5.32094002 0.382782638 -0.949367225 0.312083453 -0.0361363515 16 0.720548332 14 0.142058358 15 0.137393296 0 0 0 0 0 0 
0.785665393 -5.27409554 0.235580787 -0.949367225 0.312083453 -0.0361363515 16 0.346811622 15 0.331491023 14 0.321697354 0 0 0 0 0 0 
0.705755889 -5.54879093 0.0556432121 -0.949367225 0.312083453 -0.0361363515 16 0.633042157 15 0.289271653 14 0.0776861832 0 0 0 0 0 0 
0.682186723 -5.5832119 0.284537107 -0.938548684 -0.321842998 -0.124673247 16 0.867790461 15 0.0854815245 14 0.0467279926 0 0 0 0 0 0 
0.705755889 -5.54879093 0.0556432121 -0.938548684 -0.321842998 -0.124673247 16 0.633042157 15 0.289271653 14 0.0776861832 0 0 0 0 0 0 
0.803234696 -5.74658346 -0.204978496 -0.938548684 -0.321842998 -0.124673247 16 0.52475065 15 0.47524935 0 0 0 0 0 0 0 0 
0.78534168 -5.8191576 0.15446499 -0.938548684 -0.321842998 -0.124673247 16 0.9137851 15 0.0862148851 0 0 0 0 0 0 0 0 
1.04910779 -5.17892313 0.418474734 -0.469107151 0.84770745 0.247650266 16 0.648748577 14 0.234538779 15 0.11671263 0 0 0 0 0 0 
0.768204689 -5.32094002 0.382782638 -0.469107151 0.84770745 0.247650266 16 0.720548332 14 0.142058358 15 0.137393296 0 0 0 0 0 0 
0.760202825 -5.39015532 0.594270706 -0.469107151 0.84770745 0.247650266 16 0.933840096 14 0.0354817025 15 0.0306782275 0 0 0 0 0 0 
1.05014563 -5.22931004 0.60319376 -0.469107151 0.84770745 0.247650266 16 0.879953802 14 0.0801807418 15 0.0398654453 0 0 0 0 0 0 
1.04910779 -5.17892313 0.418474734 0.405038804 0.89242214 0.198812023 16 0.648748577 14 0.234538779 15 0.11671263 0 0 0 0 0 0 
1.05014563 -5.22931004 0.60319376 0.405038804 0.89242214 0.198812023 16 0.879953802 14 0.0801807418 15 0.0398654453 0 0 0 0 0 0 
1.34528172 -5.35287809 0.595926523 0.405038804 0.89242214 0.198812023 16 0.924012423 15 0.0411820747 14 0.0348055102 0 0 0 0 0 0 
1.33572328 -5.31107903 0.388431251 0.405038804 0.89242214 0.198812023 16 0.730919123 15 0.144684345 14 0.124396518 0 0 0 0 0 0 
1.04910779 -5.17892313 0.418474734 0.417689085 0.845475495 0.332726955 16 0.648748577 14 0.234538779 15 0.11671263 0 0 0 0 0 0 
1.33572328 -5.31107903 0.388431251 0.417689085 0.845475495 0.332726955 16 0.730919123 15 0.144684345 14 0.124396518 0 0 0 0 0 0 
1.31783032 -5.23580074 0.225661308 0.417689085 0.845475495 0.332726955 15 0.381206989 14 0.32239458 16 0.296398431 0 0 0 0 0 0 
1.04881966 -5.13364506 0.297728628 0.417689085 0.845475495 0.332726955 14 0.501661599 16 0.292860389 15 0.205478013 0 0 0 0 0 0 
1.04910779 -5.17892313 0.418474734 -0.481313527 0.837950766 0.257246971 16 0.648748577 14 0.234538779 15 0.11671263 0 0 0 0 0 0 
1.04881966 -5.13364506 0.297728628 -0.481313527 0.837950766 0.257246971 14 0.501661599 16 0.292860389 15 0.205478013 0 0 0 0 0 0 
0.785665393 -5.27409554 0.235580787 -0.481313527 0.837950766 0.257246971 16 0.346811622 15 0.331491023 14 0.321697354 0 0 0 0 0 0 
0.768204689 -5.32094002 0.382782638 -0.481313527 0.837950766 0.257246971 16 0.720548332 14 0.142058358 15 0.137393296 0 0 0 0 0 0 
1.43887818 -5.50944471 0.248349875 0.899281979 0.434917003 0.0462518334 16 0.784422576 15 0.158241794 14 0.0573356189 0 0 0 0 0 0 
1.33572328 -5.31107903 0.388431251 0.899281979 0.434917003 0.0462518334 16 0.730919123 15 0.144684345 14 0.124396518 0 0 0 0 0 0 
1.34528172 -5.35287809 0.595926523 0.899281979 0.434917003 0.0462518334 16 0.924012423 15 0.0411820747 14 0.0348055102 0 0 0 0 0 0 
1.45058501 -5.56809282 0.571917057 0.899281979 0.434917003 0.0462518334 16 0.980835736 15 0.0191642735 0 0 0 0 0 0 0 0 
1.43887818 -5.50944471 0.248349875 0.953273833 -0.29805693 -0.0493058823 16 0.784422576 15 0.158241794 14 0.0573356189 0 0 0 0 0 0 
1.45058501 -5.56809282 0.571917057 0.953273833 -0.29805693 -0.0493058823 16 0.980835736 15 0.0191642735 0 0 0 0 0 0 0 0 
1.36086214 -5.8084259 0.547355652 0.953273833 -0.29805693 -0.0493058823 16 1 0 0 0 0 0 0 0 0 0 0 
1.35286021 -5.80255461 0.0998569429 0.953273833 -0.29805693 -0.0493058823 16 0.90550369 15 0.0944963172 0 0 0 0 0 0 0 0 
1.43887818 -5.50944471 0.248349875 0.969238997 -0.226652056 -0.0959414765 16 0.784422576 15 0.158241794 14 0.0573356189 0 0 0 0 0 0 
1.35286021 -5.80255461 0.0998569429 0.969238997 -0.226652056 -0.0959414765 16 0.90550369 15 0.0944963172 0 0 0 0 0 0 0 0 
1.33539951 -5.73320484 -0.268424749 0.969238997 -0.226652056 -0.0959414765 16 0.554277182 15 0.445510417 14 0.000212399202 0 0 0 0 0 0 
1.41530907 -5.4796586 -0.0320687145 0.969238997 -0.226652056 -0.0959414765 15 0.572146773 16 0.339792281 14 0.0880609229 0 0 0 0 0 0 
1.43887818 -5.50944471 0.248349875 0.914144158 0.40525201 0.0105489772 16 0.784422576 15 0.158241794 14 0.0573356189 0 0 0 0 0 0 
1.41530907 -5.4796586 -0.0320687145 0.914144158 0.40525201 0.0105489772 15 0.572146773 16 0.339792281 14 0.0880609229 0 0 0 0 0 0 
1.31783032 -5.23580074 0.225661308 0.914144158 0.40525201 0.0105489772 15 0.381206989 14 0.32239458 16 0.296398431 0 0 0 0 0 0 
1.33572328 -5.31107903 0.388431251 0.914144158 0.40525201 0.0105489772 16 0.730919123 15 0.144684345 14 0.124396518 0 0 0 0 0 0 
1.07195711 -5.88122702 0.0764214545 0.27279672 -0.961890817 -0.0186549816 16 0.938647032 15 0.061352998 0 0 0 0 0 0 0 0 
1.35286021 -5.80255461 0.0998569429 0.27279672 -0.961890817 -0.0186549816 16 0.90550369 15 0.0944963172 0 0 0 0 0 0 0 0 
1.36086214 -5.8084259 0.547355652 0.27279672 -0.961890817 -0.0186549816 16 1 0 0 0 0 0 0 0 0 0 0 
1.07091928 -5.89101982 0.538432658 0.27279672 -0.961890817 -0.0186549816 16 1 0 0 0 0 0 0 0 0 0 0 
1.07195711 -5.88122702 0.0764214545 -0.21376434 -0.976595521 -0.0237902515 16 0.938647032 15 0.061352998 0 0 0 0 0 0 0 0 
1.07091928 -5.89101982 0.538432658 -0.21376434 -0.976595521 -0.0237902515 16 1 0 0 0 0 0 0 0 0 0 0 
0.775783181 -5.82783079 0.545699894 -0.21376434 -0.976595521 -0.0237902515 16 1 0 0 0 0 0 0 0 0 0 0 
0.78534168 -5.8191576 0.15446499 -0.21376434 -0.976595521 -0.0237902515 16 0.9137851 15 0.0862148851 0 0 0 0 0 0 0 0 
1.07195711 -5.88122702 0.0764214545 -0.264904141 -0.943616331 -0.198529467 16 0.938647032 15 0.061352998 0 0 0 0 0 0 0 0 
0.78534168 -5.8191576 0.15446499 -0.264904141 -0.943616331 -0.198529467 16 0.9137851 15 0.0862148851 0 0 0 0 0 0 0 0 
0.803234696 -5.74658346 -0.204978496 -0.264904141 -0.943616331 -0.198529467 16 0.52475065 15 0.47524935 0 0 0 0 0 0 0 0 
1.07224524 -5.79765272 -0.330572605 -0.264904141 -0.943616331 -0.198529467 16 0.559910715 15 0.440089315 0 0 0 0 0 0 0 0 
1.07195711 -5.88122702 0.0764214545 0.277792722 -0.941294074 -0.19182457 16 0.938647032 15 0.061352998 0 0 0 0 0 0 0 0 
1.07224524 -5.79765272 -0.330572605 0.277792722 -0.941294074 -0.19182457 16 0.559910715 15 0.440089315 0 0 0 0 0 0 0 0 
1.33539951 -5.73320484 -0.268424749 0.277792722 -0.941294074 -0.19182457 16 0.554277182 15 0.445510417 14 0.000212399202 0 0 0 0 0 0 
1.35286021 -5.80255461 0.0998569429 0.277792722 -0.941294074 -0.19182457 16 0.90550369 15 0.0944963172 0 0 0 0 0 0 0 0 
0.659362078 -5.57833815 0.838488877 -0.894801378 -0.445171535 -0.0339555144 16 1 0 0 0 0 0 0 0 0 0 0 
0.766705632 -5.81683254 0.838488877 -0.894801378 -0.445171535 -0.0339555144 16 1 0 0 0 0 0 0 0 0 0 0 
0.75795114 -5.79619408 1.09663892 -0.894801378 -0.445171535 -0.0339555144 16 1 0 0 0 0 0 0 0 0 0 0 
0.648640037 -5.59920931 1.0966388 -0.894801378 -0.445171535 -0.0339555144 16 1 0 0 0 0 0 0 0 0 0 0 
0.659362078 -5.57833815 0.838488877 -0.86528188 0.500515044 0.0277859364 16 1 0 0 0 0 0 0 0 0 0 0 
0.648640037 -5.59920931 1.0966388 -0.86528188 0.500515044 0.0277859364 16 1 0 0 0 0 0 0 0 0 0 0 
0.74527514 -5.44414425 1.0966388 -0.86528188 0.500515044 0.0277859364 16 1 0 0 0 0 0 0 0 0 0 0 
0.752603769 -5.40514755 0.838488877 -0.86528188 0.500515044 0.0277859364 16 1 0 0 0 0 0 0 0 0 0 0 
0.659362078 -5.57833815 0.838488877 -0.887919605 0.45983392 -0.0123081068 16 1 0 0 0 0 0 0 0 0 0 0 
0.752603769 -5.40514755 0.838488877 -0.887919605 0.45983392 -0.0123081068 16 1 0 0 0 0 0 0 0 0 0 0 
0.760202825 -5.39015532 0.594270706 -0.887919605 0.45983392 -0.0123081068 16 0.933840096 14 0.0354817025 15 0.0306782275 0 0 0 0 0 0 
0.670479774 -5.57091999 0.569709361 -0.887919605 0.45983392 -0.0123081068 16 0.996988416 15 0.00301159592 0 0 0 0 0 0 0 0 
0.659362078 -5.57833815 0.838488877 -0.919030011 -0.39300245 -0.0305447169 16 1 0 0 0 0 0 0 0 0 0 0 
0.670479774 -5.57091999 0.569709361 -0.919030011 -0.39300245 -0.0305447169 16 0.996988416 15 0.00301159592 0 0 0 0 0 0 0 0 
0.775783181 -5.82783079 0.545699894 -0.919030011 -0.39300245 -0.0305447169 16 1 0 0 0 0 0 0 0 0 0 0 
0.766705632 -5.81683254 0.838488877 -0.919030011 -0.39300245 -0.0305447169 16 1 0 0 0 0 0 0 0 0 0 0 
1.05113125 -5.29863882 0.838488877 -0.337181568 0.9329229 0.126347095 16 1 0 0 0 0 0 0 0 0 0 0 
0.752603769 -5.40514755 0.838488877 -0.337181568 0.9329229 0.126347095 16 1 0 0 0 0 0 0 0 0 0 0 
0.74527514 -5.44414425 1.0966388 -0.337181568 0.9329229 0.126347095 16 1 0 0 0 0 0 0 0 0 0 0 
1.0520817 -5.33187056 1.0966388 -0.337181568 0.9329229 0.126347095 16 1 0 0 0 0 0 0 0 0 0 0 
1.05113125 -5.29863882 0.838488877 0.227799863 0.971253455 0.0690939277 16 1 0 0 0 0 0 0 0 0 0 0 
1.0520817 -5.33187056 1.0966388 0.227799863 0.971253455 0.0690939277 16 1 0 0 0 0 0 0 0 0 0 0 
1.36311376 -5.3901763 1.0966388 0.227799863 0.971253455 0.0690939277 16 1 0 0 0 0 0 0 0 0 0 0 
1.35435927 -5.38440275 0.838488877 0.227799863 0.971253455 0.0690939277 16 1 0 0 0 0 0 0 0 0 0 0 
1.05113125 -5.29863882 0.838488877 0.326329887 0.926246822 0.188615516 16 1 0 0 0 0 0 0 0 0 0 0 
1.35435927 -5.38440275 0.838488877 0.326329887 0.926246822 0.188615516 16 1 0 0 0 0 0 0 0 0 0 0 
1.34528172 -5.35287809 0.595926523 0.326329887 0.926246822 0.188615516 16 0.924012423 15 0.0411820747 14 0.0348055102 0 0 0 0 0 0 
1.05014563 -5.22931004 0.60319376 0.326329887 0.926246822 0.188615516 16 0.879953802 14 0.0801807418 15 0.0398654453 0 0 0 0 0 0 
1.05113125 -5.29863882 0.838488877 -0.410717428 0.898933947 0.152410418 16 1 0 0 0 0 0 0 0 0 0 0 
1.05014563 -5.22931004 0.60319376 -0.410717428 0.898933947 0.152410418 16 0.879953802 14 0.0801807418 15 0.0398654453 0 0 0 0 0 0 
0.760202825 -5.39015532 0.594270706 -0.410717428 0.898933947 0.152410418 16 0.933840096 14 0.0354817025 15 0.0306782275 0 0 0 0 0 0 
0.752603769 -5.40514755 0.838488877 -0.410717428 0.898933947 0.152410418 16 1 0 0 0 0 0 0 0 0 0 0 
1.4617027 -5.57464075 0.838488877 0.865583539 0.500049651 -0.0267461929 16 1 0 0 0 0 0 0 0 0 0 0 
1.35435927 -5.38440275 0.838488877 0.865583539 0.500049651 -0.0267461929 16 1 0 0 0 0 0 0 0 0 0 0 
1.36311376 -5.3901763 1.0966388 0.865583539 0.500049651 -0.0267461929 16 1 0 0 0 0 0 0 0 0 0 0 
1.47242486 -5.57496548 1.0966388 0.865583539 0.500049651 -0.0267461929 16 1 0 0 0 0 0 0 0 0 0 0 
1.4617027 -5.57464075 0.838488877 0.91140306 -0.411202043 -0.0160404798 16 1 0 0 0 0 0 0 0 0 0 0 
1.47242486 -5.57496548 1.0966388 0.91140306 -0.411202043 -0.0160404798 16 1 0 0 0 0 0 0 0 0 0 0 
1.37578976 -5.77513218 1.09663892 0.91140306 -0.411202043 -0.0160404798 16 1 0 0 0 0 0 0 0 0 0 0 
1.36846113 -5.79532433 0.838488877 0.91140306 -0.411202043 -0.0160404798 16 1 0 0 0 0 0 0 0 0 0 0 
1.4617027 -5.57464075 0.838488877 0.929630339 -0.367511839 -0.0268802624 16 1 0 0 0 0 0 0 0 0 0 0 
1.36846113 -5.79532433 0.838488877 0.929630339 -0.367511839 -0.0268802624 16 1 0 0 0 0 0 0 0 0 0 0 
1.36086214 -5.8084259 0.547355652 0.929630339 -0.367511839 -0.0268802624 16 1 0 0 0 0 0 0 0 0 0 0 
1.45058501 -5.56809282 0.571917057 0.929630339 -0.367511839 -0.0268802624 16 0.980835736 15 0.0191642735 0 0 0 0 0 0 0 0 
1.4617027 -5.57464075 0.838488877 0.885582924 0.464481354 -0.000394273957 16 1 0 0 0 0 0 0 0 0 0 0 
1.45058501 -5.56809282 0.571917057 0.885582924 0.464481354 -0.000394273957 16 0.980835736 15 0.0191642735 0 0 0 0 0 0 0 0 
1.34528172 -5.35287809 0.595926523 0.885582924 0.464481354 -0.000394273957 16 0.924012423 15 0.0411820747 14 0.0348055102 0 0 0 0 0 0 
1.35435927 -5.38440275 0.838488877 0.885582924 0.464481354 -0.000394273957 16 1 0 0 0 0 0 0 0 0 0 0 
1.06993365 -5.87551975 0.838488877 0.243668333 -0.965954542 0.0869345292 16 1 0 0 0 0 0 0 0 0 0 0 
1.36846113 -5.79532433 0.838488877 0.243668333 -0.965954542 0.0869345292 16 1 0 0 0 0 0 0 0 0 0 0 
1.37578976 -5.77513218 1.09663892 0.243668333 -0.965954542 0.0869345292 16 1 0 0 0 0 0 0 0 0 0 0 
1.0689832 -5.8476367 1.0966388 0.243668333 -0.965954542 0.0869345292 16 1 0 0 0 0 0 0 0 0 0 0 
1.06993365 -5.87551975 0.838488877 -0.17577678 -0.980413675 0.0888345093 16 1 0 0 0 0 0 0 0 0 0 0 
1.0689832 -5.8476367 1.0966388 -0.17577678 -0.980413675 0.0888345093 16 1 0 0 0 0 0 0 0 0 0 0 
0.75795114 -5.79619408 1.09663892 -0.17577678 -0.980413675 0.0888345093 16 1 0 0 0 0 0 0 0 0 0 0 
0.766705632 -5.81683254 0.838488877 -0.17577678 -0.980413675 0.0888345093 16 1 0 0 0 0 0 0 0 0 0 0 
1.06993365 -5.87551975 0.838488877 -0.19895111 -0.97917676 0.0403890721 16 1 0 0 0 0 0 0 0 0 0 0 
0.766705632 -5.81683254 0.838488877 -0.19895111 -0.97917676 0.0403890721 16 1 0 0 0 0 0 0 0 0 0 0 
0.775783181 -5.82783079 0.545699894 -0.19895111 -0.97917676 0.0403890721 16 1 0 0 0 0 0 0 0 0 0 0 
1.07091928 -5.89101982 0.538432658 -0.19895111 -0.97917676 0.0403890721 16 1 0 0 0 0 0 0 0 0 0 0 
1.06993365 -5.87551975 0.838488877 0.265749365 -0.963054836 0.0436195023 16 1 0 0 0 0 0 0 0 0 0 0 
1.07091928 -5.89101982 0.538432658 0.265749365 -0.963054836 0.0436195023 16 1 0 0 0 0 0 0 0 0 0 0 
1.36086214 -5.8084259 0.547355652 0.265749365 -0.963054836 0.0436195023 16 1 0 0 0 0 0 0 0 0 0 0 
1.36846113 -5.79532433 0.838488877 0.265749365 -0.963054836 0.0436195023 16 1 0 0 0 0 0 0 0 0 0 0 
0.638120055 -5.61778736 1.34992218 -0.669113696 -0.577207565 0.468100786 16 1 0 0 0 0 0 0 0 0 0 0 
0.749361694 -5.77594423 1.34992218 -0.669113696 -0.577207565 0.468100786 16 1 0 0 0 0 0 0 0 0 0 0 
0.827515006 -5.72432089 1.48928344 -0.669113696 -0.577207565 0.468100786 16 1 0 0 0 0 0 0 0 0 0 0 
0.738513708 -5.61079407 1.53805983 -0.669113696 -0.577207565 0.468100786 16 1 0 0 0 0 0 0 0 0 0 0 
0.638120055 -5.61778736 1.34992218 -0.702300608 0.562872946 0.435830116 16 1 0 0 0 0 0 0 0 0 0 0 
0.738513708 -5.61079407 1.53805983 -0.702300608 0.562872946 0.435830116 16 1 0 0 0 0 0 0 0 0 0 0 
0.81957221 -5.49929571 1.48928344 -0.702300608 0.562872946 0.435830116 16 1 0 0 0 0 0 0 0 0 0 0 
0.738084674 -5.46565533 1.34992218 -0.702300608 0.562872946 0.435830116 16 1 0 0 0 0 0 0 0 0 0 0 
0.638120055 -5.61778736 1.34992218 -0.842206657 0.538993001 0.0132104885 16 1 0 0 0 0 0 0 0 0 0 0 
0.738084674 -5.46565533 1.34992218 -0.842206657 0.538993001 0.0132104885 16 1 0 0 0 0 0 0 0 0 0 0 
0.74527514 -5.44414425 1.0966388 -0.842206657 0.538993001 0.0132104885 16 1 0 0 0 0 0 0 0 0 0 0 
0.648640037 -5.59920931 1.0966388 -0.842206657 0.538993001 0.0132104885 16 1 0 0 0 0 0 0 0 0 0 0 
0.638120055 -5.61778736 1.34992218 -0.849121213 -0.52732873 -0.0302917305 16 1 0 0 0 0 0 0 0 0 0 0 
0.648640037 -5.59920931 1.0966388 -0.849121213 -0.52732873 -0.0302917305 16 1 0 0 0 0 0 0 0 0 0 0 
0.75795114 -5.79619408 1.09663892 -0.849121213 -0.52732873 -0.0302917305 16 1 0 0 0 0 0 0 0 0 0 0 
0.749361694 -5.77594423 1.34992218 -0.849121213 -0.52732873 -0.0302917305 16 1 0 0 0 0 0 0 0 0 0 0 
1.0530144 -5.35095787 1.34992218 -0.298406988 0.859494448 0.414997071 16 1 0 0 0 0 0 0 0 0 0 0 
0.738084674 -5.46565533 1.34992218 -0.298406988 0.859494448 0.414997071 16 1 0 0 0 0 0 0 0 0 0 0 
0.81957221 -5.49929571 1.48928344 -0.298406988 0.859494448 0.414997071 16 1 0 0 0 0 0 0 0 0 0 0 
1.05535579 -5.44634199 1.53805983 -0.298406988 0.859494448 0.414997071 16 1 0 0 0 0 0 0 0 0 0 0 
1.0530144 -5.35095787 1.34992218 0.188197702 0.871831894 0.452206612 16 1 0 0 0 0 0 0 0 0 0 0 
1.05535579 -5.44634199 1.53805983 0.188197702 0.871831894 0.452206612 16 1 0 0 0 0 0 0 0 0 0 0 
1.29355001 -5.47516584 1.48928344 0.188197702 0.871831894 0.452206612 16 1 0 0 0 0 0 0 0 0 0 0 
1.37170327 -5.41704607 1.34992218 0.188197702 0.871831894 0.452206612 16 1 0 0 0 0 0 0 0 0 0 0 
1.0530144 -5.35095787 1.34992218 0.19309032 0.977487862 0.0850506127 16 1 0 0 0 0 0 0 0 0 0 0 
1.37170327 -5.41704607 1.34992218 0.19309032 0.977487862 0.0850506127 16 1 0 0 0 0 0 0 0 0 0 0 
1.36311376 -5.3901763 1.0966388 0.19309032 0.977487862 0.0850506127 16 1 0 0 0 0 0 0 0 0 0 0 
1.0520817 -5.33187056 1.0966388 0.19309032 0.977487862 0.0850506127 16 1 0 0 0 0 0 0 0 0 0 0 
1.0530144 -5.35095787 1.34992218 -0.342060298 0.937001824 0.0708695874 16 1 0 0 0 0 0 0 0 0 0 0 
1.0520817 -5.33187056 1.0966388 -0.342060298 0.937001824 0.0708695874 16 1 0 0 0 0 0 0 0 0 0 0 
0.74527514 -5.44414425 1.0966388 -0.342060298 0.937001824 0.0708695874 16 1 0 0 0 0 0 0 0 0 0 0 
0.738084674 -5.46565533 1.34992218 -0.342060298 0.937001824 0.0708695874 16 1 0 0 0 0 0 0 0 0 0 0 
1.48294485 -5.5850749 1.34992218 0.676264167 0.563094735 0.474964291 16 1 0 0 0 0 0 0 0 0 0 0 
1.37170327 -5.41704607 1.34992218 0.676264167 0.563094735 0.474964291 16 1 0 0 0 0 0 0 0 0 0 0 
1.29355001 -5.47516584 1.48928344 0.676264167 0.563094735 0.474964291 16 1 0 0 0 0 0 0 0 0 0 0 
1.38255119 -5.5887661 1.53805983 0.676264167 0.563094735 0.474964291 16 1 0 0 0 0 0 0 0 0 0 0 
1.48294485 -5.5850749 1.34992218 0.712992907 -0.525547504 0.4641563 16 1 0 0 0 0 0 0 0 0 0 0 
1.38255119 -5.5887661 1.53805983 0.712992907 -0.525547504 0.4641563 16 1 0 0 0 0 0 0 0 0 0 0 
1.30149281 -5.70816326 1.48928344 0.712992907 -0.525547504 0.4641563 16 1 0 0 0 0 0 0 0 0 0 0 
1.38298023 -5.75434446 1.34992218 0.712992907 -0.525547504 0.4641563 16 1 0 0 0 0 0 0 0 0 0 0 
1.48294485 -5.5850749 1.34992218 0.882588446 -0.469679147 -0.020956628 16 1 0 0 0 0 0 0 0 0 0 0 
1.38298023 -5.75434446 1.34992218 0.882588446 -0.469679147 -0.020956628 16 1 0 0 0 0 0 0 0 0 0 0 
1.37578976 -5.77513218 1.09663892 0.882588446 -0.469679147 -0.020956628 16 1 0 0 0 0 0 0 0 0 0 0 
1.47242486 -5.57496548 1.0966388 0.882588446 -0.469679147 -0.020956628 16 1 0 0 0 0 0 0 0 0 0 0 
1.48294485 -5.5850749 1.34992218 0.84793359 0.530060112 0.00670708949 16 1 0 0 0 0 0 0 0 0 0 0 
1.47242486 -5.57496548 1.0966388 0.84793359 0.530060112 0.00670708949 16 1 0 0 0 0 0 0 0 0 0 0 
1.36311376 -5.3901763 1.0966388 0.84793359 0.530060112 0.00670708949 16 1 0 0 0 0 0 0 0 0 0 0 
1.37170327 -5.41704607 1.34992218 0.84793359 0.530060112 0.00670708949 16 1 0 0 0 0 0 0 0 0 0 0 
1.0680505 -5.82027864 1.34992218 0.212392986 -0.903863549 0.37137568 16 1 0 0 0 0 0 0 0 0 0 0 
1.38298023 -5.75434446 1.34992218 0.212392986 -0.903863549 0.37137568 16 1 0 0 0 0 0 0 0 0 0 0 
1.30149281 -5.70816326 1.48928344 0.212392986 -0.903863549 0.37137568 16 1 0 0 0 0 0 0 0 0 0 0 
1.06570911 -5.75159693 1.53805983 0.212392986 -0.903863549 0.37137568 16 1 0 0 0 0 0 0 0 0 0 0 
1.0680505 -5.82027864 1.34992218 -0.150346741 -0.916229188 0.37137574 16 1 0 0 0 0 0 0 0 0 0 0 
1.06570911 -5.75159693 1.53805983 -0.150346741 -0.916229188 0.37137574 16 1 0 0 0 0 0 0 0 0 0 0 
0.827515006 -5.72432089 1.48928344 -0.150346741 -0.916229188 0.37137574 16 1 0 0 0 0 0 0 0 0 0 0 
0.749361694 -5.77594423 1.34992218 -0.150346741 -0.916229188 0.37137574 16 1 0 0 0 0 0 0 0 0 0 0 
1.0680505 -5.82027864 1.34992218 -0.149759755 -0.984642982 0.0897231475 16 1 0 0 0 0 0 0 0 0 0 0 
0.749361694 -5.77594423 1.34992218 -0.149759755 -0.984642982 0.0897231475 16 1 0 0 0 0 0 0 0 0 0 0 
0.75795114 -5.79619408 1.09663892 -0.149759755 -0.984642982 0.0897231475 16 1 0 0 0 0 0 0 0 0 0 0 
1.0689832 -5.8476367 1.0966388 -0.149759755 -0.984642982 0.0897231475 16 1 0 0 0 0 0 0 0 0 0 0 
1.0680505 -5.82027864 1.34992218 0.216466948 -0.972158313 0.0897231251 16 1 0 0 0 0 0 0 0 0 0 0 
1.0689832 -5.8476367 1.0966388 0.216466948 -0.972158313 0.0897231251 16 1 0 0 0 0 0 0 0 0 0 0 
1.37578976 -5.77513218 1.09663892 0.216466948 -0.972158313 0.0897231251 16 1 0 0 0 0 0 0 0 0 0 0 
1.38298023 -5.75434446 1.34992218 0.216466948 -0.972158313 0.0897231251 16 1 0 0 0 0 0 0 0 0 0 0 
0 3.84705591 0.421906382 0.362931341 -0.931404948 0.0276709888 21 0.801384926 20 0.12588504 19 0.0727300271 0 0 0 0 0 0 
0.243114635 3.84705591 0.316429794 0.362931341 -0.931404948 0.0276709888 21 0.793202579 20 0.132255852 19 0.0745415464 0 0 0 0 0 0 
0.459493726 4.03217602 0.626341462 0.362931341 -0.931404948 0.0276709888 21 0.955123782 20 0.0433768965 19 0.00149929617 0 0 0 0 0 0 
0 3.76595616 0.775297046 0.362931341 -0.931404948 0.0276709888 21 0.884052992 20 0.0778160021 19 0.0381310172 0 0 0 0 0 0 
0 3.84705591 0.421906382 -0.362931341 -0.931404948 0.0276709888 21 0.801384926 20 0.12588504 19 0.0727300271 0 0 0 0 0 0 
0 3.76595616 0.775297046 -0.362931341 -0.931404948 0.0276709888 21 0.884052992 20 0.0778160021 19 0.0381310172 0 0 0 0 0 0 
-0.459493726 4.03217602 0.626341462 -0.362931341 -0.931404948 0.0276709888 21 0.955123782 20 0.0433770083 19 0.00149921793 0 0 0 0 0 0 
-0.243114635 3.84705591 0.316429794 -0.362931341 -0.931404948 0.0276709888 21 0.793202579 20 0.132255867 19 0.0745415539 0 0 0 0 0 0 
0 3.84705591 0.421906382 -0.289258331 -0.413071901 0.863539934 21 0.801384926 20 0.12588504 19 0.0727300271 0 0 0 0 0 0 
-0.243114635 3.84705591 0.316429794 -0.289258331 -0.413071901 0.863539934 21 0.793202579 20 0.132255867 19 0.0745415539 0 0 0 0 0 0 
-0.290681988 3.62834311 0.219916463 -0.289258331 -0.413071901 0.863539934 20 0.430819333 19 0.219036058 21 0.210297868 40 0.0912391618 41 0.0486075878 0 0 
0 3.62852001 0.293329537 -0.289258331 -0.413071901 0.863539934 20 0.507262766 19 0.286674142 21 0.206063092 0 0 0 0 0 0 
0 3.84705591 0.421906382 0.289258331 -0.413071871 0.863539934 21 0.801384926 20 0.12588504 19 0.0727300271 0 0 0 0 0 0 
0 3.62852001 0.293329537 0.289258331 -0.413071871 0.863539934 20 0.507262766 19 0.286674142 21 0.206063092 0 0 0 0 0 0 
0.290681988 3.62834311 0.219916463 0.289258331 -0.413071871 0.863539934 20 0.430819303 19 0.219036043 21 0.210297823 22 0.0912391096 23 0.0486077145 0 0 
0.243114635 3.84705591 0.316429794 0.289258331 -0.413071871 0.863539934 21 0.793202579 20 0.132255852 19 0.0745415464 0 0 0 0 0 0 
-0.347526252 3.84705591 4.24318003e-08 -0.597174346 -0.791943491 0.127311766 21 0.819255352 20 0.0894974917 19 0.0733700022 40 0.0178771541 0 0 0 0 
-0.243114635 3.84705591 0.316429794 -0.597174346 -0.791943491 0.127311766 21 0.793202579 20 0.132255867 19 0.0745415539 0 0 0 0 0 0 
-0.459493726 4.03217602 0.626341462 -0.597174346 -0.791943491 0.127311766 21 0.955123782 20 0.0433770083 19 0.00149921793 0 0 0 0 0 0 
-0.556073248 4.03217697 4.84287739e-08 -0.597174346 -0.791943491 0.127311766 21 0.980735719 20 0.0189966597 19 0.000267605123 0 0 0 0 0 0 
-0.347526252 3.84705591 4.24318003e-08 -0.611063123 -0.777296424 -0.149706826 21 0.819255352 20 0.0894974917 19 0.0733700022 40 0.0178771541 0 0 0 0 
-0.556073248 4.03217697 4.84287739e-08 -0.611063123 -0.777296424 -0.149706826 21 0.980735719 20 0.0189966597 19 0.000267605123 0 0 0 0 0 0 
-0.459493726 4.03217602 -0.504146814 -0.611063123 -0.777296424 -0.149706826 21 0.95991385 20 0.0400861725 0 0 0 0 0 0 0 0 
-0.243067414 3.84705591 -0.316429734 -0.611063123 -0.777296424 -0.149706826 21 0.781110048 20 0.135739073 19 0.0724861249 40 0.0106647229 0 0 0 0 
-0.347526252 3.84705591 4.24318003e-08 -0.918049514 0.132115021 -0.373805881 21 0.819255352 20 0.0894974917 19 0.0733700022 40 0.0178771541 0 0 0 0 
-0.243067414 3.84705591 -0.316429734 -0.918049514 0.132115021 -0.373805881 21 0.781110048 20 0.135739073 19 0.0724861249 40 0.0106647229 0 0 0 0 
-0.289346665 3.62728119 -0.22056216 -0.918049514 0.132115021 -0.373805881 20 0.447602749 19 0.217897534 21 0.213988706 40 0.120511003 0 0 0 0 
-0.403328449 3.62781215 -0.000322867796 -0.918049514 0.132115021 -0.373805881 19 0.334025145 21 0.22739087 20 0.212427765 40 0.170898288 41 0.0552579351 0 0 
-0.347526252 3.84705591 4.24318003e-08 -0.918643653 0.134700984 0.371415615 21 0.819255352 20 0.0894974917 19 0.0733700022 40 0.0178771541 0 0 0 0 
-0.403328449 3.62781215 -0.000322867796 -0.918643653 0.134700984 0.371415615 19 0.334025145 21 0.22739087 20 0.212427765 40 0.170898288 41 0.0552579351 0 0 
-0.290681988 3.62834311 0.219916463 -0.918643653 0.134700984 0.371415615 20 0.430819333 19 0.219036058 21 0.210297868 40 0.0912391618 41 0.0486075878 0 0 
-0.243114635 3.84705591 0.316429794 -0.918643653 0.134700984 0.371415615 21 0.793202579 20 0.132255867 19 0.0745415539 0 0 0 0 0 0 
0 3.84705591 -0.421906352 -0.237956077 -0.821117103 -0.518790603 21 0.804848433 20 0.125902861 19 0.0692486912 0 0 0 0 0 0 
-0.243067414 3.84705591 -0.316429734 -0.237956077 -0.821117103 -0.518790603 21 0.781110048 20 0.135739073 19 0.0724861249 40 0.0106647229 0 0 0 0 
-0.459493726 4.03217602 -0.504146814 -0.237956077 -0.821117103 -0.518790603 21 0.95991385 20 0.0400861725 0 0 0 0 0 0 0 0 
0 4.03217697 -0.720919788 -0.237956077 -0.821117103 -0.518790603 21 0.958113194 20 0.0418868214 0 0 0 0 0 0 0 0 
0 3.84705591 -0.421906352 0.237956077 -0.821117103 -0.518790603 21 0.804848433 20 0.125902861 19 0.0692486912 0 0 0 0 0 0 
0 4.03217697 -0.720919788 0.237956077 -0.821117103 -0.518790603 21 0.958113194 20 0.0418868214 0 0 0 0 0 0 0 0 
0.459493726 4.03217602 -0.504146814 0.237956077 -0.821117103 -0.518790603 21 0.959913671 20 0.0400863476 0 0 0 0 0 0 0 0 
0.243067414 3.84705591 -0.316429734 0.237956077 -0.821117103 -0.518790603 21 0.781109869 20 0.135739133 19 0.0724861622 22 0.0106648505 0 0 0 0 
0 3.84705591 -0.421906352 0.407947898 -0.263702452 -0.874093533 21 0.804848433 20 0.125902861 19 0.0692486912 0 0 0 0 0 0 
0.243067414 3.84705591 -0.316429734 0.407947898 -0.263702452 -0.874093533 21 0.781109869 20 0.135739133 19 0.0724861622 22 0.0106648505 0 0 0 0 
0.289346665 3.62728119 -0.22056216 0.407947898 -0.263702452 -0.874093533 20 0.447602659 19 0.217897549 21 0.213988632 22 0.120511174 0 0 0 0 
0 3.62710452 -0.363515377 0.407947898 -0.263702452 -0.874093533 20 0.515448093 19 0.278205186 21 0.206346706 0 0 0 0 0 0 
0 3.84705591 -0.421906352 -0.407948285 -0.263702363 -0.874093413 21 0.804848433 20 0.125902861 19 0.0692486912 0 0 0 0 0 0 
0 3.62710452 -0.363515377 -0.407948285 -0.263702363 -0.874093413 20 0.515448093 19 0.278205186 21 0.206346706 0 0 0 0 0 0 
-0.289346665 3.62728119 -0.22056216 -0.407948285 -0.263702363 -0.874093413 20 0.447602749 19 0.217897534 21 0.213988706 40 0.120511003 0 0 0 0 
-0.243067414 3.84705591 -0.316429734 -0.407948285 -0.263702363 -0.874093413 21 0.781110048 20 0.135739073 19 0.0724861249 40 0.0106647229 0 0 0 0 
0.347526252 3.84705591 4.24318003e-08 0.611063123 -0.777296424 -0.149706826 21 0.819255233 20 0.0894975364 19 0.0733700097 22 0.0178772248 0 0 0 0 
0.243067414 3.84705591 -0.316429734 0.611063123 -0.777296424 -0.149706826 21 0.781109869 20 0.135739133 19 0.0724861622 22 0.0106648505 0 0 0 0 
0.459493726 4.03217602 -0.504146814 0.611063123 -0.777296424 -0.149706826 21 0.959913671 20 0.0400863476 0 0 0 0 0 0 0 0 
0.556073248 4.03217697 4.84287739e-08 0.611063123 -0.777296424 -0.149706826 21 0.980735481 20 0.0189967547 19 0.000267755066 0 0 0 0 0 0 
0.347526252 3.84705591 4.24318003e-08 0.59717387 -0.791943967 0.127311841 21 0.819255233 20 0.0894975364 19 0.0733700097 22 0.0178772248 0 0 0 0 
0.556073248 4.03217697 4.84287739e-08 0.59717387 -0.791943967 0.127311841 21 0.980735481 20 0.0189967547 19 0.000267755066 0 0 0 0 0 0 
0.459493726 4.03217602 0.626341462 0.59717387 -0.791943967 0.127311841 21 0.955123782 20 0.0433768965 19 0.00149929617 0 0 0 0 0 0 
0.243114635 3.84705591 0.316429794 0.59717387 -0.791943967 0.127311841 21 0.793202579 20 0.132255852 19 0.0745415464 0 0 0 0 0 0 
0.347526252 3.84705591 4.24318003e-08 0.918643653 0.134700924 0.371415436 21 0.819255233 20 0.0894975364 19 0.0733700097 22 0.0178772248 0 0 0 0 
0.243114635 3.84705591 0.316429794 0.918643653 0.134700924 0.371415436 21 0.793202579 20 0.132255852 19 0.0745415464 0 0 0 0 0 0 
0.290681988 3.62834311 0.219916463 0.918643653 0.134700924 0.371415436 20 0.430819303 19 0.219036043 21 0.210297823 22 0.0912391096 23 0.0486077145 0 0 
0.403328449 3.62781215 -0.000322867796 0.918643653 0.134700924 0.371415436 19 0.334025174 21 0.22739087 20 0.212427691 22 0.170898303 23 0.0552579761 0 0 
0.347526252 3.84705591 4.24318003e-08 0.918049395 0.132115066 -0.373806 21 0.819255233 20 0.0894975364 19 0.0733700097 22 0.0178772248 0 0 0 0 
0.403328449 3.62781215 -0.000322867796 0.918049395 0.132115066 -0.373806 19 0.334025174 21 0.22739087 20 0.212427691 22 0.170898303 23 0.0552579761 0 0 
0.289346665 3.62728119 -0.22056216 0.918049395 0.132115066 -0.373806 20 0.447602659 19 0.217897549 21 0.213988632 22 0.120511174 0 0 0 0 
0.243067414 3.84705591 -0.316429734 0.918049395 0.132115066 -0.373806 21 0.781109869 20 0.135739133 19 0.0724861622 22 0.0106648505 0 0 0 0 
4.75852203 2.9107573 0.571660101 0.0360640623 -0.910166919 -0.412668943 27 0.830233216 26 0.169766814 0 0 0 0 0 0 0 0 
4.79775715 2.92600226 0.540515304 0.0360640623 -0.910166919 -0.412668943 27 0.795401156 26 0.204598844 0 0 0 0 0 0 0 0 
4.83601379 2.91132593 0.577178061 0.0360640623 -0.910166919 -0.412668943 27 0.949518204 26 0.0504818149 0 0 0 0 0 0 0 0 
4.79951191 2.89400887 0.611232162 0.0360640623 -0.910166919 -0.412668943 27 0.971104562 26 0.0288954359 0 0 0 0 0 0 0 0 
4.75852203 2.9107573 0.571660101 -0.448700756 -0.889464676 0.0867191404 27 0.830233216 26 0.169766814 0 0 0 0 0 0 0 0 
4.79951191 2.89400887 0.611232162 -0.448700756 -0.889464676 0.0867191404 27 0.971104562 26 0.0288954359 0 0 0 0 0 0 0 0 
4.76838207 2.9129951 0.64563185 -0.448700756 -0.889464676 0.0867191404 27 0.989541054 26 0.0104589229 0 0 0 0 0 0 0 0 
4.7235136 2.9314115 0.601635754 -0.448700756 -0.889464676 0.0867191404 27 0.873813033 26 0.126186967 0 0 0 0 0 0 0 0 
4.75852203 2.9107573 0.571660101 -0.462761819 -0.884537697 0.0586891472 27 0.830233216 26 0.169766814 0 0 0 0 0 0 0 0 
4.7235136 2.9314115 0.601635754 -0.462761819 -0.884537697 0.0586891472 27 0.873813033 26 0.126186967 0 0 0 0 0 0 0 0 
4.68149471 2.95005894 0.556644201 -0.462761819 -0.884537697 0.0586891472 26 0.533439219 27 0.466560781 0 0 0 0 0 0 0 0 
4.7231741 2.92682552 0.5298419 -0.462761819 -0.884537697 0.0586891472 26 0.73826009 27 0.26173988 0 0 0 0 0 0 0 0 
4.75852203 2.9107573 0.571660101 0.0465684012 -0.917006016 -0.396145612 27 0.830233216 26 0.169766814 0 0 0 0 0 0 0 0 
4.7231741 2.92682552 0.5298419 0.0465684012 -0.917006016 -0.396145612 26 0.73826009 27 0.26173988 0 0 0 0 0 0 0 0 
4.768116 2.94151068 0.501599073 0.0465684012 -0.917006016 -0.396145612 26 0.758087575 27 0.241912454 0 0 0 0 0 0 0 0 
4.79775715 2.92600226 0.540515304 0.0465684012 -0.917006016 -0.396145612 27 0.795401156 26 0.204598844 0 0 0 0 0 0 0 0 
4.71565628 2.98062563 0.611194491 -0.730451763 -0.244817376 0.637577236 27 0.89300859 26 0.106991388 0 0 0 0 0 0 0 0 
4.7235136 2.9314115 0.601635754 -0.730451763 -0.244817376 0.637577236 27 0.873813033 26 0.126186967 0 0 0 0 0 0 0 0 
4.76838207 2.9129951 0.64563185 -0.730451763 -0.244817376 0.637577236 27 0.989541054 26 0.0104589229 0 0 0 0 0 0 0 0 
4.76312351 2.96067715 0.658252895 -0.730451763 -0.244817376 0.637577236 27 1 0 0 0 0 0 0 0 0 0 0 
4.71565628 2.98062563 0.611194491 -0.549006939 0.4092623 0.728763163 27 0.89300859 26 0.106991388 0 0 0 0 0 0 0 0 
4.76312351 2.96067715 0.658252895 -0.549006939 0.4092623 0.728763163 27 1 0 0 0 0 0 0 0 0 0 0 
4.78055763 3.01142573 0.642790318 -0.549006939 0.4092623 0.728763163 27 0.990914345 26 0.0090856608 0 0 0 0 0 0 0 0 
4.7352457 3.02988625 0.598384321 -0.549006939 0.4092623 0.728763163 27 0.875645995 26 0.124353983 0 0 0 0 0 0 0 0 
4.71565628 2.98062563 0.611194491 -0.550437033 0.409975439 0.727282107 27 0.89300859 26 0.106991388 0 0 0 0 0 0 0 0 
4.7352457 3.02988625 0.598384321 -0.550437033 0.409975439 0.727282107 27 0.875645995 26 0.124353983 0 0 0 0 0 0 0 0 
4.69217348 3.05395508 0.552085042 -0.550437033 0.409975439 0.727282107 26 0.533982813 27 0.466017157 0 0 0 0 0 0 0 0 
4.67027712 3.00254416 0.564626396 -0.550437033 0.409975439 0.727282107 26 0.509047687 27 0.490952313 0 0 0 0 0 0 0 0 
4.71565628 2.98062563 0.611194491 -0.75324738 -0.246461987 0.609815538 27 0.89300859 26 0.106991388 0 0 0 0 0 0 0 0 
4.67027712 3.00254416 0.564626396 -0.75324738 -0.246461987 0.609815538 26 0.509047687 27 0.490952313 0 0 0 0 0 0 0 0 
4.68149471 2.95005894 0.556644201 -0.75324738 -0.246461987 0.609815538 26 0.533439219 27 0.466560781 0 0 0 0 0 0 0 0 
4.7235136 2.9314115 0.601635754 -0.75324738 -0.246461987 0.609815538 27 0.873813033 26 0.126186967 0 0 0 0 0 0 0 0 
4.77452374 3.04466057 0.567226768 -0.0234495979 0.914429665 0.404065162 27 0.832606673 26 0.167393312 0 0 0 0 0 0 0 0 
4.7352457 3.02988625 0.598384321 -0.0234495979 0.914429665 0.404065162 27 0.875645995 26 0.124353983 0 0 0 0 0 0 0 0 
4.78055763 3.01142573 0.642790318 -0.0234495979 0.914429665 0.404065162 27 0.990914345 26 0.0090856608 0 0 0 0 0 0 0 0 
4.81611443 3.02799463 0.607358932 -0.0234495979 0.914429665 0.404065162 27 0.973049402 26 0.0269505829 0 0 0 0 0 0 0 0 
4.77452374 3.04466057 0.567226768 0.419373423 0.904906929 -0.0725895911 27 0.832606673 26 0.167393312 0 0 0 0 0 0 0 0 
4.81611443 3.02799463 0.607358932 0.419373423 0.904906929 -0.0725895911 27 0.973049402 26 0.0269505829 0 0 0 0 0 0 0 0 
4.84818459 3.01109385 0.57433784 0.419373423 0.904906929 -0.0725895911 27 0.950600505 26 0.0493994765 0 0 0 0 0 0 0 0 
4.8094902 3.02544188 0.537263632 0.419373423 0.904906929 -0.0725895911 27 0.796971917 26 0.203028083 0 0 0 0 0 0 0 0 
4.77452374 3.04466057 0.567226768 0.501981735 0.863390446 0.0507077239 27 0.832606673 26 0.167393312 0 0 0 0 0 0 0 0 
4.8094902 3.02544188 0.537263632 0.501981735 0.863390446 0.0507077239 27 0.796971917 26 0.203028083 0 0 0 0 0 0 0 0 
4.77878189 3.04630661 0.497044027 0.501981735 0.863390446 0.0507077239 26 0.762857676 27 0.23714231 0 0 0 0 0 0 0 0 
4.73775387 3.06794977 0.523644567 0.501981735 0.863390446 0.0507077239 26 0.744323432 27 0.255676568 0 0 0 0 0 0 0 0 
4.77452374 3.04466057 0.567226768 0.0170134194 0.890734375 0.454205573 27 0.832606673 26 0.167393312 0 0 0 0 0 0 0 0 
4.73775387 3.06794977 0.523644567 0.0170134194 0.890734375 0.454205573 26 0.744323432 27 0.255676568 0 0 0 0 0 0 0 0 
4.69217348 3.05395508 0.552085042 0.0170134194 0.890734375 0.454205573 26 0.533982813 27 0.466017157 0 0 0 0 0 0 0 0 
4.7352457 3.02988625 0.598384321 0.0170134194 0.890734375 0.454205573 27 0.875645995 26 0.124353983 0 0 0 0 0 0 0 0 
4.81699276 2.97754765 0.52781117 0.719195783 0.237101406 -0.65310061 27 0.798280597 26 0.201719403 0 0 0 0 0 0 0 0 
4.8094902 3.02544188 0.537263632 0.719195783 0.237101406 -0.65310061 27 0.796971917 26 0.203028083 0 0 0 0 0 0 0 0 
4.84818459 3.01109385 0.57433784 0.719195783 0.237101406 -0.65310061 27 0.950600505 26 0.0493994765 0 0 0 0 0 0 0 0 
4.8545084 2.96135044 0.563569784 0.719195783 0.237101406 -0.65310061 27 0.949750781 26 0.050249245 0 0 0 0 0 0 0 0 
4.81699276 2.97754765 0.52781117 0.545913637 -0.394300818 -0.739259958 27 0.798280597 26 0.201719403 0 0 0 0 0 0 0 0 
4.8545084 2.96135044 0.563569784 0.545913637 -0.394300818 -0.739259958 27 0.949750781 26 0.050249245 0 0 0 0 0 0 0 0 
4.83601379 2.91132593 0.577178061 0.545913637 -0.394300818 -0.739259958 27 0.949518204 26 0.0504818149 0 0 0 0 0 0 0 0 
4.79775715 2.92600226 0.540515304 0.545913637 -0.394300818 -0.739259958 27 0.795401156 26 0.204598844 0 0 0 0 0 0 0 0 
4.81699276 2.97754765 0.52781117 0.643698156 -0.397281826 -0.654079378 27 0.798280597 26 0.201719403 0 0 0 0 0 0 0 0 
4.79775715 2.92600226 0.540515304 0.643698156 -0.397281826 -0.654079378 27 0.795401156 26 0.204598844 0 0 0 0 0 0 0 0 
4.768116 2.94151068 0.501599073 0.643698156 -0.397281826 -0.654079378 26 0.758087575 27 0.241912454 0 0 0 0 0 0 0 0 
4.78884125 2.99531245 0.48964259 0.643698156 -0.397281826 -0.654079378 26 0.755251408 27 0.244748592 0 0 0 0 0 0 0 0 
4.81699276 2.97754765 0.52781117 0.829323411 0.233780324 -0.507513046 27 0.798280597 26 0.201719403 0 0 0 0 0 0 0 0 
4.78884125 2.99531245 0.48964259 0.829323411 0.233780324 -0.507513046 26 0.755251408 27 0.244748592 0 0 0 0 0 0 0 0 
4.77878189 3.04630661 0.497044027 0.829323411 0.233780324 -0.507513046 26 0.762857676 27 0.23714231 0 0 0 0 0 0 0 0 
4.8094902 3.02544188 0.537263632 0.829323411 0.233780324 -0.507513046 27 0.796971917 26 0.203028083 0 0 0 0 0 0 0 0 
4.84187603 2.88124251 0.6524387 0.3403548 -0.924293101 -0.172745079 27 1 0 0 0 0 0 0 0 0 0 0 
4.87385654 2.89872885 0.614901423 0.3403548 -0.924293101 -0.172745079 27 1 0 0 0 0 0 0 0 0 0 0 
4.89397812 2.90158725 0.646237075 0.3403548 -0.924293101 -0.172745079 27 1 0 0 0 0 0 0 0 0 0 0 
4.87781286 2.88681459 0.686445117 0.3403548 -0.924293101 -0.172745079 27 1 0 0 0 0 0 0 0 0 0 0 
4.84187603 2.88124251 0.6524387 -0.0872646198 -0.990074933 0.110165797 27 1 0 0 0 0 0 0 0 0 0 0 
4.87781286 2.88681459 0.686445117 -0.0872646198 -0.990074933 0.110165797 27 1 0 0 0 0 0 0 0 0 0 0 
4.85930824 2.88765669 0.723891497 -0.0872646198 -0.990074933 0.110165797 27 1 0 0 0 0 0 0 0 0 0 0 
4.81780624 2.89300752 0.694571137 -0.0872646198 -0.990074933 0.110165797 27 1 0 0 0 0 0 0 0 0 0 0 
4.84187603 2.88124251 0.6524387 -0.401441664 -0.912628889 0.0771570876 27 1 0 0 0 0 0 0 0 0 0 0 
4.81780624 2.89300752 0.694571137 -0.401441664 -0.912628889 0.0771570876 27 1 0 0 0 0 0 0 0 0 0 0 
4.76838207 2.9129951 0.64563185 -0.401441664 -0.912628889 0.0771570876 27 0.989541054 26 0.0104589229 0 0 0 0 0 0 0 0 
4.79951191 2.89400887 0.611232162 -0.401441664 -0.912628889 0.0771570876 27 0.971104562 26 0.0288954359 0 0 0 0 0 0 0 0 
4.84187603 2.88124251 0.6524387 0.077162385 -0.923709989 -0.37524119 27 1 0 0 0 0 0 0 0 0 0 0 
4.79951191 2.89400887 0.611232162 0.077162385 -0.923709989 -0.37524119 27 0.971104562 26 0.0288954359 0 0 0 0 0 0 0 0 
4.83601379 2.91132593 0.577178061 0.077162385 -0.923709989 -0.37524119 27 0.949518204 26 0.0504818149 0 0 0 0 0 0 0 0 
4.87385654 2.89872885 0.614901423 0.077162385 -0.923709989 -0.37524119 27 1 0 0 0 0 0 0 0 0 0 0 
4.81951618 2.93415785 0.71566093 -0.551697612 -0.337067336 0.76289928 27 1 0 0 0 0 0 0 0 0 0 0 
4.81780624 2.89300752 0.694571137 -0.551697612 -0.337067336 0.76289928 27 1 0 0 0 0 0 0 0 0 0 0 
4.85930824 2.88765669 0.723891497 -0.551697612 -0.337067336 0.76289928 27 1 0 0 0 0 0 0 0 0 0 0 
4.87140083 2.91742182 0.744114995 -0.551697612 -0.337067336 0.76289928 27 1 0 0 0 0 0 0 0 0 0 0 
4.81951618 2.93415785 0.71566093 -0.348644823 0.414795995 0.840470791 27 1 0 0 0 0 0 0 0 0 0 0 
4.87140083 2.91742182 0.744114995 -0.348644823 0.414795995 0.840470791 27 1 0 0 0 0 0 0 0 0 0 0 
4.86896038 2.96325755 0.721809745 -0.348644823 0.414795995 0.840470791 27 1 0 0 0 0 0 0 0 0 0 0 
4.82983589 2.9881773 0.691953421 -0.348644823 0.414795995 0.840470791 27 1 0 0 0 0 0 0 0 0 0 0 
4.81951618 2.93415785 0.71566093 -0.540845811 0.416489869 0.730768144 27 1 0 0 0 0 0 0 0 0 0 0 
4.82983589 2.9881773 0.691953421 -0.540845811 0.416489869 0.730768144 27 1 0 0 0 0 0 0 0 0 0 0 
4.78055763 3.01142573 0.642790318 -0.540845811 0.416489869 0.730768144 27 0.990914345 26 0.0090856608 0 0 0 0 0 0 0 0 
4.76312351 2.96067715 0.658252895 -0.540845811 0.416489869 0.730768144 27 1 0 0 0 0 0 0 0 0 0 0 
4.81951618 2.93415785 0.71566093 -0.738982975 -0.264639139 0.619572759 27 1 0 0 0 0 0 0 0 0 0 0 
4.76312351 2.96067715 0.658252895 -0.738982975 -0.264639139 0.619572759 27 1 0 0 0 0 0 0 0 0 0 0 
4.76838207 2.9129951 0.64563185 -0.738982975 -0.264639139 0.619572759 27 0.989541054 26 0.0104589229 0 0 0 0 0 0 0 0 
4.81780624 2.89300752 0.694571137 -0.738982975 -0.264639139 0.619572759 27 1 0 0 0 0 0 0 0 0 0 0 
4.85832214 3.01202774 0.648860931 0.191524699 0.828612149 0.526042044 27 1 0 0 0 0 0 0 0 0 0 0 
4.82983589 2.9881773 0.691953421 0.191524699 0.828612149 0.526042044 27 1 0 0 0 0 0 0 0 0 0 0 
4.86896038 2.96325755 0.721809745 0.191524699 0.828612149 0.526042044 27 1 0 0 0 0 0 0 0 0 0 0 
4.88951588 2.97948217 0.683921158 0.191524699 0.828612149 0.526042044 27 1 0 0 0 0 0 0 0 0 0 0 
4.85832214 3.01202774 0.648860931 0.599143028 0.787441015 0.14479062 27 1 0 0 0 0 0 0 0 0 0 0 
4.88951588 2.97948217 0.683921158 0.599143028 0.787441015 0.14479062 27 1 0 0 0 0 0 0 0 0 0 0 
4.90363026 2.97841907 0.644155383 0.599143028 0.787441015 0.14479062 27 1 0 0 0 0 0 0 0 0 0 0 
4.88588524 2.99541664 0.612284184 0.599143028 0.787441015 0.14479062 27 1 0 0 0 0 0 0 0 0 0 0 
4.85832214 3.01202774 0.648860931 0.426071554 0.902033925 -0.0692661554 27 1 0 0 0 0 0 0 0 0 0 0 
4.88588524 2.99541664 0.612284184 0.426071554 0.902033925 -0.0692661554 27 1 0 0 0 0 0 0 0 0 0 0 
4.84818459 3.01109385 0.57433784 0.426071554 0.902033925 -0.0692661554 27 0.950600505 26 0.0493994765 0 0 0 0 0 0 0 0 
4.81611443 3.02799463 0.607358932 0.426071554 0.902033925 -0.0692661554 27 0.973049402 26 0.0269505829 0 0 0 0 0 0 0 0 
4.85832214 3.01202774 0.648860931 -0.0406109095 0.901485205 0.430900425 27 1 0 0 0 0 0 0 0 0 0 0 
4.81611443 3.02799463 0.607358932 -0.0406109095 0.901485205 0.430900425 27 0.973049402 26 0.0269505829 0 0 0 0 0 0 0 0 
4.78055763 3.01142573 0.642790318 -0.0406109095 0.901485205 0.430900425 27 0.990914345 26 0.0090856608 0 0 0 0 0 0 0 0 
4.82983589 2.9881773 0.691953421 -0.0406109095 0.901485205 0.430900425 27 1 0 0 0 0 0 0 0 0 0 0 
4.89280891 2.94639874 0.602167964 0.915324986 0.169603467 -0.365260035 27 1 0 0 0 0 0 0 0 0 0 0 
4.88588524 2.99541664 0.612284184 0.915324986 0.169603467 -0.365260035 27 1 0 0 0 0 0 0 0 0 0 0 
4.90363026 2.97841907 0.644155383 0.915324986 0.169603467 -0.365260035 27 1 0 0 0 0 0 0 0 0 0 0 
4.90992785 2.93656492 0.645207882 0.915324986 0.169603467 -0.365260035 27 1 0 0 0 0 0 0 0 0 0 0 
4.89280891 2.94639874 0.602167964 0.799321592 -0.410614073 -0.438726604 27 1 0 0 0 0 0 0 0 0 0 0 
4.90992785 2.93656492 0.645207882 0.799321592 -0.410614073 -0.438726604 27 1 0 0 0 0 0 0 0 0 0 0 
4.89397812 2.90158725 0.646237075 0.799321592 -0.410614073 -0.438726604 27 1 0 0 0 0 0 0 0 0 0 0 
4.87385654 2.89872885 0.614901423 0.799321592 -0.410614073 -0.438726604 27 1 0 0 0 0 0 0 0 0 0 0 
4.89280891 2.94639874 0.602167964 0.56740731 -0.410033584 -0.714087784 27 1 0 0 0 0 0 0 0 0 0 0 
4.87385654 2.89872885 0.614901423 0.56740731 -0.410033584 -0.714087784 27 1 0 0 0 0 0 0 0 0 0 0 
4.83601379 2.91132593 0.577178061 0.56740731 -0.410033584 -0.714087784 27 0.949518204 26 0.0504818149 0 0 0 0 0 0 0 0 
4.8545084 2.96135044 0.563569784 0.56740731 -0.410033584 -0.714087784 27 0.949750781 26 0.050249245 0 0 0 0 0 0 0 0 
4.89280891 2.94639874 0.602167964 0.735111296 0.233215168 -0.636570632 27 1 0 0 0 0 0 0 0 0 0 0 
4.8545084 2.96135044 0.563569784 0.735111296 0.233215168 -0.636570632 27 0.949750781 26 0.050249245 0 0 0 0 0 0 0 0 
4.84818459 3.01109385 0.57433784 0.735111296 0.233215168 -0.636570632 27 0.950600505 26 0.0493994765 0 0 0 0 0 0 0 0 
4.88588524 2.99541664 0.612284184 0.735111296 0.233215168 -0.636570632 27 1 0 0 0 0 0 0 0 0 0 0 
4.16633368 3.01484799 -0.0108142355 0.125461981 -0.950591028 -0.283964992 24 0.849158764 25 0.150841251 0 0 0 0 0 0 0 0 
4.17720127 3.06030536 -0.157044157 0.125461981 -0.950591028 -0.283964992 24 0.830908537 25 0.169091448 0 0 0 0 0 0 0 0 
4.3318615 3.07906032 -0.152635306 0.125461981 -0.950591028 -0.283964992 25 0.782800078 24 0.217199937 0 0 0 0 0 0 0 0 
4.33570194 3.03772855 -0.0114376526 0.125461981 -0.950591028 -0.283964992 25 0.818217874 24 0.181782141 0 0 0 0 0 0 0 0 
4.16633368 3.01484799 -0.0108142355 0.0685512722 -0.958467185 0.276842028 24 0.849158764 25 0.150841251 0 0 0 0 0 0 0 0 
4.33570194 3.03772855 -0.0114376526 0.0685512722 -0.958467185 0.276842028 25 0.818217874 24 0.181782141 0 0 0 0 0 0 0 0 
4.33926535 3.07637501 0.159380302 0.0685512722 -0.958467185 0.276842028 25 0.784624875 24 0.178309858 26 0.0370652974 0 0 0 0 0 0 
4.15057039 3.06616116 0.132841587 0.0685512722 -0.958467185 0.276842028 24 0.861743987 25 0.138256013 0 0 0 0 0 0 0 0 
4.16633368 3.01484799 -0.0108142355 0.134642959 -0.92771244 0.348168015 24 0.849158764 25 0.150841251 0 0 0 0 0 0 0 0 
4.15057039 3.06616116 0.132841587 0.134642959 -0.92771244 0.348168015 24 0.861743987 25 0.138256013 0 0 0 0 0 0 0 0 
3.9714272 3.03642631 0.122055814 0.134642959 -0.92771244 0.348168015 24 0.99515605 25 0.0048439214 0 0 0 0 0 0 0 0 
3.99359512 2.98184252 -0.0311248917 0.134642959 -0.92771244 0.348168015 24 0.989628613 25 0.0103713674 0 0 0 0 0 0 0 0 
4.16633368 3.01484799 -0.0108142355 0.211914405 -0.937709212 -0.275306702 24 0.849158764 25 0.150841251 0 0 0 0 0 0 0 0 
3.99359512 2.98184252 -0.0311248917 0.211914405 -0.937709212 -0.275306702 24 0.989628613 25 0.0103713674 0 0 0 0 0 0 0 0 
4.00624514 3.03051043 -0.187387645 0.211914405 -0.937709212 -0.275306702 24 0.983377159 25 0.0166228153 0 0 0 0 0 0 0 0 
4.17720127 3.06030536 -0.157044157 0.211914405 -0.937709212 -0.275306702 24 0.830908537 25 0.169091448 0 0 0 0 0 0 0 0 
4.1387887 3.21229243 0.177294761 -0.105837606 -0.281799763 0.95361805 24 0.866395414 25 0.133604571 0 0 0 0 0 0 0 0 
4.15057039 3.06616116 0.132841587 -0.105837606 -0.281799763 0.95361805 24 0.861743987 25 0.138256013 0 0 0 0 0 0 0 0 
4.33926535 3.07637501 0.159380302 -0.105837606 -0.281799763 0.95361805 25 0.784624875 24 0.178309858 26 0.0370652974 0 0 0 0 0 0 
4.29039717 3.22709799 0.195918202 -0.105837606 -0.281799763 0.95361805 25 0.646977305 24 0.311244726 26 0.0417779721 0 0 0 0 0 0 
4.1387887 3.21229243 0.177294761 -0.18089132 0.297041386 0.93757385 24 0.866395414 25 0.133604571 0 0 0 0 0 0 0 0 
4.29039717 3.22709799 0.195918202 -0.18089132 0.297041386 0.93757385 25 0.646977305 24 0.311244726 26 0.0417779721 0 0 0 0 0 0 
4.33229923 3.37385273 0.163444296 -0.18089132 0.297041386 0.93757385 25 0.5017308 24 0.474232256 26 0.0240369495 0 0 0 0 0 0 
4.13588381 3.35647154 0.125119328 -0.18089132 0.297041386 0.93757385 24 0.9030689 25 0.0969310775 0 0 0 0 0 0 0 0 
4.1387887 3.21229243 0.177294761 -0.0776903257 0.338160723 0.937876165 24 0.866395414 25 0.133604571 0 0 0 0 0 0 0 0 
4.13588381 3.35647154 0.125119328 -0.0776903257 0.338160723 0.937876165 24 0.9030689 25 0.0969310775 0 0 0 0 0 0 0 0 
3.94283152 3.34637403 0.112717606 -0.0776903257 0.338160723 0.937876165 24 1 0 0 0 0 0 0 0 0 0 0 
3.95135593 3.19236779 0.169002861 -0.0776903257 0.338160723 0.937876165 24 1 0 0 0 0 0 0 0 0 0 0 
4.1387887 3.21229243 0.177294761 -0.0104263909 -0.290601313 0.956787407 24 0.866395414 25 0.133604571 0 0 0 0 0 0 0 0 
3.95135593 3.19236779 0.169002861 -0.0104263909 -0.290601313 0.956787407 24 1 0 0 0 0 0 0 0 0 0 0 
3.9714272 3.03642631 0.122055814 -0.0104263909 -0.290601313 0.956787407 24 0.99515605 25 0.0048439214 0 0 0 0 0 0 0 0 
4.15057039 3.06616116 0.132841587 -0.0104263909 -0.290601313 0.956787407 24 0.861743987 25 0.138256013 0 0 0 0 0 0 0 0 
4.14675093 3.4019289 -0.0211105794 -0.0655623302 0.974591613 0.214179352 24 0.909912407 25 0.0900875777 0 0 0 0 0 0 0 0 
4.13588381 3.35647154 0.125119328 -0.0655623302 0.974591613 0.214179352 24 0.9030689 25 0.0969310775 0 0 0 0 0 0 0 0 
4.33229923 3.37385273 0.163444296 -0.0655623302 0.974591613 0.214179352 25 0.5017308 24 0.474232256 26 0.0240369495 0 0 0 0 0 0 
4.34395123 3.39655161 0.00643289089 -0.0655623302 0.974591613 0.214179352 25 0.513788104 24 0.486211896 0 0 0 0 0 0 0 0 
4.14675093 3.4019289 -0.0211105794 0.01162198 0.962620258 -0.270605147 24 0.909912407 25 0.0900875777 0 0 0 0 0 0 0 0 
4.34395123 3.39655161 0.00643289089 0.01162198 0.962620258 -0.270605147 25 0.513788104 24 0.486211896 0 0 0 0 0 0 0 0 
4.37161016 3.36050844 -0.158797622 0.01162198 0.962620258 -0.270605147 25 0.796315312 24 0.203684703 0 0 0 0 0 0 0 0 
4.16251469 3.35061574 -0.164766416 0.01162198 0.962620258 -0.270605147 24 0.873496473 25 0.126503512 0 0 0 0 0 0 0 0 
4.14675093 3.4019289 -0.0211105794 0.00555790821 0.941956341 -0.335689455 24 0.909912407 25 0.0900875777 0 0 0 0 0 0 0 0 
4.16251469 3.35061574 -0.164766416 0.00555790821 0.941956341 -0.335689455 24 0.873496473 25 0.126503512 0 0 0 0 0 0 0 0 
3.97750258 3.34030628 -0.196826935 0.00555790821 0.941956341 -0.335689455 24 1 0 0 0 0 0 0 0 0 0 0 
3.95537686 3.3949945 -0.0436667092 0.00555790821 0.941956341 -0.335689455 24 1 0 0 0 0 0 0 0 0 0 0 
4.14675093 3.4019289 -0.0211105794 -0.0687652975 0.954153717 0.291310906 24 0.909912407 25 0.0900875777 0 0 0 0 0 0 0 0 
3.95537686 3.3949945 -0.0436667092 -0.0687652975 0.954153717 0.291310906 24 1 0 0 0 0 0 0 0 0 0 0 
3.94283152 3.34637403 0.112717606 -0.0687652975 0.954153717 0.291310906 24 1 0 0 0 0 0 0 0 0 0 0 
4.13588381 3.35647154 0.125119328 -0.0687652975 0.954153717 0.291310906 24 0.9030689 25 0.0969310775 0 0 0 0 0 0 0 0 
4.17429638 3.20448446 -0.209219575 0.0204422381 0.283944398 -0.958622873 24 0.845887721 25 0.154112265 0 0 0 0 0 0 0 0 
4.16251469 3.35061574 -0.164766416 0.0204422381 0.283944398 -0.958622873 24 0.873496473 25 0.126503512 0 0 0 0 0 0 0 0 
4.37161016 3.36050844 -0.158797622 0.0204422381 0.283944398 -0.958622873 25 0.796315312 24 0.203684703 0 0 0 0 0 0 0 0 
4.3299408 3.21121383 -0.202487111 0.0204422381 0.283944398 -0.958622873 25 0.753046215 24 0.243629336 28 0.00332445512 0 0 0 0 0 0 
4.17429638 3.20448446 -0.209219575 0.06194368 -0.344747156 -0.936649621 24 0.845887721 25 0.154112265 0 0 0 0 0 0 0 0 
4.3299408 3.21121383 -0.202487111 0.06194368 -0.344747156 -0.936649621 25 0.753046215 24 0.243629336 28 0.00332445512 0 0 0 0 0 0 
4.3318615 3.07906032 -0.152635306 0.06194368 -0.344747156 -0.936649621 25 0.782800078 24 0.217199937 0 0 0 0 0 0 0 0 
4.17720127 3.06030536 -0.157044157 0.06194368 -0.344747156 -0.936649621 24 0.830908537 25 0.169091448 0 0 0 0 0 0 0 0 
4.17429638 3.20448446 -0.209219575 0.218260199 -0.326248556 -0.919741452 24 0.845887721 25 0.154112265 0 0 0 0 0 0 0 0 
4.17720127 3.06030536 -0.157044157 0.218260199 -0.326248556 -0.919741452 24 0.830908537 25 0.169091448 0 0 0 0 0 0 0 0 
4.00624514 3.03051043 -0.187387645 0.218260199 -0.326248556 -0.919741452 24 0.983377159 25 0.0166228153 0 0 0 0 0 0 0 0 
3.99767613 3.18440247 -0.243666008 0.218260199 -0.326248556 -0.919741452 24 0.990697861 25 0.00930213183 0 0 0 0 0 0 0 0 
4.17429638 3.20448446 -0.209219575 0.148033381 0.300459564 -0.942236841 24 0.845887721 25 0.154112265 0 0 0 0 0 0 0 0 
3.99767613 3.18440247 -0.243666008 0.148033381 0.300459564 -0.942236841 24 0.990697861 25 0.00930213183 0 0 0 0 0 0 0 0 
3.97750258 3.34030628 -0.196826935 0.148033381 0.300459564 -0.942236841 24 1 0 0 0 0 0 0 0 0 0 0 
4.16251469 3.35061574 -0.164766416 0.148033381 0.300459564 -0.942236841 24 0.873496473 25 0.126503512 0 0 0 0 0 0 0 0 
3.79349947 2.93857431 -0.0543592162 0.232895762 -0.933491111 -0.27267909 24 1 0 0 0 0 0 0 0 0 0 0 
3.80714703 2.99232674 -0.226261944 0.232895762 -0.933491111 -0.27267909 24 1 0 0 0 0 0 0 0 0 0 0 
4.00624514 3.03051043 -0.187387645 0.232895762 -0.933491111 -0.27267909 24 0.983377159 25 0.0166228153 0 0 0 0 0 0 0 0 
3.99359512 2.98184252 -0.0311248917 0.232895762 -0.933491111 -0.27267909 24 0.989628613 25 0.0103713674 0 0 0 0 0 0 0 0 
3.79349947 2.93857431 -0.0543592162 0.159353286 -0.922690868 0.351067275 24 1 0 0 0 0 0 0 0 0 0 0 
3.99359512 2.98184252 -0.0311248917 0.159353286 -0.922690868 0.351067275 24 0.989628613 25 0.0103713674 0 0 0 0 0 0 0 0 
3.9714272 3.03642631 0.122055814 0.159353286 -0.922690868 0.351067275 24 0.99515605 25 0.0048439214 0 0 0 0 0 0 0 0 
3.76819301 2.99836206 0.1146053 0.159353286 -0.922690868 0.351067275 24 1 0 0 0 0 0 0 0 0 0 0 
3.79349947 2.93857431 -0.0543592162 0.178243876 -0.919173777 0.351210356 24 1 0 0 0 0 0 0 0 0 0 0 
3.76819301 2.99836206 0.1146053 0.178243876 -0.919173777 0.351210356 24 1 0 0 0 0 0 0 0 0 0 0 
3.53270912 2.95071125 0.109759122 0.178243876 -0.919173777 0.351210356 24 1 0 0 0 0 0 0 0 0 0 0 
3.55861473 2.88286686 -0.08130081 0.178243876 -0.919173777 0.351210356 24 1 0 0 0 0 0 0 0 0 0 0 
3.79349947 2.93857431 -0.0543592162 0.251042932 -0.929199815 -0.271229088 24 1 0 0 0 0 0 0 0 0 0 0 
3.55861473 2.88286686 -0.08130081 0.251042932 -0.929199815 -0.271229088 24 1 0 0 0 0 0 0 0 0 0 0 
3.57246709 2.94348907 -0.275779247 0.251042932 -0.929199815 -0.271229088 24 1 0 0 0 0 0 0 0 0 0 0 
3.80714703 2.99232674 -0.226261944 0.251042932 -0.929199815 -0.271229088 24 1 0 0 0 0 0 0 0 0 0 0 
3.74424171 3.17038202 0.166669473 0.0191038717 -0.286611766 0.957856357 24 1 0 0 0 0 0 0 0 0 0 0 
3.76819301 2.99836206 0.1146053 0.0191038717 -0.286611766 0.957856357 24 1 0 0 0 0 0 0 0 0 0 0 
3.9714272 3.03642631 0.122055814 0.0191038717 -0.286611766 0.957856357 24 0.99515605 25 0.0048439214 0 0 0 0 0 0 0 0 
3.95135593 3.19236779 0.169002861 0.0191038717 -0.286611766 0.957856357 24 1 0 0 0 0 0 0 0 0 0 0 
3.74424171 3.17038202 0.166669473 -0.0465207323 0.340393156 0.939131737 24 1 0 0 0 0 0 0 0 0 0 0 
3.95135593 3.19236779 0.169002861 -0.0465207323 0.340393156 0.939131737 24 1 0 0 0 0 0 0 0 0 0 0 
3.94283152 3.34637403 0.112717606 -0.0465207323 0.340393156 0.939131737 24 1 0 0 0 0 0 0 0 0 0 0 
3.73327255 3.34066105 0.104450122 -0.0465207323 0.340393156 0.939131737 24 1 0 0 0 0 0 0 0 0 0 0 
3.74424171 3.17038202 0.166669473 -0.0288853068 0.341460317 0.939452231 24 1 0 0 0 0 0 0 0 0 0 0 
3.73327255 3.34066105 0.104450122 -0.0288853068 0.341460317 0.939452231 24 1 0 0 0 0 0 0 0 0 0 0 
3.49656105 3.33751607 0.0983061939 -0.0288853068 0.341460317 0.939452231 24 0.993917584 23 0.00608239835 0 0 0 0 0 0 0 0 
3.50799417 3.1452105 0.168563485 -0.0288853068 0.341460317 0.939452231 24 0.997792661 23 0.00220736233 0 0 0 0 0 0 0 0 
3.74424171 3.17038202 0.166669473 0.0379565358 -0.284704745 0.95786351 24 1 0 0 0 0 0 0 0 0 0 0 
3.50799417 3.1452105 0.168563485 0.0379565358 -0.284704745 0.95786351 24 0.997792661 23 0.00220736233 0 0 0 0 0 0 0 0 
3.53270912 2.95071125 0.109759122 0.0379565358 -0.284704745 0.95786351 24 1 0 0 0 0 0 0 0 0 0 0 
3.76819301 2.99836206 0.1146053 0.0379565358 -0.284704745 0.95786351 24 1 0 0 0 0 0 0 0 0 0 0 
3.747051 3.39415145 -0.068528451 -0.0382227637 0.95531255 0.293116003 24 1 0 0 0 0 0 0 0 0 0 0 
3.73327255 3.34066105 0.104450122 -0.0382227637 0.95531255 0.293116003 24 1 0 0 0 0 0 0 0 0 0 0 
3.94283152 3.34637403 0.112717606 -0.0382227637 0.95531255 0.293116003 24 1 0 0 0 0 0 0 0 0 0 0 
3.95537686 3.3949945 -0.0436667092 -0.0382227637 0.95531255 0.293116003 24 1 0 0 0 0 0 0 0 0 0 0 
3.747051 3.39415145 -0.068528451 0.0349133797 0.942356884 -0.332783222 24 1 0 0 0 0 0 0 0 0 0 0 
3.95537686 3.3949945 -0.0436667092 0.0349133797 0.942356884 -0.332783222 24 1 0 0 0 0 0 0 0 0 0 0 
3.97750258 3.34030628 -0.196826935 0.0349133797 0.942356884 -0.332783222 24 1 0 0 0 0 0 0 0 0 0 0 
3.77238941 3.33338237 -0.237334222 0.0349133797 0.942356884 -0.332783222 24 1 0 0 0 0 0 0 0 0 0 0 
3.747051 3.39415145 -0.068528451 0.0548012517 0.941989779 -0.331137389 24 1 0 0 0 0 0 0 0 0 0 0 
3.77238941 3.33338237 -0.237334222 0.0548012517 0.941989779 -0.331137389 24 1 0 0 0 0 0 0 0 0 0 0 
3.53651071 3.32924914 -0.288000703 0.0548012517 0.941989779 -0.331137389 24 1 0 0 0 0 0 0 0 0 0 0 
3.51054382 3.39791942 -0.0970795006 0.0548012517 0.941989779 -0.331137389 24 1 0 0 0 0 0 0 0 0 0 0 
3.747051 3.39415145 -0.068528451 -0.0202936046 0.955610275 0.293933749 24 1 0 0 0 0 0 0 0 0 0 0 
3.51054382 3.39791942 -0.0970795006 -0.0202936046 0.955610275 0.293933749 24 1 0 0 0 0 0 0 0 0 0 0 
3.49656105 3.33751607 0.0983061939 -0.0202936046 0.955610275 0.293933749 24 0.993917584 23 0.00608239835 0 0 0 0 0 0 0 0 
3.73327255 3.34066105 0.104450122 -0.0202936046 0.955610275 0.293933749 24 1 0 0 0 0 0 0 0 0 0 0 
3.79628658 3.1615231 -0.28844741 0.174304545 0.303396165 -0.936786354 24 1 0 0 0 0 0 0 0 0 0 0 
3.77238941 3.33338237 -0.237334222 0.174304545 0.303396165 -0.936786354 24 1 0 0 0 0 0 0 0 0 0 0 
3.97750258 3.34030628 -0.196826935 0.174304545 0.303396165 -0.936786354 24 1 0 0 0 0 0 0 0 0 0 0 
3.99767613 3.18440247 -0.243666008 0.174304545 0.303396165 -0.936786354 24 0.990697861 25 0.00930213183 0 0 0 0 0 0 0 0 
3.79628658 3.1615231 -0.28844741 0.240329057 -0.321388185 -0.915942967 24 1 0 0 0 0 0 0 0 0 0 0 
3.99767613 3.18440247 -0.243666008 0.240329057 -0.321388185 -0.915942967 24 0.990697861 25 0.00930213183 0 0 0 0 0 0 0 0 
4.00624514 3.03051043 -0.187387645 0.240329057 -0.321388185 -0.915942967 24 0.983377159 25 0.0166228153 0 0 0 0 0 0 0 0 
3.80714703 2.99232674 -0.226261944 0.240329057 -0.321388185 -0.915942967 24 1 0 0 0 0 0 0 0 0 0 0 
3.79628658 3.1615231 -0.28844741 0.259011984 -0.318857521 -0.911725104 24 1 0 0 0 0 0 0 0 0 0 0 
3.80714703 2.99232674 -0.226261944 0.259011984 -0.318857521 -0.911725104 24 1 0 0 0 0 0 0 0 0 0 0 
3.57246709 2.94348907 -0.275779247 0.259011984 -0.318857521 -0.911725104 24 1 0 0 0 0 0 0 0 0 0 0 
3.56113338 3.13488007 -0.346007049 0.259011984 -0.318857521 -0.911725104 24 1 0 0 0 0 0 0 0 0 0 0 
3.79628658 3.1615231 -0.28844741 0.194464624 0.303672045 -0.932720125 24 1 0 0 0 0 0 0 0 0 0 0 
3.56113338 3.13488007 -0.346007049 0.194464624 0.303672045 -0.932720125 24 1 0 0 0 0 0 0 0 0 0 0 
3.53651071 3.32924914 -0.288000703 0.194464624 0.303672045 -0.932720125 24 1 0 0 0 0 0 0 0 0 0 0 
3.77238941 3.33338237 -0.237334222 0.194464624 0.303672045 -0.932720125 24 1 0 0 0 0 0 0 0 0 0 0 
3.27453065 2.8235333 -0.113760322 0.22572948 -0.934123218 -0.276513845 24 0.896578014 23 0.103422008 0 0 0 0 0 0 0 0 
3.28406239 2.89018226 -0.330141932 0.22572948 -0.934123218 -0.276513845 24 0.903804839 23 0.0961951688 0 0 0 0 0 0 0 0 
3.57246709 2.94348907 -0.275779247 0.22572948 -0.934123218 -0.276513845 24 1 0 0 0 0 0 0 0 0 0 0 
3.55861473 2.88286686 -0.08130081 0.22572948 -0.934123218 -0.276513845 24 1 0 0 0 0 0 0 0 0 0 0 
3.27453065 2.8235333 -0.113760322 0.154609501 -0.924804389 0.347610295 24 0.896578014 23 0.103422008 0 0 0 0 0 0 0 0 
3.55861473 2.88286686 -0.08130081 0.154609501 -0.924804389 0.347610295 24 1 0 0 0 0 0 0 0 0 0 0 
3.53270912 2.95071125 0.109759122 0.154609501 -0.924804389 0.347610295 24 1 0 0 0 0 0 0 0 0 0 0 
3.2558136 2.89983463 0.0985213816 0.154609501 -0.924804389 0.347610295 24 0.857315123 23 0.142684877 0 0 0 0 0 0 0 0 
3.27453065 2.8235333 -0.113760322 0.0469487943 -0.938023269 0.343377739 24 0.896578014 23 0.103422008 0 0 0 0 0 0 0 0 
3.2558136 2.89983463 0.0985213816 0.0469487943 -0.938023269 0.343377739 24 0.857315123 23 0.142684877 0 0 0 0 0 0 0 0 
2.97880149 2.87886548 0.0778280869 0.0469487943 -0.938023269 0.343377739 23 0.769556761 24 0.230443224 0 0 0 0 0 0 0 0 
2.98633051 2.8008182 -0.135120735 0.0469487943 -0.938023269 0.343377739 23 0.540312111 24 0.459687889 0 0 0 0 0 0 0 0 
3.27453065 2.8235333 -0.113760322 0.0970414653 -0.952593386 -0.288355172 24 0.896578014 23 0.103422008 0 0 0 0 0 0 0 0 
2.98633051 2.8008182 -0.135120735 0.0970414653 -0.952593386 -0.288355172 23 0.540312111 24 0.459687889 0 0 0 0 0 0 0 0 
2.9892776 2.86697268 -0.353261471 0.0970414653 -0.952593386 -0.288355172 23 0.51288873 24 0.4871113 0 0 0 0 0 0 0 0 
3.28406239 2.89018226 -0.330141932 0.0970414653 -0.952593386 -0.288355172 24 0.903804839 23 0.0961951688 0 0 0 0 0 0 0 0 
3.23732781 3.11586809 0.163815439 0.0142305661 -0.287952989 0.957538843 24 0.849692941 23 0.150307029 0 0 0 0 0 0 0 0 
3.2558136 2.89983463 0.0985213816 0.0142305661 -0.287952989 0.957538843 24 0.857315123 23 0.142684877 0 0 0 0 0 0 0 0 
3.53270912 2.95071125 0.109759122 0.0142305661 -0.287952989 0.957538843 24 1 0 0 0 0 0 0 0 0 0 0 
3.50799417 3.1452105 0.168563485 0.0142305661 -0.287952989 0.957538843 24 0.997792661 23 0.00220736233 0 0 0 0 0 0 0 0 
3.23732781 3.11586809 0.163815439 -0.053402558 0.33996135 0.938921988 24 0.849692941 23 0.150307029 0 0 0 0 0 0 0 0 
3.50799417 3.1452105 0.168563485 -0.053402558 0.33996135 0.938921988 24 0.997792661 23 0.00220736233 0 0 0 0 0 0 0 0 
3.49656105 3.33751607 0.0983061939 -0.053402558 0.33996135 0.938921988 24 0.993917584 23 0.00608239835 0 0 0 0 0 0 0 0 
3.22825813 3.32868409 0.0862217695 -0.053402558 0.33996135 0.938921988 24 0.842695832 23 0.157304138 0 0 0 0 0 0 0 0 
3.23732781 3.11586809 0.163815439 -0.101139858 0.338160217 0.935638011 24 0.849692941 23 0.150307029 0 0 0 0 0 0 0 0 
3.22825813 3.32868409 0.0862217695 -0.101139858 0.338160217 0.935638011 24 0.842695832 23 0.157304138 0 0 0 0 0 0 0 0 
2.96511173 3.30763268 0.0650817826 -0.101139858 0.338160217 0.935638011 23 0.799315989 24 0.200684026 0 0 0 0 0 0 0 0 
2.97019958 3.09556103 0.142582178 -0.101139858 0.338160217 0.935638011 23 0.807437122 24 0.192562908 0 0 0 0 0 0 0 0 
3.23732781 3.11586809 0.163815439 -0.0515956208 -0.290391594 0.955515981 24 0.849692941 23 0.150307029 0 0 0 0 0 0 0 0 
2.97019958 3.09556103 0.142582178 -0.0515956208 -0.290391594 0.955515981 23 0.807437122 24 0.192562908 0 0 0 0 0 0 0 0 
2.97880149 2.87886548 0.0778280869 -0.0515956208 -0.290391594 0.955515981 23 0.769556761 24 0.230443224 0 0 0 0 0 0 0 0 
3.2558136 2.89983463 0.0985213816 -0.0515956208 -0.290391594 0.955515981 24 0.857315123 23 0.142684877 0 0 0 0 0 0 0 0 
3.23778987 3.39533305 -0.13015981 -0.0445533693 0.955312431 0.29222098 24 0.859933197 23 0.140066788 0 0 0 0 0 0 0 0 
3.22825813 3.32868409 0.0862217695 -0.0445533693 0.955312431 0.29222098 24 0.842695832 23 0.157304138 0 0 0 0 0 0 0 0 
3.49656105 3.33751607 0.0983061939 -0.0445533693 0.955312431 0.29222098 24 0.993917584 23 0.00608239835 0 0 0 0 0 0 0 0 
3.51054382 3.39791942 -0.0970795006 -0.0445533693 0.955312431 0.29222098 24 1 0 0 0 0 0 0 0 0 0 0 
3.23778987 3.39533305 -0.13015981 0.0312481038 0.941660643 -0.335110188 24 0.859933197 23 0.140066788 0 0 0 0 0 0 0 0 
3.51054382 3.39791942 -0.0970795006 0.0312481038 0.941660643 -0.335110188 24 1 0 0 0 0 0 0 0 0 0 0 
3.53651071 3.32924914 -0.288000703 0.0312481038 0.941660643 -0.335110188 24 1 0 0 0 0 0 0 0 0 0 0 
3.25650668 3.31903195 -0.342441529 0.0312481038 0.941660643 -0.335110188 24 0.889978945 23 0.11002104 0 0 0 0 0 0 0 0 
3.23778987 3.39533305 -0.13015981 -0.0449559428 0.93978107 -0.338807404 24 0.859933197 23 0.140066788 0 0 0 0 0 0 0 0 
3.25650668 3.31903195 -0.342441529 -0.0449559428 0.93978107 -0.338807404 24 0.889978945 23 0.11002104 0 0 0 0 0 0 0 0 
2.97555447 3.298491 -0.363984495 -0.0449559428 0.93978107 -0.338807404 23 0.544008017 24 0.455991983 0 0 0 0 0 0 0 0 
2.96804523 3.37436843 -0.150674671 -0.0449559428 0.93978107 -0.338807404 23 0.767784476 24 0.232215539 0 0 0 0 0 0 0 0 
3.23778987 3.39533305 -0.13015981 -0.0977824107 0.95173049 0.290942729 24 0.859933197 23 0.140066788 0 0 0 0 0 0 0 0 
2.96804523 3.37436843 -0.150674671 -0.0977824107 0.95173049 0.290942729 23 0.767784476 24 0.232215539 0 0 0 0 0 0 0 0 
2.96511173 3.30763268 0.0650817826 -0.0977824107 0.95173049 0.290942729 23 0.799315989 24 0.200684026 0 0 0 0 0 0 0 0 
3.22825813 3.32868409 0.0862217695 -0.0977824107 0.95173049 0.290942729 24 0.842695832 23 0.157304138 0 0 0 0 0 0 0 0 
3.2749927 3.1029985 -0.407735646 0.170304149 0.299894333 -0.938647866 24 0.906986892 23 0.0930131301 0 0 0 0 0 0 0 0 
3.25650668 3.31903195 -0.342441529 0.170304149 0.299894333 -0.938647866 24 0.889978945 23 0.11002104 0 0 0 0 0 0 0 0 
3.53651071 3.32924914 -0.288000703 0.170304149 0.299894333 -0.938647866 24 1 0 0 0 0 0 0 0 0 0 0 
3.56113338 3.13488007 -0.346007049 0.170304149 0.299894333 -0.938647866 24 1 0 0 0 0 0 0 0 0 0 0 
3.2749927 3.1029985 -0.407735646 0.233263701 -0.323578209 -0.916997969 24 0.906986892 23 0.0930131301 0 0 0 0 0 0 0 0 
3.56113338 3.13488007 -0.346007049 0.233263701 -0.323578209 -0.916997969 24 1 0 0 0 0 0 0 0 0 0 0 
3.57246709 2.94348907 -0.275779247 0.233263701 -0.323578209 -0.916997969 24 1 0 0 0 0 0 0 0 0 0 0 
3.28406239 2.89018226 -0.330141932 0.233263701 -0.323578209 -0.916997969 24 0.903804839 23 0.0961951688 0 0 0 0 0 0 0 0 
3.2749927 3.1029985 -0.407735646 0.0996331796 -0.336709738 -0.93632257 24 0.906986892 23 0.0930131301 0 0 0 0 0 0 0 0 
3.28406239 2.89018226 -0.330141932 0.0996331796 -0.336709738 -0.93632257 24 0.903804839 23 0.0961951688 0 0 0 0 0 0 0 0 
2.9892776 2.86697268 -0.353261471 0.0996331796 -0.336709738 -0.93632257 23 0.51288873 24 0.4871113 0 0 0 0 0 0 0 0 
2.9841516 3.08144522 -0.430834979 0.0996331796 -0.336709738 -0.93632257 23 0.513539553 24 0.486460418 0 0 0 0 0 0 0 0 
3.2749927 3.1029985 -0.407735646 0.0528215393 0.294457406 -0.954203784 24 0.906986892 23 0.0930131301 0 0 0 0 0 0 0 0 
2.9841516 3.08144522 -0.430834979 0.0528215393 0.294457406 -0.954203784 23 0.513539553 24 0.486460418 0 0 0 0 0 0 0 0 
2.97555447 3.298491 -0.363984495 0.0528215393 0.294457406 -0.954203784 23 0.544008017 24 0.455991983 0 0 0 0 0 0 0 0 
3.25650668 3.31903195 -0.342441529 0.0528215393 0.294457406 -0.954203784 24 0.889978945 23 0.11002104 0 0 0 0 0 0 0 0 
-0.263748974 -0.740085959 0.0346781947 0.95354414 -0.244781718 0.175600499 59 0.814703822 58 0.122434527 12 0.0628616586 0 0 0 0 0 0 
-0.321251005 -0.679377437 0.511350453 0.95354414 -0.244781718 0.175600499 59 0.755659699 58 0.127469525 12 0.0916671157 13 0.0252036452 0 0 0 0 
-0.440496147 -1.09354877 0.501732528 0.95354414 -0.244781718 0.175600499 59 0.987604916 58 0.012395055 0 0 0 0 0 0 0 0 
-0.35933426 -1.14249539 0.0725774467 0.95354414 -0.244781718 0.175600499 59 0.999480307 58 0.000519664434 0 0 0 0 0 0 0 0 
-0.263748974 -0.740085959 0.0346781947 0.92206037 -0.219798729 -0.318579882 59 0.814703822 58 0.122434527 12 0.0628616586 0 0 0 0 0 0 
-0.35933426 -1.14249539 0.0725774467 0.92206037 -0.219798729 -0.318579882 59 0.999480307 58 0.000519664434 0 0 0 0 0 0 0 0 
-0.496588349 -1.15981793 -0.349638104 0.92206037 -0.219798729 -0.318579882 59 0.991581321 58 0.00841870625 0 0 0 0 0 0 0 0 
-0.438373804 -0.735424161 -0.43703723 0.92206037 -0.219798729 -0.318579882 59 0.845274746 58 0.133023873 12 0.0217013638 0 0 0 0 0 0 
-0.263748974 -0.740085959 0.0346781947 0.85034436 -0.403247058 -0.338092387 59 0.814703822 58 0.122434527 12 0.0628616586 0 0 0 0 0 0 
-0.438373804 -0.735424161 -0.43703723 0.85034436 -0.403247058 -0.338092387 59 0.845274746 58 0.133023873 12 0.0217013638 0 0 0 0 0 0 
-0.333681881 -0.248302877 -0.727767587 0.85034436 -0.403247058 -0.338092387 58 0.594185114 59 0.244105726 12 0.145141423 13 0.0165677406 0 0 0 0 
-0.142787069 -0.434014499 -0.0530950427 0.85034436 -0.403247058 -0.338092387 58 0.429350942 59 0.29636234 12 0.198606208 13 0.0756805167 0 0 0 0 
-0.263748974 -0.740085959 0.0346781947 0.817937016 -0.575244248 0.00855471659 59 0.814703822 58 0.122434527 12 0.0628616586 0 0 0 0 0 0 
-0.142787069 -0.434014499 -0.0530950427 0.817937016 -0.575244248 0.00855471659 58 0.429350942 59 0.29636234 12 0.198606208 13 0.0756805167 0 0 0 0 
0 -0.3573623 0.552464306 0.817937016 -0.575244248 0.00855471659 58 0.348119467 12 0.348119289 59 0.151880652 13 0.151880577 0 0 0 0 
-0.321251005 -0.679377437 0.511350453 0.817937016 -0.575244248 0.00855471659 59 0.755659699 58 0.127469525 12 0.0916671157 13 0.0252036452 0 0 0 0 
-0.783969522 -0.6467098 -0.587666631 0.336673021 -0.234489277 -0.911957204 59 0.880540788 58 0.119459219 0 0 0 0 0 0 0 0 
-0.438373804 -0.735424161 -0.43703723 0.336673021 -0.234489277 -0.911957204 59 0.845274746 58 0.133023873 12 0.0217013638 0 0 0 0 0 0 
-0.496588349 -1.15981793 -0.349638104 0.336673021 -0.234489277 -0.911957204 59 0.991581321 58 0.00841870625 0 0 0 0 0 0 0 0 
-0.828032374 -1.1234268 -0.481123865 0.336673021 -0.234489277 -0.911957204 59 0.998336077 58 0.00166393118 0 0 0 0 0 0 0 0 
-0.783969522 -0.6467098 -0.587666631 -0.472277373 -0.133228451 -0.871323287 59 0.880540788 58 0.119459219 0 0 0 0 0 0 0 0 
-0.828032374 -1.1234268 -0.481123865 -0.472277373 -0.133228451 -0.871323287 59 0.998336077 58 0.00166393118 0 0 0 0 0 0 0 0 
-1.14354336 -1.06494594 -0.328819424 -0.472277373 -0.133228451 -0.871323287 59 1 0 0 0 0 0 0 0 0 0 0 
-1.10158193 -0.539313197 -0.422166675 -0.472277373 -0.133228451 -0.871323287 59 0.905472994 58 0.0945270061 0 0 0 0 0 0 0 0 
-0.783969522 -0.6467098 -0.587666631 -0.521067321 -0.0664504543 -0.850924909 59 0.880540788 58 0.119459219 0 0 0 0 0 0 0 0 
-1.10158193 -0.539313197 -0.422166675 -0.521067321 -0.0664504543 -0.850924909 59 0.905472994 58 0.0945270061 0 0 0 0 0 0 0 0 
-1.02128816 0.0673491806 -0.498105973 -0.521067321 -0.0664504543 -0.850924909 58 0.510115743 59 0.489884257 0 0 0 0 0 0 0 0 
-0.745267808 -0.120495752 -0.673063397 -0.521067321 -0.0664504543 -0.850924909 58 0.504749358 59 0.482060641 12 0.0131899929 0 0 0 0 0 0 
-0.783969522 -0.6467098 -0.587666631 0.0184930284 -0.350219131 -0.936485231 59 0.880540788 58 0.119459219 0 0 0 0 0 0 0 0 
-0.745267808 -0.120495752 -0.673063397 0.0184930284 -0.350219131 -0.936485231 58 0.504749358 59 0.482060641 12 0.0131899929 0 0 0 0 0 0 
-0.333681881 -0.248302877 -0.727767587 0.0184930284 -0.350219131 -0.936485231 58 0.594185114 59 0.244105726 12 0.145141423 13 0.0165677406 0 0 0 0 
-0.438373804 -0.735424161 -0.43703723 0.0184930284 -0.350219131 -0.936485231 59 0.845274746 58 0.133023873 12 0.0217013638 0 0 0 0 0 0 
-1.19225633 -0.478604645 0.0545056239 -0.978404462 0.0498565249 -0.200596929 59 0.937492251 58 0.0625077263 0 0 0 0 0 0 0 0 
-1.10158193 -0.539313197 -0.422166675 -0.978404462 0.0498565249 -0.200596929 59 0.905472994 58 0.0945270061 0 0 0 0 0 0 0 0 
-1.14354336 -1.06494594 -0.328819424 -0.978404462 0.0498565249 -0.200596929 59 1 0 0 0 0 0 0 0 0 0 0 
-1.23299837 -1.01599944 0.100335695 -0.978404462 0.0498565249 -0.200596929 59 1 0 0 0 0 0 0 0 0 0 0 
-1.19225633 -0.478604645 0.0545056239 -0.953070641 0.0965634286 0.286935449 59 0.937492251 58 0.0625077263 0 0 0 0 0 0 0 0 
-1.23299837 -1.01599944 0.100335695 -0.953070641 0.0965634286 0.286935449 59 1 0 0 0 0 0 0 0 0 0 0 
-1.1040374 -0.998676896 0.522551179 -0.953070641 0.0965634286 0.286935449 59 1 0 0 0 0 0 0 0 0 0 0 
-1.05080402 -0.483266354 0.526221037 -0.953070641 0.0965634286 0.286935449 59 0.882866621 58 0.117133349 0 0 0 0 0 0 0 0 
-1.19225633 -0.478604645 0.0545056239 -0.920024753 0.199712217 0.337149262 59 0.937492251 58 0.0625077263 0 0 0 0 0 0 0 0 
-1.05080402 -0.483266354 0.526221037 -0.920024753 0.199712217 0.337149262 59 0.882866621 58 0.117133349 0 0 0 0 0 0 0 0 
-0.863580108 0.127871856 0.592158854 -0.920024753 0.199712217 0.337149262 58 0.709425926 59 0.181238338 17 0.084060207 12 0.0252755377 0 0 0 0 
-1.10074198 0.147367641 0.0163893122 -0.920024753 0.199712217 0.337149262 59 0.490715891 58 0.487966835 17 0.0213172715 0 0 0 0 0 0 
-1.19225633 -0.478604645 0.0545056239 -0.975638926 0.118929565 -0.184348643 59 0.937492251 58 0.0625077263 0 0 0 0 0 0 0 0 
-1.10074198 0.147367641 0.0163893122 -0.975638926 0.118929565 -0.184348643 59 0.490715891 58 0.487966835 17 0.0213172715 0 0 0 0 0 0 
-1.02128816 0.0673491806 -0.498105973 -0.975638926 0.118929565 -0.184348643 58 0.510115743 59 0.489884257 0 0 0 0 0 0 0 0 
-1.10158193 -0.539313197 -0.422166675 -0.975638926 0.118929565 -0.184348643 59 0.905472994 58 0.0945270061 0 0 0 0 0 0 0 0 
-0.672035754 -0.571980774 0.676850379 -0.361033797 0.0284560602 0.932118535 59 0.82854116 58 0.150993332 12 0.0204655062 0 0 0 0 0 0 
-1.05080402 -0.483266354 0.526221037 -0.361033797 0.0284560602 0.932118535 59 0.882866621 58 0.117133349 0 0 0 0 0 0 0 0 
-1.1040374 -0.998676896 0.522551179 -0.361033797 0.0284560602 0.932118535 59 1 0 0 0 0 0 0 0 0 0 0 
-0.764300287 -1.03506804 0.654036999 -0.361033797 0.0284560602 0.932118535 59 0.986091733 58 0.0139082624 0 0 0 0 0 0 0 0 
-0.672035754 -0.571980774 0.676850379 0.396437436 -0.129184231 0.908927321 59 0.82854116 58 0.150993332 12 0.0204655062 0 0 0 0 0 0 
-0.764300287 -1.03506804 0.654036999 0.396437436 -0.129184231 0.908927321 59 0.986091733 58 0.0139082624 0 0 0 0 0 0 0 0 
-0.440496147 -1.09354877 0.501732528 0.396437436 -0.129184231 0.908927321 59 0.987604916 58 0.012395055 0 0 0 0 0 0 0 0 
-0.321251005 -0.679377437 0.511350453 0.396437436 -0.129184231 0.908927321 59 0.755659699 58 0.127469525 12 0.0916671157 13 0.0252036452 0 0 0 0 
-0.672035754 -0.571980774 0.676850379 0.260007203 -0.278268248 0.924642205 59 0.82854116 58 0.150993332 12 0.0204655062 0 0 0 0 0 0 
-0.321251005 -0.679377437 0.511350453 0.260007203 -0.278268248 0.924642205 59 0.755659699 58 0.127469525 12 0.0916671157 13 0.0252036452 0 0 0 0 
0 -0.3573623 0.552464306 0.260007203 -0.278268248 0.924642205 58 0.348119467 12 0.348119289 59 0.151880652 13 0.151880577 0 0 0 0 
-0.448694706 -0.186153322 0.69562155 0.260007203 -0.278268248 0.924642205 58 0.567087471 59 0.255161881 12 0.143418774 13 0.017988164 17 0.0163437035 0 0 
-0.672035754 -0.571980774 0.676850379 -0.287570119 0.0371087715 0.957040429 59 0.82854116 58 0.150993332 12 0.0204655062 0 0 0 0 0 0 
-0.448694706 -0.186153322 0.69562155 -0.287570119 0.0371087715 0.957040429 58 0.567087471 59 0.255161881 12 0.143418774 13 0.017988164 17 0.0163437035 0 0 
-0.863580108 0.127871856 0.592158854 -0.287570119 0.0371087715 0.957040429 58 0.709425926 59 0.181238338 17 0.084060207 12 0.0252755377 0 0 0 0 
-1.05080402 -0.483266354 0.526221037 -0.287570119 0.0371087715 0.957040429 59 0.882866621 58 0.117133349 0 0 0 0 0 0 0 0 
-0.425991327 -1.52757251 0.108077243 0.963851333 -0.120141253 0.237816826 59 1 0 0 0 0 0 0 0 0 0 0 
-0.513265312 -1.48500562 0.49562782 0.963851333 -0.120141253 0.237816826 59 1 0 0 0 0 0 0 0 0 0 0 
-0.561781168 -1.85804749 0.491471201 0.963851333 -0.120141253 0.237816826 59 1 0 0 0 0 0 0 0 0 0 0 
-0.47685498 -1.89386535 0.141510487 0.963851333 -0.120141253 0.237816826 59 1 0 0 0 0 0 0 0 0 0 0 
-0.425991327 -1.52757251 0.108077243 0.940293014 -0.166210622 -0.297023624 59 1 0 0 0 0 0 0 0 0 0 0 
-0.47685498 -1.89386535 0.141510487 0.940293014 -0.166210622 -0.297023624 59 1 0 0 0 0 0 0 0 0 0 0 
-0.591555715 -1.91129398 -0.201327428 0.940293014 -0.166210622 -0.297023624 59 1 0 0 0 0 0 0 0 0 0 0 
-0.546773732 -1.55031586 -0.272078604 0.940293014 -0.166210622 -0.297023624 59 1 0 0 0 0 0 0 0 0 0 0 
-0.425991327 -1.52757251 0.108077243 0.93836695 -0.184018657 -0.29258281 59 1 0 0 0 0 0 0 0 0 0 0 
-0.546773732 -1.55031586 -0.272078604 0.93836695 -0.184018657 -0.29258281 59 1 0 0 0 0 0 0 0 0 0 0 
-0.496588349 -1.15981793 -0.349638104 0.93836695 -0.184018657 -0.29258281 59 0.991581321 58 0.00841870625 0 0 0 0 0 0 0 0 
-0.35933426 -1.14249539 0.0725774467 0.93836695 -0.184018657 -0.29258281 59 0.999480307 58 0.000519664434 0 0 0 0 0 0 0 0 
-0.425991327 -1.52757251 0.108077243 0.962227046 -0.164557263 0.216887057 59 1 0 0 0 0 0 0 0 0 0 0 
-0.35933426 -1.14249539 0.0725774467 0.962227046 -0.164557263 0.216887057 59 0.999480307 58 0.000519664434 0 0 0 0 0 0 0 0 
-0.440496147 -1.09354877 0.501732528 0.962227046 -0.164557263 0.216887057 59 0.987604916 58 0.012395055 0 0 0 0 0 0 0 0 
-0.513265312 -1.48500562 0.49562782 0.962227046 -0.164557263 0.216887057 59 1 0 0 0 0 0 0 0 0 0 0 
-0.864443064 -1.53146553 -0.388937622 0.314391047 -0.22914885 -0.921221554 59 1 0 0 0 0 0 0 0 0 0 0 
-0.546773732 -1.55031586 -0.272078604 0.314391047 -0.22914885 -0.921221554 59 1 0 0 0 0 0 0 0 0 0 0 
-0.591555715 -1.91129398 -0.201327428 0.314391047 -0.22914885 -0.921221554 59 1 0 0 0 0 0 0 0 0 0 0 
-0.895958543 -1.89258432 -0.306109667 0.314391047 -0.22914885 -0.921221554 59 1 0 0 0 0 0 0 0 0 0 0 
-0.864443064 -1.53146553 -0.388937622 -0.415580302 -0.159148023 -0.895524979 59 1 0 0 0 0 0 0 0 0 0 0 
-0.895958543 -1.89258432 -0.306109667 -0.415580302 -0.159148023 -0.895524979 59 1 0 0 0 0 0 0 0 0 0 0 
-1.19043648 -1.85612607 -0.179958999 -0.415580302 -0.159148023 -0.895524979 59 1 0 0 0 0 0 0 0 0 0 0 
-1.1709429 -1.4908452 -0.2498945 -0.415580302 -0.159148023 -0.895524979 59 1 0 0 0 0 0 0 0 0 0 0 
-0.864443064 -1.53146553 -0.388937622 -0.438758165 -0.148280039 -0.886286795 59 1 0 0 0 0 0 0 0 0 0 0 
-1.1709429 -1.4908452 -0.2498945 -0.438758165 -0.148280039 -0.886286795 59 1 0 0 0 0 0 0 0 0 0 0 
-1.14354336 -1.06494594 -0.328819424 -0.438758165 -0.148280039 -0.886286795 59 1 0 0 0 0 0 0 0 0 0 0 
-0.828032374 -1.1234268 -0.481123865 -0.438758165 -0.148280039 -0.886286795 59 0.998336077 58 0.00166393118 0 0 0 0 0 0 0 0 
-0.864443064 -1.53146553 -0.388937622 0.33055225 -0.230398193 -0.915233195 59 1 0 0 0 0 0 0 0 0 0 0 
-0.828032374 -1.1234268 -0.481123865 0.33055225 -0.230398193 -0.915233195 59 0.998336077 58 0.00166393118 0 0 0 0 0 0 0 0 
-0.496588349 -1.15981793 -0.349638104 0.33055225 -0.230398193 -0.915233195 59 0.991581321 58 0.00841870625 0 0 0 0 0 0 0 0 
-0.546773732 -1.55031586 -0.272078604 0.33055225 -0.230398193 -0.915233195 59 1 0 0 0 0 0 0 0 0 0 0 
-1.25821698 -1.44827819 0.137656063 -0.973281741 0.0165961105 -0.229013786 59 1 0 0 0 0 0 0 0 0 0 0 
-1.1709429 -1.4908452 -0.2498945 -0.973281741 0.0165961105 -0.229013786 59 1 0 0 0 0 0 0 0 0 0 0 
-1.19043648 -1.85612607 -0.179958999 -0.973281741 0.0165961105 -0.229013786 59 1 0 0 0 0 0 0 0 0 0 0 
-1.27536261 -1.82030821 0.170001745 -0.973281741 0.0165961105 -0.229013786 59 1 0 0 0 0 0 0 0 0 0 0 
-1.25821698 -1.44827819 0.137656063 -0.950011492 0.0623968318 0.305916339 59 1 0 0 0 0 0 0 0 0 0 0 
-1.27536261 -1.82030821 0.170001745 -0.950011492 0.0623968318 0.305916339 59 1 0 0 0 0 0 0 0 0 0 0 
-1.16066194 -1.80287957 0.512936771 -0.950011492 0.0623968318 0.305916339 59 1 0 0 0 0 0 0 0 0 0 0 
-1.13743448 -1.42553484 0.517811894 -0.950011492 0.0623968318 0.305916339 59 1 0 0 0 0 0 0 0 0 0 0 
-1.25821698 -1.44827819 0.137656063 -0.953118503 0.0761339217 0.292862922 59 1 0 0 0 0 0 0 0 0 0 0 
-1.13743448 -1.42553484 0.517811894 -0.953118503 0.0761339217 0.292862922 59 1 0 0 0 0 0 0 0 0 0 0 
-1.1040374 -0.998676896 0.522551179 -0.953118503 0.0761339217 0.292862922 59 1 0 0 0 0 0 0 0 0 0 0 
-1.23299837 -1.01599944 0.100335695 -0.953118503 0.0761339217 0.292862922 59 1 0 0 0 0 0 0 0 0 0 0 
-1.25821698 -1.44827819 0.137656063 -0.976197302 0.0307733081 -0.214690298 59 1 0 0 0 0 0 0 0 0 0 0 
-1.23299837 -1.01599944 0.100335695 -0.976197302 0.0307733081 -0.214690298 59 1 0 0 0 0 0 0 0 0 0 0 
-1.14354336 -1.06494594 -0.328819424 -0.976197302 0.0307733081 -0.214690298 59 1 0 0 0 0 0 0 0 0 0 0 
-1.1709429 -1.4908452 -0.2498945 -0.976197302 0.0307733081 -0.214690298 59 1 0 0 0 0 0 0 0 0 0 0 
-0.819765151 -1.44438517 0.634670913 -0.335636646 -0.000711441156 0.94199121 59 1 0 0 0 0 0 0 0 0 0 0 
-1.13743448 -1.42553484 0.517811894 -0.335636646 -0.000711441156 0.94199121 59 1 0 0 0 0 0 0 0 0 0 0 
-1.16066194 -1.80287957 0.512936771 -0.335636646 -0.000711441156 0.94199121 59 1 0 0 0 0 0 0 0 0 0 0 
-0.856259108 -1.82158911 0.617697001 -0.335636646 -0.000711441156 0.94199121 59 1 0 0 0 0 0 0 0 0 0 0 
-0.819765151 -1.44438517 0.634670913 0.395211279 -0.0705766007 0.915874958 59 1 0 0 0 0 0 0 0 0 0 0 
-0.856259108 -1.82158911 0.617697001 0.395211279 -0.0705766007 0.915874958 59 1 0 0 0 0 0 0 0 0 0 0 
-0.561781168 -1.85804749 0.491471201 0.395211279 -0.0705766007 0.915874958 59 1 0 0 0 0 0 0 0 0 0 0 
-0.513265312 -1.48500562 0.49562782 0.395211279 -0.0705766007 0.915874958 59 1 0 0 0 0 0 0 0 0 0 0 
-0.819765151 -1.44438517 0.634670913 0.405528426 -0.0938616246 0.909250617 59 1 0 0 0 0 0 0 0 0 0 0 
-0.513265312 -1.48500562 0.49562782 0.405528426 -0.0938616246 0.909250617 59 1 0 0 0 0 0 0 0 0 0 0 
-0.440496147 -1.09354877 0.501732528 0.405528426 -0.0938616246 0.909250617 59 0.987604916 58 0.012395055 0 0 0 0 0 0 0 0 
-0.764300287 -1.03506804 0.654036999 0.405528426 -0.0938616246 0.909250617 59 0.986091733 58 0.0139082624 0 0 0 0 0 0 0 0 
-0.819765151 -1.44438517 0.634670913 -0.352598339 0.0104962513 0.935715914 59 1 0 0 0 0 0 0 0 0 0 0 
-0.764300287 -1.03506804 0.654036999 -0.352598339 0.0104962513 0.935715914 59 0.986091733 58 0.0139082624 0 0 0 0 0 0 0 0 
-1.1040374 -0.998676896 0.522551179 -0.352598339 0.0104962513 0.935715914 59 1 0 0 0 0 0 0 0 0 0 0 
-1.13743448 -1.42553484 0.517811894 -0.352598339 0.0104962513 0.935715914 59 1 0 0 0 0 0 0 0 0 0 0 
-0.525060058 -2.23992181 0.173210055 0.962819517 -0.105111569 0.24885799 59 0.952498198 60 0.0475018285 0 0 0 0 0 0 0 0 
-0.608266354 -2.21697402 0.506138027 0.962819517 -0.105111569 0.24885799 59 0.90654397 60 0.0934560373 0 0 0 0 0 0 0 0 
-0.64936769 -2.57266903 0.513606131 0.962819517 -0.105111569 0.24885799 59 0.540635645 60 0.459364384 0 0 0 0 0 0 0 0 
-0.567911386 -2.5807054 0.196375296 0.962819517 -0.105111569 0.24885799 59 0.784469783 60 0.215530246 0 0 0 0 0 0 0 0 
-0.525060058 -2.23992181 0.173210055 0.932437181 -0.144741699 -0.331075102 59 0.952498198 60 0.0475018285 0 0 0 0 0 0 0 0 
-0.567911386 -2.5807054 0.196375296 0.932437181 -0.144741699 -0.331075102 59 0.784469783 60 0.215530246 0 0 0 0 0 0 0 0 
-0.670518279 -2.57614732 -0.0894639939 0.932437181 -0.144741699 -0.331075102 59 0.813954711 60 0.186045259 0 0 0 0 0 0 0 0 
-0.63356024 -2.24712825 -0.13435325 0.932437181 -0.144741699 -0.331075102 59 0.962371826 60 0.0376281999 0 0 0 0 0 0 0 0 
-0.525060058 -2.23992181 0.173210055 0.934188783 -0.169051543 -0.314186335 59 0.952498198 60 0.0475018285 0 0 0 0 0 0 0 0 
-0.63356024 -2.24712825 -0.13435325 0.934188783 -0.169051543 -0.314186335 59 0.962371826 60 0.0376281999 0 0 0 0 0 0 0 0 
-0.591555715 -1.91129398 -0.201327428 0.934188783 -0.169051543 -0.314186335 59 1 0 0 0 0 0 0 0 0 0 0 
-0.47685498 -1.89386535 0.141510487 0.934188783 -0.169051543 -0.314186335 59 1 0 0 0 0 0 0 0 0 0 0 
-0.525060058 -2.23992181 0.173210055 0.962475955 -0.113050409 0.246697545 59 0.952498198 60 0.0475018285 0 0 0 0 0 0 0 0 
-0.47685498 -1.89386535 0.141510487 0.962475955 -0.113050409 0.246697545 59 1 0 0 0 0 0 0 0 0 0 0 
-0.561781168 -1.85804749 0.491471201 0.962475955 -0.113050409 0.246697545 59 1 0 0 0 0 0 0 0 0 0 0 
-0.608266354 -2.21697402 0.506138027 0.962475955 -0.113050409 0.246697545 59 0.90654397 60 0.0934560373 0 0 0 0 0 0 0 0 
-0.925335765 -2.22854185 -0.227641761 0.282193333 -0.168558657 -0.94443363 59 0.963934004 60 0.0360659696 0 0 0 0 0 0 0 0 
-0.63356024 -2.24712825 -0.13435325 0.282193333 -0.168558657 -0.94443363 59 0.962371826 60 0.0376281999 0 0 0 0 0 0 0 0 
-0.670518279 -2.57614732 -0.0894639939 0.282193333 -0.168558657 -0.94443363 59 0.813954711 60 0.186045259 0 0 0 0 0 0 0 0 
-0.950138152 -2.55783558 -0.173491776 0.282193333 -0.168558657 -0.94443363 59 0.815326989 60 0.184673041 0 0 0 0 0 0 0 0 
-0.925335765 -2.22854185 -0.227641761 -0.381087303 -0.12186528 -0.916472316 59 0.963934004 60 0.0360659696 0 0 0 0 0 0 0 0 
-0.950138152 -2.55783558 -0.173491776 -0.381087303 -0.12186528 -0.916472316 59 0.815326989 60 0.184673041 0 0 0 0 0 0 0 0 
-1.22270787 -2.53836441 -0.0627908707 -0.381087303 -0.12186528 -0.916472316 59 0.780567467 60 0.219432518 0 0 0 0 0 0 0 0 
-1.20867991 -2.19990444 -0.113579966 -0.381087303 -0.12186528 -0.916472316 59 0.946585238 60 0.0534147918 0 0 0 0 0 0 0 0 
-0.925335765 -2.22854185 -0.227641761 -0.394401222 -0.165005788 -0.904002607 59 0.963934004 60 0.0360659696 0 0 0 0 0 0 0 0 
-1.20867991 -2.19990444 -0.113579966 -0.394401222 -0.165005788 -0.904002607 59 0.946585238 60 0.0534147918 0 0 0 0 0 0 0 0 
-1.19043648 -1.85612607 -0.179958999 -0.394401222 -0.165005788 -0.904002607 59 1 0 0 0 0 0 0 0 0 0 0 
-0.895958543 -1.89258432 -0.306109667 -0.394401222 -0.165005788 -0.904002607 59 1 0 0 0 0 0 0 0 0 0 0 
-0.925335765 -2.22854185 -0.227641761 0.293588728 -0.231967837 -0.927360058 59 0.963934004 60 0.0360659696 0 0 0 0 0 0 0 0 
-0.895958543 -1.89258432 -0.306109667 0.293588728 -0.231967837 -0.927360058 59 1 0 0 0 0 0 0 0 0 0 0 
-0.591555715 -1.91129398 -0.201327428 0.293588728 -0.231967837 -0.927360058 59 1 0 0 0 0 0 0 0 0 0 0 
-0.63356024 -2.24712825 -0.13435325 0.293588728 -0.231967837 -0.927360058 59 0.962371826 60 0.0376281999 0 0 0 0 0 0 0 0 
-1.29188621 -2.17695665 0.218992487 -0.969257057 0.00625072047 -0.245971158 59 0.917525649 60 0.0824743211 0 0 0 0 0 0 0 0 
-1.20867991 -2.19990444 -0.113579966 -0.969257057 0.00625072047 -0.245971158 59 0.946585238 60 0.0534147918 0 0 0 0 0 0 0 0 
-1.22270787 -2.53836441 -0.0627908707 -0.969257057 0.00625072047 -0.245971158 59 0.780567467 60 0.219432518 0 0 0 0 0 0 0 0 
-1.30416417 -2.53032827 0.254281461 -0.969257057 0.00625072047 -0.245971158 59 0.531235516 60 0.468764484 0 0 0 0 0 0 0 0 
-1.29188621 -2.17695665 0.218992487 -0.944647193 0.0624183677 0.322095782 59 0.917525649 60 0.0824743211 0 0 0 0 0 0 0 0 
-1.30416417 -2.53032827 0.254281461 -0.944647193 0.0624183677 0.322095782 59 0.531235516 60 0.468764484 0 0 0 0 0 0 0 0 
-1.20155728 -2.53488636 0.553273261 -0.944647193 0.0624183677 0.322095782 59 0.509274244 60 0.490725756 0 0 0 0 0 0 0 0 
-1.18338597 -2.16975045 0.538626075 -0.944647193 0.0624183677 0.322095782 59 0.895989478 60 0.104010552 0 0 0 0 0 0 0 0 
-1.29188621 -2.17695665 0.218992487 -0.945275962 0.083823517 0.315320373 59 0.917525649 60 0.0824743211 0 0 0 0 0 0 0 0 
-1.18338597 -2.16975045 0.538626075 -0.945275962 0.083823517 0.315320373 59 0.895989478 60 0.104010552 0 0 0 0 0 0 0 0 
-1.16066194 -1.80287957 0.512936771 -0.945275962 0.083823517 0.315320373 59 1 0 0 0 0 0 0 0 0 0 0 
-1.27536261 -1.82030821 0.170001745 -0.945275962 0.083823517 0.315320373 59 1 0 0 0 0 0 0 0 0 0 0 
-1.29188621 -2.17695665 0.218992487 -0.970763683 0.00867410749 -0.239880562 59 0.917525649 60 0.0824743211 0 0 0 0 0 0 0 0 
-1.27536261 -1.82030821 0.170001745 -0.970763683 0.00867410749 -0.239880562 59 1 0 0 0 0 0 0 0 0 0 0 
-1.19043648 -1.85612607 -0.179958999 -0.970763683 0.00867410749 -0.239880562 59 1 0 0 0 0 0 0 0 0 0 0 
-1.20867991 -2.19990444 -0.113579966 -0.970763683 0.00867410749 -0.239880562 59 0.946585238 60 0.0534147918 0 0 0 0 0 0 0 0 
-0.891610503 -2.18833661 0.63180083 -0.293192834 0.0458349176 0.954953969 59 0.895984232 60 0.10401576 0 0 0 0 0 0 0 0 
-1.18338597 -2.16975045 0.538626075 -0.293192834 0.0458349176 0.954953969 59 0.895989478 60 0.104010552 0 0 0 0 0 0 0 0 
-1.20155728 -2.53488636 0.553273261 -0.293192834 0.0458349176 0.954953969 59 0.509274244 60 0.490725756 0 0 0 0 0 0 0 0 
-0.921937406 -2.5531981 0.637301087 -0.293192834 0.0458349176 0.954953969 59 0.510337651 60 0.489662349 0 0 0 0 0 0 0 0 
-0.891610503 -2.18833661 0.63180083 0.407423496 -0.0239570495 0.912925065 59 0.895984232 60 0.10401576 0 0 0 0 0 0 0 0 
-0.921937406 -2.5531981 0.637301087 0.407423496 -0.0239570495 0.912925065 59 0.510337651 60 0.489662349 0 0 0 0 0 0 0 0 
-0.64936769 -2.57266903 0.513606131 0.407423496 -0.0239570495 0.912925065 59 0.540635645 60 0.459364384 0 0 0 0 0 0 0 0 
-0.608266354 -2.21697402 0.506138027 0.407423496 -0.0239570495 0.912925065 59 0.90654397 60 0.0934560373 0 0 0 0 0 0 0 0 
-0.891610503 -2.18833661 0.63180083 0.39877823 -0.00861499459 0.917006969 59 0.895984232 60 0.10401576 0 0 0 0 0 0 0 0 
-0.608266354 -2.21697402 0.506138027 0.39877823 -0.00861499459 0.917006969 59 0.90654397 60 0.0934560373 0 0 0 0 0 0 0 0 
-0.561781168 -1.85804749 0.491471201 0.39877823 -0.00861499459 0.917006969 59 1 0 0 0 0 0 0 0 0 0 0 
-0.856259108 -1.82158911 0.617697001 0.39877823 -0.00861499459 0.917006969 59 1 0 0 0 0 0 0 0 0 0 0 
-0.891610503 -2.18833661 0.63180083 -0.309901953 0.0759396702 0.947730958 59 0.895984232 60 0.10401576 0 0 0 0 0 0 0 0 
-0.856259108 -1.82158911 0.617697001 -0.309901953 0.0759396702 0.947730958 59 1 0 0 0 0 0 0 0 0 0 0 
-1.16066194 -1.80287957 0.512936771 -0.309901953 0.0759396702 0.947730958 59 1 0 0 0 0 0 0 0 0 0 0 
-1.18338597 -2.16975045 0.538626075 -0.309901953 0.0759396702 0.947730958 59 0.895989478 60 0.104010552 0 0 0 0 0 0 0 0 
-0.602713943 -2.93117976 0.176565617 0.956551969 -0.110080056 0.269982964 60 0.862233162 59 0.137766868 0 0 0 0 0 0 0 0 
-0.68173182 -2.93601632 0.462636113 0.956551969 -0.110080056 0.269982964 60 0.887890041 59 0.112109944 0 0 0 0 0 0 0 0 
-0.708162546 -3.28226066 0.407025129 0.956551969 -0.110080056 0.269982964 60 1 0 0 0 0 0 0 0 0 0 0 
-0.631917953 -3.26868415 0.150506511 0.956551969 -0.110080056 0.269982964 60 1 0 0 0 0 0 0 0 0 0 0 
-0.602713943 -2.93117976 0.176565617 0.934654951 -0.0539001822 -0.351446837 60 0.862233162 59 0.137766868 0 0 0 0 0 0 0 0 
-0.631917953 -3.26868415 0.150506511 0.934654951 -0.0539001822 -0.351446837 60 1 0 0 0 0 0 0 0 0 0 0 
-0.72493583 -3.24762297 -0.0999455005 0.934654951 -0.0539001822 -0.351446837 60 0.991585791 59 0.00841419864 0 0 0 0 0 0 0 0 
-0.700160861 -2.91667986 -0.0849677101 0.934654951 -0.0539001822 -0.351446837 60 0.843824685 59 0.156175315 0 0 0 0 0 0 0 0 
-0.602713943 -2.93117976 0.176565617 0.93535924 -0.0795968249 -0.344626695 60 0.862233162 59 0.137766868 0 0 0 0 0 0 0 0 
-0.700160861 -2.91667986 -0.0849677101 0.93535924 -0.0795968249 -0.344626695 60 0.843824685 59 0.156175315 0 0 0 0 0 0 0 0 
-0.670518279 -2.57614732 -0.0894639939 0.93535924 -0.0795968249 -0.344626695 59 0.813954711 60 0.186045259 0 0 0 0 0 0 0 0 
-0.567911386 -2.5807054 0.196375296 0.93535924 -0.0795968249 -0.344626695 59 0.784469783 60 0.215530246 0 0 0 0 0 0 0 0 
-0.602713943 -2.93117976 0.176565617 0.959756017 -0.115681961 0.255902261 60 0.862233162 59 0.137766868 0 0 0 0 0 0 0 0 
-0.567911386 -2.5807054 0.196375296 0.959756017 -0.115681961 0.255902261 59 0.784469783 60 0.215530246 0 0 0 0 0 0 0 0 
-0.64936769 -2.57266903 0.513606131 0.959756017 -0.115681961 0.255902261 59 0.540635645 60 0.459364384 0 0 0 0 0 0 0 0 
-0.68173182 -2.93601632 0.462636113 0.959756017 -0.115681961 0.255902261 60 0.887890041 59 0.112109944 0 0 0 0 0 0 0 0 
-0.967929661 -2.89896202 -0.163617507 0.283100367 0.0222014673 -0.958833277 60 0.850976825 59 0.149023175 0 0 0 0 0 0 0 0 
-0.700160861 -2.91667986 -0.0849677101 0.283100367 0.0222014673 -0.958833277 60 0.843824685 59 0.156175315 0 0 0 0 0 0 0 0 
-0.72493583 -3.24762297 -0.0999455005 0.283100367 0.0222014673 -0.958833277 60 0.991585791 59 0.00841419864 0 0 0 0 0 0 0 0 
-0.98162514 -3.23062372 -0.175340697 0.283100367 0.0222014673 -0.958833277 60 0.995004356 59 0.00499565201 0 0 0 0 0 0 0 0 
-0.967929661 -2.89896202 -0.163617507 -0.348023772 0.0475141034 -0.936280906 60 0.850976825 59 0.149023175 0 0 0 0 0 0 0 0 
-0.98162514 -3.23062372 -0.175340697 -0.348023772 0.0475141034 -0.936280906 60 0.995004356 59 0.00499565201 0 0 0 0 0 0 0 0 
-1.23272336 -3.22517014 -0.0817456841 -0.348023772 0.0475141034 -0.936280906 60 0.997126579 59 0.00287343096 0 0 0 0 0 0 0 0 
-1.22955549 -2.88769007 -0.065779753 -0.348023772 0.0475141034 -0.936280906 60 0.856843233 59 0.143156767 0 0 0 0 0 0 0 0 
-0.967929661 -2.89896202 -0.163617507 -0.363465279 0.00368023687 -0.931600451 60 0.850976825 59 0.149023175 0 0 0 0 0 0 0 0 
-1.22955549 -2.88769007 -0.065779753 -0.363465279 0.00368023687 -0.931600451 60 0.856843233 59 0.143156767 0 0 0 0 0 0 0 0 
-1.22270787 -2.53836441 -0.0627908707 -0.363465279 0.00368023687 -0.931600451 59 0.780567467 60 0.219432518 0 0 0 0 0 0 0 0 
-0.950138152 -2.55783558 -0.173491776 -0.363465279 0.00368023687 -0.931600451 59 0.815326989 60 0.184673041 0 0 0 0 0 0 0 0 
-0.967929661 -2.89896202 -0.163617507 0.28223744 -0.039847035 -0.958516657 60 0.850976825 59 0.149023175 0 0 0 0 0 0 0 0 
-0.950138152 -2.55783558 -0.173491776 0.28223744 -0.039847035 -0.958516657 59 0.815326989 60 0.184673041 0 0 0 0 0 0 0 0 
-0.670518279 -2.57614732 -0.0894639939 0.28223744 -0.039847035 -0.958516657 59 0.813954711 60 0.186045259 0 0 0 0 0 0 0 0 
-0.700160861 -2.91667986 -0.0849677101 0.28223744 -0.039847035 -0.958516657 60 0.843824685 59 0.156175315 0 0 0 0 0 0 0 0 
-1.30857337 -2.89252687 0.219965339 -0.961214721 0.0295375455 -0.274214834 60 0.89790225 59 0.10209775 0 0 0 0 0 0 0 0 
-1.22955549 -2.88769007 -0.065779753 -0.961214721 0.0295375455 -0.274214834 60 0.856843233 59 0.143156767 0 0 0 0 0 0 0 0 
-1.23272336 -3.22517014 -0.0817456841 -0.961214721 0.0295375455 -0.274214834 60 0.997126579 59 0.00287343096 0 0 0 0 0 0 0 0 
-1.30896795 -3.23874664 0.174772933 -0.961214721 0.0295375455 -0.274214834 60 1 0 0 0 0 0 0 0 0 0 0 
-1.30857337 -2.89252687 0.219965339 -0.939720988 -0.0476025231 0.338612765 60 0.89790225 59 0.10209775 0 0 0 0 0 0 0 0 
-1.30896795 -3.23874664 0.174772933 -0.939720988 -0.0476025231 0.338612765 60 1 0 0 0 0 0 0 0 0 0 0 
-1.21595001 -3.25980759 0.425382227 -0.939720988 -0.0476025231 0.338612765 60 1 0 0 0 0 0 0 0 0 0 0 
-1.21112645 -2.90702677 0.492937654 -0.939720988 -0.0476025231 0.338612765 60 0.897235572 59 0.102764413 0 0 0 0 0 0 0 0 
-1.30857337 -2.89252687 0.219965339 -0.943898261 -0.0244809072 0.329327911 60 0.89790225 59 0.10209775 0 0 0 0 0 0 0 0 
-1.21112645 -2.90702677 0.492937654 -0.943898261 -0.0244809072 0.329327911 60 0.897235572 59 0.102764413 0 0 0 0 0 0 0 0 
-1.20155728 -2.53488636 0.553273261 -0.943898261 -0.0244809072 0.329327911 59 0.509274244 60 0.490725756 0 0 0 0 0 0 0 0 
-1.30416417 -2.53032827 0.254281461 -0.943898261 -0.0244809072 0.329327911 59 0.531235516 60 0.468764484 0 0 0 0 0 0 0 0 
-1.30857337 -2.89252687 0.219965339 -0.965907454 0.0287706554 -0.257284224 60 0.89790225 59 0.10209775 0 0 0 0 0 0 0 0 
-1.30416417 -2.53032827 0.254281461 -0.965907454 0.0287706554 -0.257284224 59 0.531235516 60 0.468764484 0 0 0 0 0 0 0 0 
-1.22270787 -2.53836441 -0.0627908707 -0.965907454 0.0287706554 -0.257284224 59 0.780567467 60 0.219432518 0 0 0 0 0 0 0 0 
-1.22955549 -2.88769007 -0.065779753 -0.965907454 0.0287706554 -0.257284224 60 0.856843233 59 0.143156767 0 0 0 0 0 0 0 0 
-0.943357587 -2.92474413 0.571541905 -0.288044572 -0.176250935 0.941257656 60 0.899838507 59 0.100161485 0 0 0 0 0 0 0 0 
-1.21112645 -2.90702677 0.492937654 -0.288044572 -0.176250935 0.941257656 60 0.897235572 59 0.102764413 0 0 0 0 0 0 0 0 
-1.21595001 -3.25980759 0.425382227 -0.288044572 -0.176250935 0.941257656 60 1 0 0 0 0 0 0 0 0 0 0 
-0.959260762 -3.27680683 0.500772357 -0.288044572 -0.176250935 0.941257656 60 1 0 0 0 0 0 0 0 0 0 0 
-0.943357587 -2.92474413 0.571541905 0.355784059 -0.18727763 0.915611804 60 0.899838507 59 0.100161485 0 0 0 0 0 0 0 0 
-0.959260762 -3.27680683 0.500772357 0.355784059 -0.18727763 0.915611804 60 1 0 0 0 0 0 0 0 0 0 0 
-0.708162546 -3.28226066 0.407025129 0.355784059 -0.18727763 0.915611804 60 1 0 0 0 0 0 0 0 0 0 0 
-0.68173182 -2.93601632 0.462636113 0.355784059 -0.18727763 0.915611804 60 0.887890041 59 0.112109944 0 0 0 0 0 0 0 0 
-0.943357587 -2.92474413 0.571541905 0.384909272 -0.172196582 0.906748712 60 0.899838507 59 0.100161485 0 0 0 0 0 0 0 0 
-0.68173182 -2.93601632 0.462636113 0.384909272 -0.172196582 0.906748712 60 0.887890041 59 0.112109944 0 0 0 0 0 0 0 0 
-0.64936769 -2.57266903 0.513606131 0.384909272 -0.172196582 0.906748712 59 0.540635645 60 0.459364384 0 0 0 0 0 0 0 0 
-0.921937406 -2.5531981 0.637301087 0.384909272 -0.172196582 0.906748712 59 0.510337651 60 0.489662349 0 0 0 0 0 0 0 0 
-0.943357587 -2.92474413 0.571541905 -0.290606499 -0.14816983 0.945300817 60 0.899838507 59 0.100161485 0 0 0 0 0 0 0 0 
-0.921937406 -2.5531981 0.637301087 -0.290606499 -0.14816983 0.945300817 59 0.510337651 60 0.489662349 0 0 0 0 0 0 0 0 
-1.20155728 -2.53488636 0.553273261 -0.290606499 -0.14816983 0.945300817 59 0.509274244 60 0.490725756 0 0 0 0 0 0 0 0 
-1.21112645 -2.90702677 0.492937654 -0.290606499 -0.14816983 0.945300817 60 0.897235572 59 0.102764413 0 0 0 0 0 0 0 0 
-0.657974124 -3.57055759 0.127283797 0.955010772 -0.103639103 0.27787292 60 1 0 0 0 0 0 0 0 0 0 0 
-0.731464148 -3.5866468 0.373858124 0.955010772 -0.103639103 0.27787292 60 1 0 0 0 0 0 0 0 0 0 0 
-0.752759159 -3.8643434 0.343472838 0.955010772 -0.103639103 0.27787292 60 1 0 0 0 0 0 0 0 0 0 0 
-0.681958675 -3.84884286 0.105922431 0.955010772 -0.103639103 0.27787292 60 1 0 0 0 0 0 0 0 0 0 0 
-0.657974124 -3.57055759 0.127283797 0.934562802 -0.053546764 -0.351745635 60 1 0 0 0 0 0 0 0 0 0 0 
-0.681958675 -3.84884286 0.105922431 0.934562802 -0.053546764 -0.351745635 60 1 0 0 0 0 0 0 0 0 0 0 
-0.7680071 -3.82699013 -0.126028627 0.934562802 -0.053546764 -0.351745635 60 1 0 0 0 0 0 0 0 0 0 0 
-0.747291327 -3.54787469 -0.113478452 0.934562802 -0.053546764 -0.351745635 60 1 0 0 0 0 0 0 0 0 0 0 
-0.657974124 -3.57055759 0.127283797 0.934577405 -0.0536731184 -0.351687729 60 1 0 0 0 0 0 0 0 0 0 0 
-0.747291327 -3.54787469 -0.113478452 0.934577405 -0.0536731184 -0.351687729 60 1 0 0 0 0 0 0 0 0 0 0 
-0.72493583 -3.24762297 -0.0999455005 0.934577405 -0.0536731184 -0.351687729 60 0.991585791 59 0.00841419864 0 0 0 0 0 0 0 0 
-0.631917953 -3.26868415 0.150506511 0.934577405 -0.0536731184 -0.351687729 60 1 0 0 0 0 0 0 0 0 0 0 
-0.657974124 -3.57055759 0.127283797 0.954945087 -0.103613019 0.278108388 60 1 0 0 0 0 0 0 0 0 0 0 
-0.631917953 -3.26868415 0.150506511 0.954945087 -0.103613019 0.278108388 60 1 0 0 0 0 0 0 0 0 0 0 
-0.708162546 -3.28226066 0.407025129 0.954945087 -0.103613019 0.278108388 60 1 0 0 0 0 0 0 0 0 0 0 
-0.731464148 -3.5866468 0.373858124 0.954945087 -0.103613019 0.278108388 60 1 0 0 0 0 0 0 0 0 0 0 
-0.994139791 -3.5315218 -0.185983106 0.28309536 0.0221021064 -0.958837152 60 1 0 0 0 0 0 0 0 0 0 0 
-0.747291327 -3.54787469 -0.113478452 0.28309536 0.0221021064 -0.958837152 60 1 0 0 0 0 0 0 0 0 0 0 
-0.7680071 -3.82699013 -0.126028627 0.28309536 0.0221021064 -0.958837152 60 1 0 0 0 0 0 0 0 0 0 0 
-1.0058217 -3.8112359 -0.195879832 0.28309536 0.0221021064 -0.958837152 60 1 0 0 0 0 0 0 0 0 0 0 
-0.994139791 -3.5315218 -0.185983106 -0.347924829 0.0476587676 -0.936310291 60 1 0 0 0 0 0 0 0 0 0 0 
-1.0058217 -3.8112359 -0.195879832 -0.347924829 0.0476587676 -0.936310291 60 1 0 0 0 0 0 0 0 0 0 0 
-1.23855364 -3.80793309 -0.109230526 -0.347924829 0.0476587676 -0.936310291 60 1 0 0 0 0 0 0 0 0 0 0 
-1.23571265 -3.52809334 -0.0960422456 -0.347924829 0.0476587676 -0.936310291 60 1 0 0 0 0 0 0 0 0 0 0 
-0.994139791 -3.5315218 -0.185983106 -0.347945631 0.0476051271 -0.936305344 60 1 0 0 0 0 0 0 0 0 0 0 
-1.23571265 -3.52809334 -0.0960422456 -0.347945631 0.0476051271 -0.936305344 60 1 0 0 0 0 0 0 0 0 0 0 
-1.23272336 -3.22517014 -0.0817456841 -0.347945631 0.0476051271 -0.936305344 60 0.997126579 59 0.00287343096 0 0 0 0 0 0 0 0 
-0.98162514 -3.23062372 -0.175340697 -0.347945631 0.0476051271 -0.936305344 60 0.995004356 59 0.00499565201 0 0 0 0 0 0 0 0 
-0.994139791 -3.5315218 -0.185983106 0.283096701 0.0221384745 -0.95883584 60 1 0 0 0 0 0 0 0 0 0 0 
-0.98162514 -3.23062372 -0.175340697 0.283096701 0.0221384745 -0.95883584 60 0.995004356 59 0.00499565201 0 0 0 0 0 0 0 0 
-0.72493583 -3.24762297 -0.0999455005 0.283096701 0.0221384745 -0.95883584 60 0.991585791 59 0.00841419864 0 0 0 0 0 0 0 0 
-0.747291327 -3.54787469 -0.113478452 0.283096701 0.0221384745 -0.95883584 60 1 0 0 0 0 0 0 0 0 0 0 
-1.30920267 -3.54418254 0.150532082 -0.958496511 0.0231228936 -0.284165293 60 1 0 0 0 0 0 0 0 0 0 0 
-1.23571265 -3.52809334 -0.0960422456 -0.958496511 0.0231228936 -0.284165293 60 1 0 0 0 0 0 0 0 0 0 0 
-1.23855364 -3.80793309 -0.109230526 -0.958496511 0.0231228936 -0.284165293 60 1 0 0 0 0 0 0 0 0 0 0 
-1.30935407 -3.8234334 0.128319889 -0.958496511 0.0231228936 -0.284165293 60 1 0 0 0 0 0 0 0 0 0 0 
-1.30920267 -3.54418254 0.150532082 -0.938048601 -0.0269693136 0.345452607 60 1 0 0 0 0 0 0 0 0 0 0 
-1.30935407 -3.8234334 0.128319889 -0.938048601 -0.0269693136 0.345452607 60 1 0 0 0 0 0 0 0 0 0 0 
-1.2233057 -3.84528637 0.360270947 -0.938048601 -0.0269693136 0.345452607 60 1 0 0 0 0 0 0 0 0 0 0 
-1.21988547 -3.56686544 0.39129436 -0.938048601 -0.0269693136 0.345452607 60 1 0 0 0 0 0 0 0 0 0 0 
-1.30920267 -3.54418254 0.150532082 -0.937971711 -0.0265348572 0.345695168 60 1 0 0 0 0 0 0 0 0 0 0 
-1.21988547 -3.56686544 0.39129436 -0.937971711 -0.0265348572 0.345695168 60 1 0 0 0 0 0 0 0 0 0 0 
-1.21595001 -3.25980759 0.425382227 -0.937971711 -0.0265348572 0.345695168 60 1 0 0 0 0 0 0 0 0 0 0 
-1.30896795 -3.23874664 0.174772933 -0.937971711 -0.0265348572 0.345695168 60 1 0 0 0 0 0 0 0 0 0 0 
-1.30920267 -3.54418254 0.150532082 -0.958565772 0.023066273 -0.283935994 60 1 0 0 0 0 0 0 0 0 0 0 
-1.30896795 -3.23874664 0.174772933 -0.958565772 0.023066273 -0.283935994 60 1 0 0 0 0 0 0 0 0 0 0 
-1.23272336 -3.22517014 -0.0817456841 -0.958565772 0.023066273 -0.283935994 60 0.997126579 59 0.00287343096 0 0 0 0 0 0 0 0 
-1.23571265 -3.52809334 -0.0960422456 -0.958565772 0.023066273 -0.283935994 60 1 0 0 0 0 0 0 0 0 0 0 
-0.973036885 -3.5832181 0.463799 -0.286580473 -0.102618091 0.95254463 60 1 0 0 0 0 0 0 0 0 0 0 
-1.21988547 -3.56686544 0.39129436 -0.286580473 -0.102618091 0.95254463 60 1 0 0 0 0 0 0 0 0 0 0 
-1.2233057 -3.84528637 0.360270947 -0.286580473 -0.102618091 0.95254463 60 1 0 0 0 0 0 0 0 0 0 0 
-0.985491157 -3.86104012 0.430122137 -0.286580473 -0.102618091 0.95254463 60 1 0 0 0 0 0 0 0 0 0 0 
-0.973036885 -3.5832181 0.463799 0.344439387 -0.128174797 0.93001765 60 1 0 0 0 0 0 0 0 0 0 0 
-0.985491157 -3.86104012 0.430122137 0.344439387 -0.128174797 0.93001765 60 1 0 0 0 0 0 0 0 0 0 0 
-0.752759159 -3.8643434 0.343472838 0.344439387 -0.128174797 0.93001765 60 1 0 0 0 0 0 0 0 0 0 0 
-0.731464148 -3.5866468 0.373858124 0.344439387 -0.128174797 0.93001765 60 1 0 0 0 0 0 0 0 0 0 0 
-0.973036885 -3.5832181 0.463799 0.344466001 -0.127714232 0.930071175 60 1 0 0 0 0 0 0 0 0 0 0 
-0.731464148 -3.5866468 0.373858124 0.344466001 -0.127714232 0.930071175 60 1 0 0 0 0 0 0 0 0 0 0 
-0.708162546 -3.28226066 0.407025129 0.344466001 -0.127714232 0.930071175 60 1 0 0 0 0 0 0 0 0 0 0 
-0.959260762 -3.27680683 0.500772357 0.344466001 -0.127714232 0.930071175 60 1 0 0 0 0 0 0 0 0 0 0 
-0.973036885 -3.5832181 0.463799 -0.286553681 -0.102072686 0.952611208 60 1 0 0 0 0 0 0 0 0 0 0 
-0.959260762 -3.27680683 0.500772357 -0.286553681 -0.102072686 0.952611208 60 1 0 0 0 0 0 0 0 0 0 0 
-1.21595001 -3.25980759 0.425382227 -0.286553681 -0.102072686 0.952611208 60 1 0 0 0 0 0 0 0 0 0 0 
-1.21988547 -3.56686544 0.39129436 -0.286553681 -0.102072686 0.952611208 60 1 0 0 0 0 0 0 0 0 0 0 
-0.704948187 -4.11558199 0.0854473412 0.954907835 -0.103916079 0.2781232 60 1 0 0 0 0 0 0 0 0 0 0 
-0.77317071 -4.13051844 0.314348251 0.954907835 -0.103916079 0.2781232 60 1 0 0 0 0 0 0 0 0 0 0 
-0.792873621 -4.38615561 0.286234796 0.954907835 -0.103916079 0.2781232 60 1 0 0 0 0 0 0 0 0 0 0 
-0.727139533 -4.3730607 0.0656830966 0.954907835 -0.103916079 0.2781232 60 1 0 0 0 0 0 0 0 0 0 0 
-0.704948187 -4.11558199 0.0854473412 0.934562862 -0.0535469949 -0.351745874 60 1 0 0 0 0 0 0 0 0 0 0 
-0.727139533 -4.3730607 0.0656830966 0.934562862 -0.0535469949 -0.351745874 60 1 0 0 0 0 0 0 0 0 0 0 
-0.80703038 -4.35277176 -0.149669901 0.934562862 -0.0535469949 -0.351745874 60 1 0 0 0 0 0 0 0 0 0 0 
-0.787863433 -4.09452486 -0.138058066 0.934562862 -0.0535469949 -0.351745874 60 1 0 0 0 0 0 0 0 0 0 0 
-0.704948187 -4.11558199 0.0854473412 0.934562981 -0.0535470732 -0.351745516 60 1 0 0 0 0 0 0 0 0 0 0 
-0.787863433 -4.09452486 -0.138058066 0.934562981 -0.0535470732 -0.351745516 60 1 0 0 0 0 0 0 0 0 0 0 
-0.7680071 -3.82699013 -0.126028627 0.934562981 -0.0535470732 -0.351745516 60 1 0 0 0 0 0 0 0 0 0 0 
-0.681958675 -3.84884286 0.105922431 0.934562981 -0.0535470732 -0.351745516 60 1 0 0 0 0 0 0 0 0 0 0 
-0.704948187 -4.11558199 0.0854473412 0.955010891 -0.103639372 0.277872503 60 1 0 0 0 0 0 0 0 0 0 0 
-0.681958675 -3.84884286 0.105922431 0.955010891 -0.103639372 0.277872503 60 1 0 0 0 0 0 0 0 0 0 0 
-0.752759159 -3.8643434 0.343472838 0.955010891 -0.103639372 0.277872503 60 1 0 0 0 0 0 0 0 0 0 0 
-0.77317071 -4.13051844 0.314348251 0.955010891 -0.103639372 0.277872503 60 1 0 0 0 0 0 0 0 0 0 0 
-1.01701891 -4.07934427 -0.205365896 0.283094525 0.0221020691 -0.95883739 60 1 0 0 0 0 0 0 0 0 0 0 
-0.787863433 -4.09452486 -0.138058066 0.283094525 0.0221020691 -0.95883739 60 1 0 0 0 0 0 0 0 0 0 0 
-0.80703038 -4.35277176 -0.149669901 0.283094525 0.0221020691 -0.95883739 60 1 0 0 0 0 0 0 0 0 0 0 
-1.02782738 -4.33814478 -0.21452266 0.283094525 0.0221020691 -0.95883739 60 1 0 0 0 0 0 0 0 0 0 0 
-1.01701891 -4.07934427 -0.205365896 -0.347925067 0.0476586856 -0.936310232 60 1 0 0 0 0 0 0 0 0 0 0 
-1.02782738 -4.33814478 -0.21452266 -0.347925067 0.0476586856 -0.936310232 60 1 0 0 0 0 0 0 0 0 0 0 
-1.24390531 -4.33507824 -0.134073839 -0.347925067 0.0476586856 -0.936310232 60 1 0 0 0 0 0 0 0 0 0 0 
-1.24127674 -4.07616138 -0.121871613 -0.347925067 0.0476586856 -0.936310232 60 1 0 0 0 0 0 0 0 0 0 0 
-1.01701891 -4.07934427 -0.205365896 -0.347924709 0.0476586819 -0.936310351 60 1 0 0 0 0 0 0 0 0 0 0 
-1.24127674 -4.07616138 -0.121871613 -0.347924709 0.0476586819 -0.936310351 60 1 0 0 0 0 0 0 0 0 0 0 
-1.23855364 -3.80793309 -0.109230526 -0.347924709 0.0476586819 -0.936310351 60 1 0 0 0 0 0 0 0 0 0 0 
-1.0058217 -3.8112359 -0.195879832 -0.347924709 0.0476586819 -0.936310351 60 1 0 0 0 0 0 0 0 0 0 0 
-1.01701891 -4.07934427 -0.205365896 0.283095092 0.022101894 -0.958837152 60 1 0 0 0 0 0 0 0 0 0 0 
-1.0058217 -3.8112359 -0.195879832 0.283095092 0.022101894 -0.958837152 60 1 0 0 0 0 0 0 0 0 0 0 
-0.7680071 -3.82699013 -0.126028627 0.283095092 0.022101894 -0.958837152 60 1 0 0 0 0 0 0 0 0 0 0 
-0.787863433 -4.09452486 -0.138058066 0.283095092 0.022101894 -0.958837152 60 1 0 0 0 0 0 0 0 0 0 0 
-1.30949926 -4.09109783 0.107029289 -0.958496332 0.0231230836 -0.2841658 60 1 0 0 0 0 0 0 0 0 0 0 
-1.24127674 -4.07616138 -0.121871613 -0.958496332 0.0231230836 -0.2841658 60 1 0 0 0 0 0 0 0 0 0 0 
-1.24390531 -4.33507824 -0.134073839 -0.958496332 0.0231230836 -0.2841658 60 1 0 0 0 0 0 0 0 0 0 0 
-1.30963945 -4.34946966 0.0864778459 -0.958496332 0.0231230836 -0.2841658 60 1 0 0 0 0 0 0 0 0 0 0 
-1.30949926 -4.09109783 0.107029289 -0.938022017 -0.0270455107 0.345518619 60 1 0 0 0 0 0 0 0 0 0 0 
-1.30963945 -4.34946966 0.0864778459 -0.938022017 -0.0270455107 0.345518619 60 1 0 0 0 0 0 0 0 0 0 0 
-1.22974861 -4.36842442 0.301830828 -0.938022017 -0.0270455107 0.345518619 60 1 0 0 0 0 0 0 0 0 0 0 
-1.22658408 -4.11215496 0.330534726 -0.938022017 -0.0270455107 0.345518619 60 1 0 0 0 0 0 0 0 0 0 0 
-1.30949926 -4.09109783 0.107029289 -0.938048422 -0.0269690976 0.345453113 60 1 0 0 0 0 0 0 0 0 0 0 
-1.22658408 -4.11215496 0.330534726 -0.938048422 -0.0269690976 0.345453113 60 1 0 0 0 0 0 0 0 0 0 0 
-1.2233057 -3.84528637 0.360270947 -0.938048422 -0.0269690976 0.345453113 60 1 0 0 0 0 0 0 0 0 0 0 
-1.30935407 -3.8234334 0.128319889 -0.938048422 -0.0269690976 0.345453113 60 1 0 0 0 0 0 0 0 0 0 0 
-1.30949926 -4.09109783 0.107029289 -0.95849663 0.0231229998 -0.284164727 60 1 0 0 0 0 0 0 0 0 0 0 
-1.30935407 -3.8234334 0.128319889 -0.95849663 0.0231229998 -0.284164727 60 1 0 0 0 0 0 0 0 0 0 0 
-1.23855364 -3.80793309 -0.109230526 -0.95849663 0.0231229998 -0.284164727 60 1 0 0 0 0 0 0 0 0 0 0 
-1.24127674 -4.07616138 -0.121871613 -0.95849663 0.0231229998 -0.284164727 60 1 0 0 0 0 0 0 0 0 0 0 
-0.997428596 -4.12733555 0.397842556 -0.283937275 -0.105905384 0.952976227 60 1 0 0 0 0 0 0 0 0 0 0 
-1.22658408 -4.11215496 0.330534726 -0.283937275 -0.105905384 0.952976227 60 1 0 0 0 0 0 0 0 0 0 0 
-1.22974861 -4.36842442 0.301830828 -0.283937275 -0.105905384 0.952976227 60 1 0 0 0 0 0 0 0 0 0 0 
-1.00895154 -4.37035656 0.366683573 -0.283937275 -0.105905384 0.952976227 60 1 0 0 0 0 0 0 0 0 0 0 
-0.997428596 -4.12733555 0.397842556 0.340860784 -0.131983489 0.93080312 60 1 0 0 0 0 0 0 0 0 0 0 
-1.00895154 -4.37035656 0.366683573 0.340860784 -0.131983489 0.93080312 60 1 0 0 0 0 0 0 0 0 0 0 
-0.792873621 -4.38615561 0.286234796 0.340860784 -0.131983489 0.93080312 60 1 0 0 0 0 0 0 0 0 0 0 
-0.77317071 -4.13051844 0.314348251 0.340860784 -0.131983489 0.93080312 60 1 0 0 0 0 0 0 0 0 0 0 
-0.997428596 -4.12733555 0.397842556 0.344439656 -0.128174648 0.930017591 60 1 0 0 0 0 0 0 0 0 0 0 
-0.77317071 -4.13051844 0.314348251 0.344439656 -0.128174648 0.930017591 60 1 0 0 0 0 0 0 0 0 0 0 
-0.752759159 -3.8643434 0.343472838 0.344439656 -0.128174648 0.930017591 60 1 0 0 0 0 0 0 0 0 0 0 
-0.985491157 -3.86104012 0.430122137 0.344439656 -0.128174648 0.930017591 60 1 0 0 0 0 0 0 0 0 0 0 
-0.997428596 -4.12733555 0.397842556 -0.286580116 -0.102618083 0.952544689 60 1 0 0 0 0 0 0 0 0 0 0 
-0.985491157 -3.86104012 0.430122137 -0.286580116 -0.102618083 0.952544689 60 1 0 0 0 0 0 0 0 0 0 0 
-1.2233057 -3.84528637 0.360270947 -0.286580116 -0.102618083 0.952544689 60 1 0 0 0 0 0 0 0 0 0 0 
-1.22658408 -4.11215496 0.330534726 -0.286580116 -0.102618083 0.952544689 60 1 0 0 0 0 0 0 0 0 0 0 
-0.748729706 -4.59630442 0.0464542359 0.939541101 -0.140926033 0.312093735 60 1 0 0 0 0 0 0 0 0 0 0 
-0.812042713 -4.57171726 0.25888285 0.939541101 -0.140926033 0.312093735 60 1 0 0 0 0 0 0 0 0 0 0 
-0.83071053 -4.73137188 0.232263461 0.939541101 -0.140926033 0.312093735 60 1 0 0 0 0 0 0 0 0 0 0 
-0.769785941 -4.80192757 0.0277196094 0.939541101 -0.140926033 0.312093735 60 1 0 0 0 0 0 0 0 0 0 0 
-0.748729706 -4.59630442 0.0464542359 0.938256025 -0.0598691069 -0.340721756 60 1 0 0 0 0 0 0 0 0 0 0 
-0.769785941 -4.80192757 0.0277196094 0.938256025 -0.0598691069 -0.340721756 60 1 0 0 0 0 0 0 0 0 0 0 
-0.843897283 -4.84437799 -0.172022417 0.938256025 -0.0598691069 -0.340721756 60 1 0 0 0 0 0 0 0 0 0 0 
-0.825678229 -4.60402346 -0.160967171 0.938256025 -0.0598691069 -0.340721756 60 1 0 0 0 0 0 0 0 0 0 0 
-0.748729706 -4.59630442 0.0464542359 0.935491979 -0.0568956807 -0.348737299 60 1 0 0 0 0 0 0 0 0 0 0 
-0.825678229 -4.60402346 -0.160967171 0.935491979 -0.0568956807 -0.348737299 60 1 0 0 0 0 0 0 0 0 0 0 
-0.80703038 -4.35277176 -0.149669901 0.935491979 -0.0568956807 -0.348737299 60 1 0 0 0 0 0 0 0 0 0 0 
-0.727139533 -4.3730607 0.0656830966 0.935491979 -0.0568956807 -0.348737299 60 1 0 0 0 0 0 0 0 0 0 0 
-0.748729706 -4.59630442 0.0464542359 0.949612141 -0.12731348 0.286405534 60 1 0 0 0 0 0 0 0 0 0 0 
-0.727139533 -4.3730607 0.0656830966 0.949612141 -0.12731348 0.286405534 60 1 0 0 0 0 0 0 0 0 0 0 
-0.792873621 -4.38615561 0.286234796 0.949612141 -0.12731348 0.286405534 60 1 0 0 0 0 0 0 0 0 0 0 
-0.812042713 -4.57171726 0.25888285 0.949612141 -0.12731348 0.286405534 60 1 0 0 0 0 0 0 0 0 0 0 
-1.03834307 -4.5899353 -0.223431379 0.282890588 0.0224461909 -0.958889544 60 1 0 0 0 0 0 0 0 0 0 0 
-0.825678229 -4.60402346 -0.160967171 0.282890588 0.0224461909 -0.958889544 60 1 0 0 0 0 0 0 0 0 0 0 
-0.843897283 -4.84437799 -0.172022417 0.282890588 0.0224461909 -0.958889544 60 1 0 0 0 0 0 0 0 0 0 0 
-1.04864883 -4.8369751 -0.232200682 0.282890588 0.0224461909 -0.958889544 60 1 0 0 0 0 0 0 0 0 0 0 
-1.03834307 -4.5899353 -0.223431379 -0.347016633 0.0485684238 -0.936600626 60 1 0 0 0 0 0 0 0 0 0 0 
-1.04864883 -4.8369751 -0.232200682 -0.347016633 0.0485684238 -0.936600626 60 1 0 0 0 0 0 0 0 0 0 0 
-1.24900484 -4.8259201 -0.157616973 -0.347016633 0.0485684238 -0.936600626 60 0.999703646 61 0.000296349492 0 0 0 0 0 0 0 0 
-1.24646282 -4.58698177 -0.145945549 -0.347016633 0.0485684238 -0.936600626 60 1 0 0 0 0 0 0 0 0 0 0 
-1.03834307 -4.5899353 -0.223431379 -0.34792465 0.0476587005 -0.936310351 60 1 0 0 0 0 0 0 0 0 0 0 
-1.24646282 -4.58698177 -0.145945549 -0.34792465 0.0476587005 -0.936310351 60 1 0 0 0 0 0 0 0 0 0 0 
-1.24390531 -4.33507824 -0.134073839 -0.34792465 0.0476587005 -0.936310351 60 1 0 0 0 0 0 0 0 0 0 0 
-1.02782738 -4.33814478 -0.21452266 -0.34792465 0.0476587005 -0.936310351 60 1 0 0 0 0 0 0 0 0 0 0 
-1.03834307 -4.5899353 -0.223431379 0.283095151 0.0221019331 -0.958837152 60 1 0 0 0 0 0 0 0 0 0 0 
-1.02782738 -4.33814478 -0.21452266 0.283095151 0.0221019331 -0.958837152 60 1 0 0 0 0 0 0 0 0 0 0 
-0.80703038 -4.35277176 -0.149669901 0.283095151 0.0221019331 -0.958837152 60 1 0 0 0 0 0 0 0 0 0 0 
-0.825678229 -4.60402346 -0.160967171 0.283095151 0.0221019331 -0.958837152 60 1 0 0 0 0 0 0 0 0 0 0 
-1.30977583 -4.57104778 0.0664830953 -0.956855536 0.0262855534 -0.289372653 60 1 0 0 0 0 0 0 0 0 0 0 
-1.24646282 -4.58698177 -0.145945549 -0.956855536 0.0262855534 -0.289372653 60 1 0 0 0 0 0 0 0 0 0 0 
-1.24900484 -4.8259201 -0.157616973 -0.956855536 0.0262855534 -0.289372653 60 0.999703646 61 0.000296349492 0 0 0 0 0 0 0 0 
-1.30992937 -4.77401304 0.0469268784 -0.956855536 0.0262855534 -0.289372653 60 1 0 0 0 0 0 0 0 0 0 0 
-1.30977583 -4.57104778 0.0664830953 -0.934227884 -0.038507387 0.354592025 60 1 0 0 0 0 0 0 0 0 0 0 
-1.30992937 -4.77401304 0.0469268784 -0.934227884 -0.038507387 0.354592025 60 1 0 0 0 0 0 0 0 0 0 0 
-1.23581815 -4.70611048 0.246668905 -0.934227884 -0.038507387 0.354592025 60 1 0 0 0 0 0 0 0 0 0 0 
-1.23282731 -4.55448246 0.273904532 -0.934227884 -0.038507387 0.354592025 60 1 0 0 0 0 0 0 0 0 0 0 
-1.30977583 -4.57104778 0.0664830953 -0.937100589 -0.0334549472 0.3474527 60 1 0 0 0 0 0 0 0 0 0 0 
-1.23282731 -4.55448246 0.273904532 -0.937100589 -0.0334549472 0.3474527 60 1 0 0 0 0 0 0 0 0 0 0 
-1.22974861 -4.36842442 0.301830828 -0.937100589 -0.0334549472 0.3474527 60 1 0 0 0 0 0 0 0 0 0 0 
-1.30963945 -4.34946966 0.0864778459 -0.937100589 -0.0334549472 0.3474527 60 1 0 0 0 0 0 0 0 0 0 0 
-1.30977583 -4.57104778 0.0664830953 -0.958024919 0.0246737339 -0.285621375 60 1 0 0 0 0 0 0 0 0 0 0 
-1.30963945 -4.34946966 0.0864778459 -0.958024919 0.0246737339 -0.285621375 60 1 0 0 0 0 0 0 0 0 0 0 
-1.24390531 -4.33507824 -0.134073839 -0.958024919 0.0246737339 -0.285621375 60 1 0 0 0 0 0 0 0 0 0 0 
-1.24646282 -4.58698177 -0.145945549 -0.958024919 0.0246737339 -0.285621375 60 1 0 0 0 0 0 0 0 0 0 0 
-1.02016246 -4.53497314 0.33636868 -0.263528228 -0.165990055 0.950263262 60 1 0 0 0 0 0 0 0 0 0 0 
-1.23282731 -4.55448246 0.273904532 -0.263528228 -0.165990055 0.950263262 60 1 0 0 0 0 0 0 0 0 0 0 
-1.23581815 -4.70611048 0.246668905 -0.263528228 -0.165990055 0.950263262 60 1 0 0 0 0 0 0 0 0 0 0 
-1.03106654 -4.68621016 0.306847155 -0.263528228 -0.165990055 0.950263262 60 1 0 0 0 0 0 0 0 0 0 0 
-1.02016246 -4.53497314 0.33636868 0.307035238 -0.197328553 0.931015968 60 1 0 0 0 0 0 0 0 0 0 0 
-1.03106654 -4.68621016 0.306847155 0.307035238 -0.197328553 0.931015968 60 1 0 0 0 0 0 0 0 0 0 0 
-0.83071053 -4.73137188 0.232263461 0.307035238 -0.197328553 0.931015968 60 1 0 0 0 0 0 0 0 0 0 0 
-0.812042713 -4.57171726 0.25888285 0.307035238 -0.197328553 0.931015968 60 1 0 0 0 0 0 0 0 0 0 0 
-1.02016246 -4.53497314 0.33636868 0.323382735 -0.181007847 0.928794801 60 1 0 0 0 0 0 0 0 0 0 0 
-0.812042713 -4.57171726 0.25888285 0.323382735 -0.181007847 0.928794801 60 1 0 0 0 0 0 0 0 0 0 0 
-0.792873621 -4.38615561 0.286234796 0.323382735 -0.181007847 0.928794801 60 1 0 0 0 0 0 0 0 0 0 0 
-1.00895154 -4.37035656 0.366683573 0.323382735 -0.181007847 0.928794801 60 1 0 0 0 0 0 0 0 0 0 0 
-1.02016246 -4.53497314 0.33636868 -0.273281425 -0.146754906 0.95067358 60 1 0 0 0 0 0 0 0 0 0 0 
-1.00895154 -4.37035656 0.366683573 -0.273281425 -0.146754906 0.95067358 60 1 0 0 0 0 0 0 0 0 0 0 
-1.22974861 -4.36842442 0.301830828 -0.273281425 -0.146754906 0.95067358 60 1 0 0 0 0 0 0 0 0 0 0 
-1.23282731 -4.55448246 0.273904532 -0.273281425 -0.146754906 0.95067358 60 1 0 0 0 0 0 0 0 0 0 0 
-0.790375531 -5.02135229 0.00943809375 0.948708117 -0.0336971916 0.314352363 60 0.972905099 61 0.0259777065 62 0.00111720816 0 0 0 0 0 0 
-0.848909497 -4.887568 0.206347525 0.948708117 -0.0336971916 0.314352363 60 1 0 0 0 0 0 0 0 0 0 0 
-0.851074576 -5.06419563 0.188033909 0.948708117 -0.0336971916 0.314352363 60 0.874576628 62 0.0688005611 61 0.0566228069 0 0 0 0 0 0 
-0.791074753 -5.22278118 -0.00412995834 0.948708117 -0.0336971916 0.314352363 60 0.656468809 61 0.253305882 62 0.0902252868 0 0 0 0 0 0 
-0.790375531 -5.02135229 0.00943809375 0.933643341 0.0138453906 -0.357936323 60 0.972905099 61 0.0259777065 62 0.00111720816 0 0 0 0 0 0 
-0.791074753 -5.22278118 -0.00412995834 0.933643341 0.0138453906 -0.357936323 60 0.656468809 61 0.253305882 62 0.0902252868 0 0 0 0 0 0 
-0.864518106 -5.31893826 -0.19546707 0.933643341 0.0138453906 -0.357936323 61 0.668546796 60 0.258334637 62 0.0731185898 0 0 0 0 0 0 
-0.861778021 -5.0768466 -0.182908103 0.933643341 0.0138453906 -0.357936323 60 0.861125827 61 0.138874188 0 0 0 0 0 0 0 0 
-0.790375531 -5.02135229 0.00943809375 0.940591097 -0.0584857315 -0.334466517 60 0.972905099 61 0.0259777065 62 0.00111720816 0 0 0 0 0 0 
-0.861778021 -5.0768466 -0.182908103 0.940591097 -0.0584857315 -0.334466517 60 0.861125827 61 0.138874188 0 0 0 0 0 0 0 0 
-0.843897283 -4.84437799 -0.172022417 0.940591097 -0.0584857315 -0.334466517 60 1 0 0 0 0 0 0 0 0 0 0 
-0.769785941 -4.80192757 0.0277196094 0.940591097 -0.0584857315 -0.334466517 60 1 0 0 0 0 0 0 0 0 0 0 
-0.790375531 -5.02135229 0.00943809375 0.928340018 -0.136547521 0.345745116 60 0.972905099 61 0.0259777065 62 0.00111720816 0 0 0 0 0 0 
-0.769785941 -4.80192757 0.0277196094 0.928340018 -0.136547521 0.345745116 60 1 0 0 0 0 0 0 0 0 0 0 
-0.83071053 -4.73137188 0.232263461 0.928340018 -0.136547521 0.345745116 60 1 0 0 0 0 0 0 0 0 0 0 
-0.848909497 -4.887568 0.206347525 0.928340018 -0.136547521 0.345745116 60 1 0 0 0 0 0 0 0 0 0 0 
-1.0588274 -5.0815239 -0.240939185 0.309033751 0.0712824091 -0.948376 60 0.878876626 61 0.121123374 0 0 0 0 0 0 0 0 
-0.861778021 -5.0768466 -0.182908103 0.309033751 0.0712824091 -0.948376 60 0.861125827 61 0.138874188 0 0 0 0 0 0 0 0 
-0.864518106 -5.31893826 -0.19546707 0.309033751 0.0712824091 -0.948376 61 0.668546796 60 0.258334637 62 0.0731185898 0 0 0 0 0 0 
-1.0669235 -5.33074665 -0.268839747 0.309033751 0.0712824091 -0.948376 61 0.494981408 60 0.423870087 62 0.0811485127 0 0 0 0 0 0 
-1.0588274 -5.0815239 -0.240939185 -0.286776394 0.15401113 -0.945536792 60 0.878876626 61 0.121123374 0 0 0 0 0 0 0 0 
-1.0669235 -5.33074665 -0.268839747 -0.286776394 0.15401113 -0.945536792 61 0.494981408 60 0.423870087 62 0.0811485127 0 0 0 0 0 0 
-1.26484776 -5.30366945 -0.21463801 -0.286776394 0.15401113 -0.945536792 61 0.628665686 60 0.267306924 62 0.104027405 0 0 0 0 0 0 
-1.25158739 -5.06298304 -0.169218391 -0.286776394 0.15401113 -0.945536792 60 0.828636527 61 0.162361026 62 0.00900245085 0 0 0 0 0 0 
-1.0588274 -5.0815239 -0.240939185 -0.345155388 0.0487296656 -0.937279701 60 0.878876626 61 0.121123374 0 0 0 0 0 0 0 0 
-1.25158739 -5.06298304 -0.169218391 -0.345155388 0.0487296656 -0.937279701 60 0.828636527 61 0.162361026 62 0.00900245085 0 0 0 0 0 0 
-1.24900484 -4.8259201 -0.157616973 -0.345155388 0.0487296656 -0.937279701 60 0.999703646 61 0.000296349492 0 0 0 0 0 0 0 0 
-1.04864883 -4.8369751 -0.232200682 -0.345155388 0.0487296656 -0.937279701 60 1 0 0 0 0 0 0 0 0 0 0 
-1.0588274 -5.0815239 -0.240939185 0.282307088 0.0228488818 -0.959052026 60 0.878876626 61 0.121123374 0 0 0 0 0 0 0 0 
-1.04864883 -4.8369751 -0.232200682 0.282307088 0.0228488818 -0.959052026 60 1 0 0 0 0 0 0 0 0 0 0 
-0.843897283 -4.84437799 -0.172022417 0.282307088 0.0228488818 -0.959052026 60 1 0 0 0 0 0 0 0 0 0 0 
-0.861778021 -5.0768466 -0.182908103 0.282307088 0.0228488818 -0.959052026 60 0.861125827 61 0.138874188 0 0 0 0 0 0 0 0 
-1.3101213 -4.93279028 0.0276910327 -0.915698707 0.135434866 -0.378356278 60 1 0 0 0 0 0 0 0 0 0 0 
-1.25158739 -5.06298304 -0.169218391 -0.915698707 0.135434866 -0.378356278 60 0.828636527 61 0.162361026 62 0.00900245085 0 0 0 0 0 0 
-1.26484776 -5.30366945 -0.21463801 -0.915698707 0.135434866 -0.378356278 61 0.628665686 60 0.267306924 62 0.104027405 0 0 0 0 0 0 
-1.32484758 -5.1340189 -0.0173423216 -0.915698707 0.135434866 -0.378356278 60 0.682056248 61 0.248517931 62 0.0694258064 0 0 0 0 0 0 
-1.3101213 -4.93279028 0.0276910327 -0.943838954 0.00962094404 0.330265641 60 1 0 0 0 0 0 0 0 0 0 0 
-1.32484758 -5.1340189 -0.0173423216 -0.943838954 0.00962094404 0.330265641 60 0.682056248 61 0.248517931 62 0.0694258064 0 0 0 0 0 0 
-1.25140417 -5.00417471 0.19757314 -0.943838954 0.00962094404 0.330265641 60 0.902434707 62 0.0559583604 61 0.0416069366 0 0 0 0 0 0 
-1.23871875 -4.83328676 0.220037222 -0.943838954 0.00962094404 0.330265641 60 1 0 0 0 0 0 0 0 0 0 0 
-1.3101213 -4.93279028 0.0276910327 -0.92946285 -0.0486070625 0.365699768 60 1 0 0 0 0 0 0 0 0 0 0 
-1.23871875 -4.83328676 0.220037222 -0.92946285 -0.0486070625 0.365699768 60 1 0 0 0 0 0 0 0 0 0 0 
-1.23581815 -4.70611048 0.246668905 -0.92946285 -0.0486070625 0.365699768 60 1 0 0 0 0 0 0 0 0 0 0 
-1.30992937 -4.77401304 0.0469268784 -0.92946285 -0.0486070625 0.365699768 60 1 0 0 0 0 0 0 0 0 0 0 
-1.3101213 -4.93279028 0.0276910327 -0.954254508 0.0298647247 -0.297500551 60 1 0 0 0 0 0 0 0 0 0 0 
-1.30992937 -4.77401304 0.0469268784 -0.954254508 0.0298647247 -0.297500551 60 1 0 0 0 0 0 0 0 0 0 0 
-1.24900484 -4.8259201 -0.157616973 -0.954254508 0.0298647247 -0.297500551 60 0.999703646 61 0.000296349492 0 0 0 0 0 0 0 0 
-1.25158739 -5.06298304 -0.169218391 -0.954254508 0.0298647247 -0.297500551 60 0.828636527 61 0.162361026 62 0.00900245085 0 0 0 0 0 0 
-1.04166937 -4.81822777 0.278068304 -0.279846966 -0.0977887437 0.955051303 60 1 0 0 0 0 0 0 0 0 0 0 
-1.23871875 -4.83328676 0.220037222 -0.279846966 -0.0977887437 0.955051303 60 1 0 0 0 0 0 0 0 0 0 0 
-1.25140417 -5.00417471 0.19757314 -0.279846966 -0.0977887437 0.955051303 60 0.902434707 62 0.0559583604 61 0.0416069366 0 0 0 0 0 0 
-1.04899883 -5.00608301 0.257935554 -0.279846966 -0.0977887437 0.955051303 60 0.881506741 62 0.0676713511 61 0.0508218855 0 0 0 0 0 0 
-1.04166937 -4.81822777 0.278068304 0.307562709 -0.107735515 0.945409119 60 1 0 0 0 0 0 0 0 0 0 0 
-1.04899883 -5.00608301 0.257935554 0.307562709 -0.107735515 0.945409119 60 0.881506741 62 0.0676713511 61 0.0508218855 0 0 0 0 0 0 
-0.851074576 -5.06419563 0.188033909 0.307562709 -0.107735515 0.945409119 60 0.874576628 62 0.0688005611 61 0.0566228069 0 0 0 0 0 0 
-0.848909497 -4.887568 0.206347525 0.307562709 -0.107735515 0.945409119 60 1 0 0 0 0 0 0 0 0 0 0 
-1.04166937 -4.81822777 0.278068304 0.287966162 -0.206245109 0.935167611 60 1 0 0 0 0 0 0 0 0 0 0 
-0.848909497 -4.887568 0.206347525 0.287966162 -0.206245109 0.935167611 60 1 0 0 0 0 0 0 0 0 0 0 
-0.83071053 -4.73137188 0.232263461 0.287966162 -0.206245109 0.935167611 60 1 0 0 0 0 0 0 0 0 0 0 
-1.03106654 -4.68621016 0.306847155 0.287966162 -0.206245109 0.935167611 60 1 0 0 0 0 0 0 0 0 0 0 
-1.04166937 -4.81822777 0.278068304 -0.262023121 -0.188678533 0.946437776 60 1 0 0 0 0 0 0 0 0 0 0 
-1.03106654 -4.68621016 0.306847155 -0.262023121 -0.188678533 0.946437776 60 1 0 0 0 0 0 0 0 0 0 0 
-1.23581815 -4.70611048 0.246668905 -0.262023121 -0.188678533 0.946437776 60 1 0 0 0 0 0 0 0 0 0 0 
-1.23871875 -4.83328676 0.220037222 -0.262023121 -0.188678533 0.946437776 60 1 0 0 0 0 0 0 0 0 0 0 
-2.76714301 2.82731485 -0.130725563 0.10453251 -0.935560405 0.337342203 41 0.903837323 42 0.0961626619 0 0 0 0 0 0 0 0 
-2.77189064 2.8969686 0.065086402 0.10453251 -0.935560405 0.337342203 41 0.934442937 42 0.0655570626 0 0 0 0 0 0 0 0 
-2.97880149 2.87886548 0.0778280869 0.10453251 -0.935560405 0.337342203 41 0.76955682 42 0.23044318 0 0 0 0 0 0 0 0 
-2.98633051 2.8008182 -0.135120735 0.10453251 -0.935560405 0.337342203 41 0.540312231 42 0.459687799 0 0 0 0 0 0 0 0 
-2.76714301 2.82731485 -0.130725563 0.121345907 -0.949214935 -0.290286332 41 0.903837323 42 0.0961626619 0 0 0 0 0 0 0 0 
-2.98633051 2.8008182 -0.135120735 0.121345907 -0.949214935 -0.290286332 41 0.540312231 42 0.459687799 0 0 0 0 0 0 0 0 
-2.9892776 2.86697268 -0.353261471 0.121345907 -0.949214935 -0.290286332 41 0.51288873 42 0.48711127 0 0 0 0 0 0 0 0 
-2.76300931 2.88859248 -0.328782469 0.121345907 -0.949214935 -0.290286332 41 0.889568985 42 0.110431045 0 0 0 0 0 0 0 0 
-2.76714301 2.82731485 -0.130725563 -0.0330418535 -0.955217779 -0.294053286 41 0.903837323 42 0.0961626619 0 0 0 0 0 0 0 0 
-2.76300931 2.88859248 -0.328782469 -0.0330418535 -0.955217779 -0.294053286 41 0.889568985 42 0.110431045 0 0 0 0 0 0 0 0 
-2.55202007 2.8810668 -0.329508275 -0.0330418535 -0.955217779 -0.294053286 41 0.995370626 42 0.0046293675 0 0 0 0 0 0 0 0 
-2.56388736 2.81532836 -0.113161758 -0.0330418535 -0.955217779 -0.294053286 41 1 0 0 0 0 0 0 0 0 0 0 
-2.76714301 2.82731485 -0.130725563 -0.0819950178 -0.938879788 0.334337592 41 0.903837323 42 0.0961626619 0 0 0 0 0 0 0 0 
-2.56388736 2.81532836 -0.113161758 -0.0819950178 -0.938879788 0.334337592 41 1 0 0 0 0 0 0 0 0 0 0 
-2.58093214 2.8925426 0.0981139243 -0.0819950178 -0.938879788 0.334337592 41 1 0 0 0 0 0 0 0 0 0 0 
-2.77189064 2.8969686 0.065086402 -0.0819950178 -0.938879788 0.334337592 41 0.934442937 42 0.0655570626 0 0 0 0 0 0 0 0 
-2.7624414 3.08336473 -0.400012642 0.132796869 -0.340322286 -0.930884421 41 0.893782914 42 0.106217071 0 0 0 0 0 0 0 0 
-2.76300931 2.88859248 -0.328782469 0.132796869 -0.340322286 -0.930884421 41 0.889568985 42 0.110431045 0 0 0 0 0 0 0 0 
-2.9892776 2.86697268 -0.353261471 0.132796869 -0.340322286 -0.930884421 41 0.51288873 42 0.48711127 0 0 0 0 0 0 0 0 
-2.9841516 3.08144522 -0.430834979 0.132796869 -0.340322286 -0.930884421 41 0.513539493 42 0.486460477 0 0 0 0 0 0 0 0 
-2.7624414 3.08336473 -0.400012642 0.128146678 0.285986185 -0.949626386 41 0.893782914 42 0.106217071 0 0 0 0 0 0 0 0 
-2.9841516 3.08144522 -0.430834979 0.128146678 0.285986185 -0.949626386 41 0.513539493 42 0.486460477 0 0 0 0 0 0 0 0 
-2.97555447 3.298491 -0.363984495 0.128146678 0.285986185 -0.949626386 41 0.544008017 42 0.455991954 0 0 0 0 0 0 0 0 
-2.76482153 3.28242826 -0.340710014 0.128146678 0.285986185 -0.949626386 41 0.893625736 42 0.106374256 0 0 0 0 0 0 0 0 
-2.7624414 3.08336473 -0.400012642 -0.0433221124 0.287106752 -0.956918538 41 0.893782914 42 0.106217071 0 0 0 0 0 0 0 0 
-2.76482153 3.28242826 -0.340710014 -0.0433221124 0.287106752 -0.956918538 41 0.893625736 42 0.106374256 0 0 0 0 0 0 0 0 
-2.56918311 3.3096509 -0.340868801 -0.0433221124 0.287106752 -0.956918538 41 0.996563911 42 0.00343608786 0 0 0 0 0 0 0 0 
-2.55586863 3.09402275 -0.406697601 -0.0433221124 0.287106752 -0.956918538 41 0.996483982 42 0.00351602794 0 0 0 0 0 0 0 0 
-2.7624414 3.08336473 -0.400012642 -0.0141083226 -0.342124104 -0.93954891 41 0.893782914 42 0.106217071 0 0 0 0 0 0 0 0 
-2.55586863 3.09402275 -0.406697601 -0.0141083226 -0.342124104 -0.93954891 41 0.996483982 42 0.00351602794 0 0 0 0 0 0 0 0 
-2.55202007 2.8810668 -0.329508275 -0.0141083226 -0.342124104 -0.93954891 41 0.995370626 42 0.0046293675 0 0 0 0 0 0 0 0 
-2.76300931 2.88859248 -0.328782469 -0.0141083226 -0.342124104 -0.93954891 41 0.889568985 42 0.110431045 0 0 0 0 0 0 0 0 
-2.76953793 3.3543129 -0.145269752 0.106244296 0.934882879 -0.338683039 41 0.936552465 42 0.0634475127 0 0 0 0 0 0 0 0 
-2.76482153 3.28242826 -0.340710014 0.106244296 0.934882879 -0.338683039 41 0.893625736 42 0.106374256 0 0 0 0 0 0 0 0 
-2.97555447 3.298491 -0.363984495 0.106244296 0.934882879 -0.338683039 41 0.544008017 42 0.455991954 0 0 0 0 0 0 0 0 
-2.96804523 3.37436843 -0.150674671 0.106244296 0.934882879 -0.338683039 41 0.767784536 42 0.232215479 0 0 0 0 0 0 0 0 
-2.76953793 3.3543129 -0.145269752 0.0864922702 0.952559173 0.291805029 41 0.936552465 42 0.0634475127 0 0 0 0 0 0 0 0 
-2.96804523 3.37436843 -0.150674671 0.0864922702 0.952559173 0.291805029 41 0.767784536 42 0.232215479 0 0 0 0 0 0 0 0 
-2.96511173 3.30763268 0.0650817826 0.0864922702 0.952559173 0.291805029 41 0.799316108 42 0.200683907 0 0 0 0 0 0 0 0 
-2.77368689 3.29363966 0.0552444384 0.0864922702 0.952559173 0.291805029 41 0.943068862 42 0.0569311641 0 0 0 0 0 0 0 0 
-2.76953793 3.3543129 -0.145269752 -0.184795693 0.941812158 0.28078568 41 0.936552465 42 0.0634475127 0 0 0 0 0 0 0 0 
-2.77368689 3.29363966 0.0552444384 -0.184795693 0.941812158 0.28078568 41 0.943068862 42 0.0569311641 0 0 0 0 0 0 0 0 
-2.59665179 3.3194313 0.0855131969 -0.184795693 0.941812158 0.28078568 41 1 0 0 0 0 0 0 0 0 0 0 
-2.58573985 3.38555956 -0.129378706 -0.184795693 0.941812158 0.28078568 41 1 0 0 0 0 0 0 0 0 0 0 
-2.76953793 3.3543129 -0.145269752 -0.129008755 0.929890394 -0.344471544 41 0.936552465 42 0.0634475127 0 0 0 0 0 0 0 0 
-2.58573985 3.38555956 -0.129378706 -0.129008755 0.929890394 -0.344471544 41 1 0 0 0 0 0 0 0 0 0 0 
-2.56918311 3.3096509 -0.340868801 -0.129008755 0.929890394 -0.344471544 41 0.996563911 42 0.00343608786 0 0 0 0 0 0 0 0 
-2.76482153 3.28242826 -0.340710014 -0.129008755 0.929890394 -0.344471544 41 0.893625736 42 0.106374256 0 0 0 0 0 0 0 0 
-2.77426863 3.09639239 0.126545414 0.0741723776 0.339809656 0.93756485 41 0.948132575 42 0.0518673994 0 0 0 0 0 0 0 0 
-2.77368689 3.29363966 0.0552444384 0.0741723776 0.339809656 0.93756485 41 0.943068862 42 0.0569311641 0 0 0 0 0 0 0 0 
-2.96511173 3.30763268 0.0650817826 0.0741723776 0.339809656 0.93756485 41 0.799316108 42 0.200683907 0 0 0 0 0 0 0 0 
-2.97019958 3.09556103 0.142582178 0.0741723776 0.339809656 0.93756485 41 0.807437122 42 0.192562863 0 0 0 0 0 0 0 0 
-2.77426863 3.09639239 0.126545414 0.0817595199 -0.290400028 0.953406155 41 0.948132575 42 0.0518673994 0 0 0 0 0 0 0 0 
-2.97019958 3.09556103 0.142582178 0.0817595199 -0.290400028 0.953406155 41 0.807437122 42 0.192562863 0 0 0 0 0 0 0 0 
-2.97880149 2.87886548 0.0778280869 0.0817595199 -0.290400028 0.953406155 41 0.76955682 42 0.23044318 0 0 0 0 0 0 0 0 
-2.77189064 2.8969686 0.065086402 0.0817595199 -0.290400028 0.953406155 41 0.934442937 42 0.0655570626 0 0 0 0 0 0 0 0 
-2.77426863 3.09639239 0.126545414 -0.169484168 -0.292025536 0.941273689 41 0.948132575 42 0.0518673994 0 0 0 0 0 0 0 0 
-2.77189064 2.8969686 0.065086402 -0.169484168 -0.292025536 0.941273689 41 0.934442937 42 0.0655570626 0 0 0 0 0 0 0 0 
-2.58093214 2.8925426 0.0981139243 -0.169484168 -0.292025536 0.941273689 41 1 0 0 0 0 0 0 0 0 0 0 
-2.59341574 3.10794902 0.162677959 -0.169484168 -0.292025536 0.941273689 41 1 0 0 0 0 0 0 0 0 0 0 
-2.77426863 3.09639239 0.126545414 -0.205491826 0.332945824 0.920282602 41 0.948132575 42 0.0518673994 0 0 0 0 0 0 0 0 
-2.59341574 3.10794902 0.162677959 -0.205491826 0.332945824 0.920282602 41 1 0 0 0 0 0 0 0 0 0 0 
-2.59665179 3.3194313 0.0855131969 -0.205491826 0.332945824 0.920282602 41 1 0 0 0 0 0 0 0 0 0 0 
-2.77368689 3.29363966 0.0552444384 -0.205491826 0.332945824 0.920282602 41 0.943068862 42 0.0569311641 0 0 0 0 0 0 0 0 
-2.32061648 2.80960226 -0.0936984569 -0.0509577617 -0.940013826 0.337309033 41 1 0 0 0 0 0 0 0 0 0 0 
-2.34249377 2.89114285 0.131564334 -0.0509577617 -0.940013826 0.337309033 41 1 0 0 0 0 0 0 0 0 0 0 
-2.58093214 2.8925426 0.0981139243 -0.0509577617 -0.940013826 0.337309033 41 1 0 0 0 0 0 0 0 0 0 0 
-2.56388736 2.81532836 -0.113161758 -0.0509577617 -0.940013826 0.337309033 41 1 0 0 0 0 0 0 0 0 0 0 
-2.32061648 2.80960226 -0.0936984569 0.00196600519 -0.956477821 -0.291798502 41 1 0 0 0 0 0 0 0 0 0 0 
-2.56388736 2.81532836 -0.113161758 0.00196600519 -0.956477821 -0.291798502 41 1 0 0 0 0 0 0 0 0 0 0 
-2.55202007 2.8810668 -0.329508275 0.00196600519 -0.956477821 -0.291798502 41 0.995370626 42 0.0046293675 0 0 0 0 0 0 0 0 
-2.30619812 2.87996292 -0.32328999 0.00196600519 -0.956477821 -0.291798502 41 1 0 0 0 0 0 0 0 0 0 0 
-2.32061648 2.80960226 -0.0936984569 0.0639178529 -0.955273628 -0.288733304 41 1 0 0 0 0 0 0 0 0 0 0 
-2.30619812 2.87996292 -0.32328999 0.0639178529 -0.955273628 -0.288733304 41 1 0 0 0 0 0 0 0 0 0 0 
-2.05346131 2.89133358 -0.304966688 0.0639178529 -0.955273628 -0.288733304 41 1 0 0 0 0 0 0 0 0 0 0 
-2.06797624 2.82049537 -0.0738063753 0.0639178529 -0.955273628 -0.288733304 41 1 0 0 0 0 0 0 0 0 0 0 
-2.32061648 2.80960226 -0.0936984569 0.0136266872 -0.939783394 0.34149915 41 1 0 0 0 0 0 0 0 0 0 0 
-2.06797624 2.82049537 -0.0738063753 0.0136266872 -0.939783394 0.34149915 41 1 0 0 0 0 0 0 0 0 0 0 
-2.09000516 2.9025898 0.152995408 0.0136266872 -0.939783394 0.34149915 41 1 0 0 0 0 0 0 0 0 0 0 
-2.34249377 2.89114285 0.131564334 0.0136266872 -0.939783394 0.34149915 41 1 0 0 0 0 0 0 0 0 0 0 
-2.31133723 3.10595107 -0.405592144 0.0215650853 -0.34103784 -0.93980217 41 1 0 0 0 0 0 0 0 0 0 0 
-2.30619812 2.87996292 -0.32328999 0.0215650853 -0.34103784 -0.93980217 41 1 0 0 0 0 0 0 0 0 0 0 
-2.55202007 2.8810668 -0.329508275 0.0215650853 -0.34103784 -0.93980217 41 0.995370626 42 0.0046293675 0 0 0 0 0 0 0 0 
-2.55586863 3.09402275 -0.406697601 0.0215650853 -0.34103784 -0.93980217 41 0.996483982 42 0.00351602794 0 0 0 0 0 0 0 0 
-2.31133723 3.10595107 -0.405592144 -0.0114127984 0.289649665 -0.957064688 41 1 0 0 0 0 0 0 0 0 0 0 
-2.55586863 3.09402275 -0.406697601 -0.0114127984 0.289649665 -0.957064688 41 0.996483982 42 0.00351602794 0 0 0 0 0 0 0 0 
-2.56918311 3.3096509 -0.340868801 -0.0114127984 0.289649665 -0.957064688 41 0.996563911 42 0.00343608786 0 0 0 0 0 0 0 0 
-2.3285749 3.33566618 -0.336276174 -0.0114127984 0.289649665 -0.957064688 41 1 0 0 0 0 0 0 0 0 0 0 
-2.31133723 3.10595107 -0.405592144 0.0521980971 0.292071313 -0.954971075 41 1 0 0 0 0 0 0 0 0 0 0 
-2.3285749 3.33566618 -0.336276174 0.0521980971 0.292071313 -0.954971075 41 1 0 0 0 0 0 0 0 0 0 0 
-2.07599139 3.35015035 -0.318041593 0.0521980971 0.292071313 -0.954971075 41 1 0 0 0 0 0 0 0 0 0 0 
-2.05863357 3.11886597 -0.387828141 0.0521980971 0.292071313 -0.954971075 41 1 0 0 0 0 0 0 0 0 0 0 
-2.31133723 3.10595107 -0.405592144 0.0832026377 -0.339337885 -0.936977684 41 1 0 0 0 0 0 0 0 0 0 0 
-2.05863357 3.11886597 -0.387828141 0.0832026377 -0.339337885 -0.936977684 41 1 0 0 0 0 0 0 0 0 0 0 
-2.05346131 2.89133358 -0.304966688 0.0832026377 -0.339337885 -0.936977684 41 1 0 0 0 0 0 0 0 0 0 0 
-2.30619812 2.87996292 -0.32328999 0.0832026377 -0.339337885 -0.936977684 41 1 0 0 0 0 0 0 0 0 0 0 
-2.35045218 3.41720653 -0.111013368 -0.0964746848 0.933610737 -0.345055819 41 1 0 0 0 0 0 0 0 0 0 0 
-2.3285749 3.33566618 -0.336276174 -0.0964746848 0.933610737 -0.345055819 41 1 0 0 0 0 0 0 0 0 0 0 
-2.56918311 3.3096509 -0.340868801 -0.0964746848 0.933610737 -0.345055819 41 0.996563911 42 0.00343608786 0 0 0 0 0 0 0 0 
-2.58573985 3.38555956 -0.129378706 -0.0964746848 0.933610737 -0.345055819 41 1 0 0 0 0 0 0 0 0 0 0 
-2.35045218 3.41720653 -0.111013368 -0.15088433 0.947381139 0.282316953 41 1 0 0 0 0 0 0 0 0 0 0 
-2.58573985 3.38555956 -0.129378706 -0.15088433 0.947381139 0.282316953 41 1 0 0 0 0 0 0 0 0 0 0 
-2.59665179 3.3194313 0.0855131969 -0.15088433 0.947381139 0.282316953 41 1 0 0 0 0 0 0 0 0 0 0 
-2.36487055 3.34684587 0.118578151 -0.15088433 0.947381139 0.282316953 41 1 0 0 0 0 0 0 0 0 0 0 
-2.35045218 3.41720653 -0.111013368 -0.0793894455 0.954479277 0.287518054 41 1 0 0 0 0 0 0 0 0 0 0 
-2.36487055 3.34684587 0.118578151 -0.0793894455 0.954479277 0.287518054 41 1 0 0 0 0 0 0 0 0 0 0 
-2.11253476 3.36140656 0.139920488 -0.0793894455 0.954479277 0.287518054 41 1 0 0 0 0 0 0 0 0 0 0 
-2.09801555 3.43224525 -0.0912394226 -0.0793894455 0.954479277 0.287518054 41 1 0 0 0 0 0 0 0 0 0 0 
-2.35045218 3.41720653 -0.111013368 -0.0290992931 0.938988924 -0.34271431 41 1 0 0 0 0 0 0 0 0 0 0 
-2.09801555 3.43224525 -0.0912394226 -0.0290992931 0.938988924 -0.34271431 41 1 0 0 0 0 0 0 0 0 0 0 
-2.07599139 3.35015035 -0.318041593 -0.0290992931 0.938988924 -0.34271431 41 1 0 0 0 0 0 0 0 0 0 0 
-2.3285749 3.33566618 -0.336276174 -0.0290992931 0.938988924 -0.34271431 41 1 0 0 0 0 0 0 0 0 0 0 
-2.35973144 3.12085772 0.200880289 -0.170877114 0.334550112 0.926756382 41 1 0 0 0 0 0 0 0 0 0 0 
-2.36487055 3.34684587 0.118578151 -0.170877114 0.334550112 0.926756382 41 1 0 0 0 0 0 0 0 0 0 0 
-2.59665179 3.3194313 0.0855131969 -0.170877114 0.334550112 0.926756382 41 1 0 0 0 0 0 0 0 0 0 0 
-2.59341574 3.10794902 0.162677959 -0.170877114 0.334550112 0.926756382 41 1 0 0 0 0 0 0 0 0 0 0 
-2.35973144 3.12085772 0.200880289 -0.136430696 -0.29367584 0.94611901 41 1 0 0 0 0 0 0 0 0 0 0 
-2.59341574 3.10794902 0.162677959 -0.136430696 -0.29367584 0.94611901 41 1 0 0 0 0 0 0 0 0 0 0 
-2.58093214 2.8925426 0.0981139243 -0.136430696 -0.29367584 0.94611901 41 1 0 0 0 0 0 0 0 0 0 0 
-2.34249377 2.89114285 0.131564334 -0.136430696 -0.29367584 0.94611901 41 1 0 0 0 0 0 0 0 0 0 0 
-2.35973144 3.12085772 0.200880289 -0.0676718429 -0.292865813 0.953755796 41 1 0 0 0 0 0 0 0 0 0 0 
-2.34249377 2.89114285 0.131564334 -0.0676718429 -0.292865813 0.953755796 41 1 0 0 0 0 0 0 0 0 0 0 
-2.09000516 2.9025898 0.152995408 -0.0676718429 -0.292865813 0.953755796 41 1 0 0 0 0 0 0 0 0 0 0 
-2.10735774 3.13387418 0.222782329 -0.0676718429 -0.292865813 0.953755796 41 1 0 0 0 0 0 0 0 0 0 0 
-2.35973144 3.12085772 0.200880289 -0.0986758098 0.338543415 0.935762465 41 1 0 0 0 0 0 0 0 0 0 0 
-2.10735774 3.13387418 0.222782329 -0.0986758098 0.338543415 0.935762465 41 1 0 0 0 0 0 0 0 0 0 0 
-2.11253476 3.36140656 0.139920488 -0.0986758098 0.338543415 0.935762465 41 1 0 0 0 0 0 0 0 0 0 0 
-2.36487055 3.34684587 0.118578151 -0.0986758098 0.338543415 0.935762465 41 1 0 0 0 0 0 0 0 0 0 0 
-1.81962013 2.85749412 -0.0548978001 0.112192042 -0.930821657 0.347827733 41 1 0 0 0 0 0 0 0 0 0 0 
-1.8399049 2.93309903 0.153968051 0.112192042 -0.930821657 0.347827733 41 1 0 0 0 0 0 0 0 0 0 0 
-2.09000516 2.9025898 0.152995408 0.112192042 -0.930821657 0.347827733 41 1 0 0 0 0 0 0 0 0 0 0 
-2.06797624 2.82049537 -0.0738063753 0.112192042 -0.930821657 0.347827733 41 1 0 0 0 0 0 0 0 0 0 0 
-1.81962013 2.85749412 -0.0548978001 0.162272781 -0.946247876 -0.279790014 41 1 0 0 0 0 0 0 0 0 0 0 
-2.06797624 2.82049537 -0.0738063753 0.162272781 -0.946247876 -0.279790014 41 1 0 0 0 0 0 0 0 0 0 0 
-2.05346131 2.89133358 -0.304966688 0.162272781 -0.946247876 -0.279790014 41 1 0 0 0 0 0 0 0 0 0 0 
-1.80625117 2.92273307 -0.267777294 0.162272781 -0.946247876 -0.279790014 41 1 0 0 0 0 0 0 0 0 0 0 
-1.81962013 2.85749412 -0.0548978001 -0.0801201314 -0.951825678 -0.295987755 41 1 0 0 0 0 0 0 0 0 0 0 
-1.80625117 2.92273307 -0.267777294 -0.0801201314 -0.951825678 -0.295987755 41 1 0 0 0 0 0 0 0 0 0 0 
-1.55879891 2.90520668 -0.278930843 -0.0801201314 -0.951825678 -0.295987755 41 0.943264902 40 0.056735117 0 0 0 0 0 0 0 0 
-1.57677913 2.83089089 -0.0345503837 -0.0801201314 -0.951825678 -0.295987755 41 0.947276175 40 0.0527238138 0 0 0 0 0 0 0 0 
-1.81962013 2.85749412 -0.0548978001 -0.131064981 -0.936631143 0.324875414 41 1 0 0 0 0 0 0 0 0 0 0 
-1.57677913 2.83089089 -0.0345503837 -0.131064981 -0.936631143 0.324875414 41 0.947276175 40 0.0527238138 0 0 0 0 0 0 0 0 
-1.59446907 2.9165051 0.206065968 -0.131064981 -0.936631143 0.324875414 41 0.94803834 40 0.0519616455 0 0 0 0 0 0 0 0 
-1.8399049 2.93309903 0.153968051 -0.131064981 -0.936631143 0.324875414 41 1 0 0 0 0 0 0 0 0 0 0 
-1.81101632 3.13227177 -0.344088674 0.181479976 -0.332866579 -0.925345898 41 1 0 0 0 0 0 0 0 0 0 0 
-1.80625117 2.92273307 -0.267777294 0.181479976 -0.332866579 -0.925345898 41 1 0 0 0 0 0 0 0 0 0 0 
-2.05346131 2.89133358 -0.304966688 0.181479976 -0.332866579 -0.925345898 41 1 0 0 0 0 0 0 0 0 0 0 
-2.05863357 3.11886597 -0.387828141 0.181479976 -0.332866579 -0.925345898 41 1 0 0 0 0 0 0 0 0 0 0 
-1.81101632 3.13227177 -0.344088674 0.150603324 0.295923769 -0.943264484 41 1 0 0 0 0 0 0 0 0 0 0 
-2.05863357 3.11886597 -0.387828141 0.150603324 0.295923769 -0.943264484 41 1 0 0 0 0 0 0 0 0 0 0 
-2.07599139 3.35015035 -0.318041593 0.150603324 0.295923769 -0.943264484 41 1 0 0 0 0 0 0 0 0 0 0 
-1.82699943 3.34526539 -0.279818237 0.150603324 0.295923769 -0.943264484 41 1 0 0 0 0 0 0 0 0 0 0 
-1.81101632 3.13227177 -0.344088674 -0.0976000205 0.282773942 -0.954208136 41 1 0 0 0 0 0 0 0 0 0 0 
-1.82699943 3.34526539 -0.279818237 -0.0976000205 0.282773942 -0.954208136 41 1 0 0 0 0 0 0 0 0 0 0 
-1.55795038 3.39018226 -0.293543011 -0.0976000205 0.282773942 -0.954208136 41 0.982625246 40 0.017374767 0 0 0 0 0 0 0 0 
-1.55234349 3.14462733 -0.367369026 -0.0976000205 0.282773942 -0.954208136 41 0.963594675 40 0.0364053287 0 0 0 0 0 0 0 0 
-1.81101632 3.13227177 -0.344088674 -0.0672404543 -0.343493611 -0.936744809 41 1 0 0 0 0 0 0 0 0 0 0 
-1.55234349 3.14462733 -0.367369026 -0.0672404543 -0.343493611 -0.936744809 41 0.963594675 40 0.0364053287 0 0 0 0 0 0 0 0 
-1.55879891 2.90520668 -0.278930843 -0.0672404543 -0.343493611 -0.936744809 41 0.943264902 40 0.056735117 0 0 0 0 0 0 0 0 
-1.80625117 2.92273307 -0.267777294 -0.0672404543 -0.343493611 -0.936744809 41 1 0 0 0 0 0 0 0 0 0 0 
-1.84728408 3.42087054 -0.0709523633 0.0696429461 0.940157235 -0.333548218 41 1 0 0 0 0 0 0 0 0 0 0 
-1.82699943 3.34526539 -0.279818237 0.0696429461 0.940157235 -0.333548218 41 1 0 0 0 0 0 0 0 0 0 0 
-2.07599139 3.35015035 -0.318041593 0.0696429461 0.940157235 -0.333548218 41 1 0 0 0 0 0 0 0 0 0 0 
-2.09801555 3.43224525 -0.0912394226 0.0696429461 0.940157235 -0.333548218 41 1 0 0 0 0 0 0 0 0 0 0 
-1.84728408 3.42087054 -0.0709523633 0.0195618328 0.955583274 0.294071496 41 1 0 0 0 0 0 0 0 0 0 0 
-2.09801555 3.43224525 -0.0912394226 0.0195618328 0.955583274 0.294071496 41 1 0 0 0 0 0 0 0 0 0 0 
-2.11253476 3.36140656 0.139920488 0.0195618328 0.955583274 0.294071496 41 1 0 0 0 0 0 0 0 0 0 0 
-1.86065304 3.35563135 0.141927123 0.0195618328 0.955583274 0.294071496 41 1 0 0 0 0 0 0 0 0 0 0 
-1.84728408 3.42087054 -0.0709523633 -0.217677161 0.937235773 0.272407621 41 1 0 0 0 0 0 0 0 0 0 0 
-1.86065304 3.35563135 0.141927123 -0.217677161 0.937235773 0.272407621 41 1 0 0 0 0 0 0 0 0 0 0 
-1.59401035 3.40212774 0.195920855 -0.217677161 0.937235773 0.272407621 41 0.999167442 40 0.00083253911 0 0 0 0 0 0 0 0 
-1.575912 3.47784305 -0.0510177091 -0.217677161 0.937235773 0.272407621 41 1 0 0 0 0 0 0 0 0 0 0 
-1.84728408 3.42087054 -0.0709523633 -0.169837102 0.922026515 -0.347882897 41 1 0 0 0 0 0 0 0 0 0 0 
-1.575912 3.47784305 -0.0510177091 -0.169837102 0.922026515 -0.347882897 41 1 0 0 0 0 0 0 0 0 0 0 
-1.55795038 3.39018226 -0.293543011 -0.169837102 0.922026515 -0.347882897 41 0.982625246 40 0.017374767 0 0 0 0 0 0 0 0 
-1.82699943 3.34526539 -0.279818237 -0.169837102 0.922026515 -0.347882897 41 1 0 0 0 0 0 0 0 0 0 0 
-1.85588789 3.14609289 0.218238488 0.000355788856 0.342202604 0.939626217 41 1 0 0 0 0 0 0 0 0 0 0 
-1.86065304 3.35563135 0.141927123 0.000355788856 0.342202604 0.939626217 41 1 0 0 0 0 0 0 0 0 0 0 
-2.11253476 3.36140656 0.139920488 0.000355788856 0.342202604 0.939626217 41 1 0 0 0 0 0 0 0 0 0 0 
-2.10735774 3.13387418 0.222782329 0.000355788856 0.342202604 0.939626217 41 1 0 0 0 0 0 0 0 0 0 0 
-1.85588789 3.14609289 0.218238488 0.0312319063 -0.286587805 0.957544744 41 1 0 0 0 0 0 0 0 0 0 0 
-2.10735774 3.13387418 0.222782329 0.0312319063 -0.286587805 0.957544744 41 1 0 0 0 0 0 0 0 0 0 0 
-2.09000516 2.9025898 0.152995408 0.0312319063 -0.286587805 0.957544744 41 1 0 0 0 0 0 0 0 0 0 0 
-1.8399049 2.93309903 0.153968051 0.0312319063 -0.286587805 0.957544744 41 1 0 0 0 0 0 0 0 0 0 0 
-1.85588789 3.14609289 0.218238488 -0.217238531 -0.296662539 0.929945588 41 1 0 0 0 0 0 0 0 0 0 0 
-1.8399049 2.93309903 0.153968051 -0.217238531 -0.296662539 0.929945588 41 1 0 0 0 0 0 0 0 0 0 0 
-1.59446907 2.9165051 0.206065968 -0.217238531 -0.296662539 0.929945588 41 0.94803834 40 0.0519616455 0 0 0 0 0 0 0 0 
-1.6001718 3.16016078 0.282405734 -0.217238531 -0.296662539 0.929945588 41 0.979179263 40 0.0208207127 0 0 0 0 0 0 0 0 
-1.85588789 3.14609289 0.218238488 -0.24449493 0.329563349 0.911926746 41 1 0 0 0 0 0 0 0 0 0 0 
-1.6001718 3.16016078 0.282405734 -0.24449493 0.329563349 0.911926746 41 0.979179263 40 0.0208207127 0 0 0 0 0 0 0 0 
-1.59401035 3.40212774 0.195920855 -0.24449493 0.329563349 0.911926746 41 0.999167442 40 0.00083253911 0 0 0 0 0 0 0 0 
-1.86065304 3.35563135 0.141927123 -0.24449493 0.329563349 0.911926746 41 1 0 0 0 0 0 0 0 0 0 0 
-1.34685457 2.83234906 -0.0152585562 -0.0240171123 -0.943071842 0.331720799 41 0.800359666 40 0.199640304 0 0 0 0 0 0 0 0 
-1.35079777 2.92146063 0.239298686 -0.0240171123 -0.943071842 0.331720799 41 0.793611228 40 0.206388757 0 0 0 0 0 0 0 0 
-1.59446907 2.9165051 0.206065968 -0.0240171123 -0.943071842 0.331720799 41 0.94803834 40 0.0519616455 0 0 0 0 0 0 0 0 
-1.57677913 2.83089089 -0.0345503837 -0.0240171123 -0.943071842 0.331720799 41 0.947276175 40 0.0527238138 0 0 0 0 0 0 0 0 
-1.34685457 2.83234906 -0.0152585562 0.0289739668 -0.957253158 -0.287796795 41 0.800359666 40 0.199640304 0 0 0 0 0 0 0 0 
-1.57677913 2.83089089 -0.0345503837 0.0289739668 -0.957253158 -0.287796795 41 0.947276175 40 0.0527238138 0 0 0 0 0 0 0 0 
-1.55879891 2.90520668 -0.278930843 0.0289739668 -0.957253158 -0.287796795 41 0.943264902 40 0.056735117 0 0 0 0 0 0 0 0 
-1.32104743 2.91026807 -0.272824585 0.0289739668 -0.957253158 -0.287796795 41 0.777667284 40 0.222332686 0 0 0 0 0 0 0 0 
-1.34685457 2.83234906 -0.0152585562 -0.546058476 -0.787673652 -0.285290033 41 0.800359666 40 0.199640304 0 0 0 0 0 0 0 0 
-1.32104743 2.91026807 -0.272824585 -0.546058476 -0.787673652 -0.285290033 41 0.777667284 40 0.222332686 0 0 0 0 0 0 0 0 
-1.10894001 2.76841021 -0.294105828 -0.546058476 -0.787673652 -0.285290033 40 0.778695405 41 0.221304595 0 0 0 0 0 0 0 0 
-1.13451743 2.68293691 -0.00220006541 -0.546058476 -0.787673652 -0.285290033 40 0.76905477 41 0.230945215 0 0 0 0 0 0 0 0 
-1.34685457 2.83234906 -0.0152585562 -0.565348923 -0.781076252 0.265142381 41 0.800359666 40 0.199640304 0 0 0 0 0 0 0 0 
-1.13451743 2.68293691 -0.00220006541 -0.565348923 -0.781076252 0.265142381 40 0.76905477 41 0.230945215 0 0 0 0 0 0 0 0 
-1.12907505 2.77771187 0.288146228 -0.565348923 -0.781076252 0.265142381 40 0.763899624 41 0.236100361 0 0 0 0 0 0 0 0 
-1.35079777 2.92146063 0.239298686 -0.565348923 -0.781076252 0.265142381 41 0.793611228 40 0.206388757 0 0 0 0 0 0 0 0 
-1.28329313 3.15894866 -0.362691641 0.0331714191 -0.345586658 -0.937800348 41 0.817194104 40 0.182805896 0 0 0 0 0 0 0 0 
-1.32104743 2.91026807 -0.272824585 0.0331714191 -0.345586658 -0.937800348 41 0.777667284 40 0.222332686 0 0 0 0 0 0 0 0 
-1.55879891 2.90520668 -0.278930843 0.0331714191 -0.345586658 -0.937800348 41 0.943264902 40 0.056735117 0 0 0 0 0 0 0 0 
-1.55234349 3.14462733 -0.367369026 0.0331714191 -0.345586658 -0.937800348 41 0.963594675 40 0.0364053287 0 0 0 0 0 0 0 0 
-1.28329313 3.15894866 -0.362691641 0.00895410124 0.296242267 -0.955070913 41 0.817194104 40 0.182805896 0 0 0 0 0 0 0 0 
-1.55234349 3.14462733 -0.367369026 0.00895410124 0.296242267 -0.955070913 41 0.963594675 40 0.0364053287 0 0 0 0 0 0 0 0 
-1.55795038 3.39018226 -0.293543011 0.00895410124 0.296242267 -0.955070913 41 0.982625246 40 0.017374767 0 0 0 0 0 0 0 0 
-1.25545585 3.41136026 -0.281850934 0.00895410124 0.296242267 -0.955070913 41 0.851458728 40 0.148541257 0 0 0 0 0 0 0 0 
-1.28329313 3.15894866 -0.362691641 -0.048576396 0.23848027 -0.969931781 41 0.817194104 40 0.182805896 0 0 0 0 0 0 0 0 
-1.25545585 3.41136026 -0.281850934 -0.048576396 0.23848027 -0.969931781 41 0.851458728 40 0.148541257 0 0 0 0 0 0 0 0 
-0.874067307 3.37467766 -0.330144525 -0.048576396 0.23848027 -0.969931781 40 0.849260449 41 0.129788294 19 0.0190215241 20 0.00192972063 0 0 0 0 
-1.05868638 3.03704357 -0.383740008 -0.048576396 0.23848027 -0.969931781 40 0.751414478 41 0.248585492 0 0 0 0 0 0 0 0 
-1.28329313 3.15894866 -0.362691641 -0.257276952 -0.277422577 -0.925659418 41 0.817194104 40 0.182805896 0 0 0 0 0 0 0 0 
-1.05868638 3.03704357 -0.383740008 -0.257276952 -0.277422577 -0.925659418 40 0.751414478 41 0.248585492 0 0 0 0 0 0 0 0 
-1.10894001 2.76841021 -0.294105828 -0.257276952 -0.277422577 -0.925659418 40 0.778695405 41 0.221304595 0 0 0 0 0 0 0 0 
-1.32104743 2.91026807 -0.272824585 -0.257276952 -0.277422577 -0.925659418 41 0.777667284 40 0.222332686 0 0 0 0 0 0 0 0 
-1.26329947 3.50047183 -0.0272936877 -0.0475729629 0.940346599 -0.336875498 41 0.89266032 40 0.107339703 0 0 0 0 0 0 0 0 
-1.25545585 3.41136026 -0.281850934 -0.0475729629 0.940346599 -0.336875498 41 0.851458728 40 0.148541257 0 0 0 0 0 0 0 0 
-1.55795038 3.39018226 -0.293543011 -0.0475729629 0.940346599 -0.336875498 41 0.982625246 40 0.017374767 0 0 0 0 0 0 0 0 
-1.575912 3.47784305 -0.0510177091 -0.0475729629 0.940346599 -0.336875498 41 1 0 0 0 0 0 0 0 0 0 0 
-1.26329947 3.50047183 -0.0272936877 -0.0926137045 0.954538107 0.283336937 41 0.89266032 40 0.107339703 0 0 0 0 0 0 0 0 
-1.575912 3.47784305 -0.0510177091 -0.0926137045 0.954538107 0.283336937 41 1 0 0 0 0 0 0 0 0 0 0 
-1.59401035 3.40212774 0.195920855 -0.0926137045 0.954538107 0.283336937 41 0.999167442 40 0.00083253911 0 0 0 0 0 0 0 0 
-1.2852062 3.42255282 0.230272353 -0.0926137045 0.954538107 0.283336937 41 0.896569788 40 0.103430234 0 0 0 0 0 0 0 0 
-1.26329947 3.50047183 -0.0272936877 -0.0121420724 0.945631087 0.325014561 41 0.89266032 40 0.107339703 0 0 0 0 0 0 0 0 
-1.2852062 3.42255282 0.230272353 -0.0121420724 0.945631087 0.325014561 41 0.896569788 40 0.103430234 0 0 0 0 0 0 0 0 
-0.893274009 3.38559818 0.32075417 -0.0121420724 0.945631087 0.325014561 40 0.522782266 41 0.477217734 0 0 0 0 0 0 0 0 
-0.996959269 3.50829864 -0.00843785144 -0.0121420724 0.945631087 0.325014561 41 0.52086246 40 0.47913754 0 0 0 0 0 0 0 0 
-1.26329947 3.50047183 -0.0272936877 0.0254747272 0.934379041 -0.355368614 41 0.89266032 40 0.107339703 0 0 0 0 0 0 0 0 
-0.996959269 3.50829864 -0.00843785144 0.0254747272 0.934379041 -0.355368614 41 0.52086246 40 0.47913754 0 0 0 0 0 0 0 0 
-0.874067307 3.37467766 -0.330144525 0.0254747272 0.934379041 -0.355368614 40 0.849260449 41 0.129788294 19 0.0190215241 20 0.00192972063 0 0 0 0 
-1.25545585 3.41136026 -0.281850934 0.0254747272 0.934379041 -0.355368614 41 0.851458728 40 0.148541257 0 0 0 0 0 0 0 0 
-1.32296026 3.17387223 0.320139378 -0.134373978 0.345803738 0.928635299 41 0.848813951 40 0.151186049 0 0 0 0 0 0 0 0 
-1.2852062 3.42255282 0.230272353 -0.134373978 0.345803738 0.928635299 41 0.896569788 40 0.103430234 0 0 0 0 0 0 0 0 
-1.59401035 3.40212774 0.195920855 -0.134373978 0.345803738 0.928635299 41 0.999167442 40 0.00083253911 0 0 0 0 0 0 0 0 
-1.6001718 3.16016078 0.282405734 -0.134373978 0.345803738 0.928635299 41 0.979179263 40 0.0208207127 0 0 0 0 0 0 0 0 
-1.32296026 3.17387223 0.320139378 -0.118592285 -0.295108974 0.948075235 41 0.848813951 40 0.151186049 0 0 0 0 0 0 0 0 
-1.6001718 3.16016078 0.282405734 -0.118592285 -0.295108974 0.948075235 41 0.979179263 40 0.0208207127 0 0 0 0 0 0 0 0 
-1.59446907 2.9165051 0.206065968 -0.118592285 -0.295108974 0.948075235 41 0.94803834 40 0.0519616455 0 0 0 0 0 0 0 0 
-1.35079777 2.92146063 0.239298686 -0.118592285 -0.295108974 0.948075235 41 0.793611228 40 0.206388757 0 0 0 0 0 0 0 0 
-1.32296026 3.17387223 0.320139378 -0.342435449 -0.240930155 0.908124864 41 0.848813951 40 0.151186049 0 0 0 0 0 0 0 0 
-1.35079777 2.92146063 0.239298686 -0.342435449 -0.240930155 0.908124864 41 0.793611228 40 0.206388757 0 0 0 0 0 0 0 0 
-1.12907505 2.77771187 0.288146228 -0.342435449 -0.240930155 0.908124864 40 0.763899624 41 0.236100361 0 0 0 0 0 0 0 0 
-1.08626926 3.04982281 0.373102099 -0.342435449 -0.240930155 0.908124864 40 0.679723859 41 0.320276141 0 0 0 0 0 0 0 0 
-1.32296026 3.17387223 0.320139378 -0.142694652 0.286840558 0.947291255 41 0.848813951 40 0.151186049 0 0 0 0 0 0 0 0 
-1.08626926 3.04982281 0.373102099 -0.142694652 0.286840558 0.947291255 40 0.679723859 41 0.320276141 0 0 0 0 0 0 0 0 
-0.893274009 3.38559818 0.32075417 -0.142694652 0.286840558 0.947291255 40 0.522782266 41 0.477217734 0 0 0 0 0 0 0 0 
-1.2852062 3.42255282 0.230272353 -0.142694652 0.286840558 0.947291255 41 0.896569788 40 0.103430234 0 0 0 0 0 0 0 0 
-4.98297739 3.07129979 -0.1790113 -0.160423815 -0.827468038 0.538108647 49 0.948744953 52 0.0512550175 0 0 0 0 0 0 0 0 
-5.02331495 3.11351037 -0.132462099 -0.160423815 -0.827468038 0.538108647 49 0.894353807 52 0.105646171 0 0 0 0 0 0 0 0 
-5.10310793 3.11557913 -0.146735311 -0.160423815 -0.827468038 0.538108647 49 1 0 0 0 0 0 0 0 0 0 0 
-5.07719469 3.07888889 -0.2017636 -0.160423815 -0.827468038 0.538108647 49 1 0 0 0 0 0 0 0 0 0 0 
-4.98297739 3.07129979 -0.1790113 0.0112943621 -0.960590124 -0.277739346 49 0.948744953 52 0.0512550175 0 0 0 0 0 0 0 0 
-5.07719469 3.07888889 -0.2017636 0.0112943621 -0.960590124 -0.277739346 49 1 0 0 0 0 0 0 0 0 0 0 
-5.0574007 3.0917635 -0.252814204 0.0112943621 -0.960590124 -0.277739346 49 1 0 0 0 0 0 0 0 0 0 0 
-4.95871735 3.08794594 -0.22827062 0.0112943621 -0.960590124 -0.277739346 49 0.920735121 46 0.0792648867 0 0 0 0 0 0 0 0 
-4.98297739 3.07129979 -0.1790113 -0.0851526707 -0.952658653 -0.291874111 49 0.948744953 52 0.0512550175 0 0 0 0 0 0 0 0 
-4.95871735 3.08794594 -0.22827062 -0.0851526707 -0.952658653 -0.291874111 49 0.920735121 46 0.0792648867 0 0 0 0 0 0 0 0 
-4.85644913 3.07294083 -0.221282482 -0.0851526707 -0.952658653 -0.291874111 49 0.600403249 46 0.374498695 43 0.013821614 52 0.0112764556 0 0 0 0 
-4.89251471 3.05615044 -0.14380756 -0.0851526707 -0.952658653 -0.291874111 49 0.747837007 46 0.101452954 52 0.0995086208 43 0.0512014292 0 0 0 0 
-4.98297739 3.07129979 -0.1790113 -0.363945544 -0.886461437 0.285884351 49 0.948744953 52 0.0512550175 0 0 0 0 0 0 0 0 
-4.89251471 3.05615044 -0.14380756 -0.363945544 -0.886461437 0.285884351 49 0.747837007 46 0.101452954 52 0.0995086208 43 0.0512014292 0 0 0 0 
-4.95504379 3.08925271 -0.0877840444 -0.363945544 -0.886461437 0.285884351 49 0.637633801 52 0.362366199 0 0 0 0 0 0 0 0 
-5.02331495 3.11351037 -0.132462099 -0.363945544 -0.886461437 0.285884351 49 0.894353807 52 0.105646171 0 0 0 0 0 0 0 0 
-4.95440531 3.17417955 -0.251981825 0.234777361 -0.284014612 -0.929631829 49 0.901690722 46 0.098309271 0 0 0 0 0 0 0 0 
-4.95871735 3.08794594 -0.22827062 0.234777361 -0.284014612 -0.929631829 49 0.920735121 46 0.0792648867 0 0 0 0 0 0 0 0 
-5.0574007 3.0917635 -0.252814204 0.234777361 -0.284014612 -0.929631829 49 1 0 0 0 0 0 0 0 0 0 0 
-5.05589151 3.1699214 -0.277856827 0.234777361 -0.284014612 -0.929631829 49 1 0 0 0 0 0 0 0 0 0 0 
-4.95440531 3.17417955 -0.251981825 0.219110757 0.304722697 -0.926895142 49 0.901690722 46 0.098309271 0 0 0 0 0 0 0 0 
-5.05589151 3.1699214 -0.277856827 0.219110757 0.304722697 -0.926895142 49 1 0 0 0 0 0 0 0 0 0 0 
-5.07520628 3.24941468 -0.255804181 0.219110757 0.304722697 -0.926895142 49 1 0 0 0 0 0 0 0 0 0 0 
-4.98645115 3.26185608 -0.231217712 0.219110757 0.304722697 -0.926895142 49 0.932491183 46 0.0675088316 0 0 0 0 0 0 0 0 
-4.95440531 3.17417955 -0.251981825 0.0755800307 0.166144654 -0.983200788 49 0.901690722 46 0.098309271 0 0 0 0 0 0 0 0 
-4.98645115 3.26185608 -0.231217712 0.0755800307 0.166144654 -0.983200788 49 0.932491183 46 0.0675088316 0 0 0 0 0 0 0 0 
-4.88300896 3.28060699 -0.228509113 0.0755800307 0.166144654 -0.983200788 49 0.597878575 46 0.343208671 52 0.0589127652 0 0 0 0 0 0 
-4.88052511 3.17580318 -0.237616405 0.0755800307 0.166144654 -0.983200788 49 0.572869897 46 0.427130073 0 0 0 0 0 0 0 0 
-4.95440531 3.17417955 -0.251981825 0.103351481 -0.195718601 -0.975198865 49 0.901690722 46 0.098309271 0 0 0 0 0 0 0 0 
-4.88052511 3.17580318 -0.237616405 0.103351481 -0.195718601 -0.975198865 49 0.572869897 46 0.427130073 0 0 0 0 0 0 0 0 
-4.85644913 3.07294083 -0.221282482 0.103351481 -0.195718601 -0.975198865 49 0.600403249 46 0.374498695 43 0.013821614 52 0.0112764556 0 0 0 0 
-4.95871735 3.08794594 -0.22827062 0.103351481 -0.195718601 -0.975198865 49 0.920735121 46 0.0792648867 0 0 0 0 0 0 0 0 
-5.04107237 3.29339552 -0.165634602 -0.0338643678 0.903260708 -0.427753985 49 0.929491282 52 0.0705087259 0 0 0 0 0 0 0 0 
-4.98645115 3.26185608 -0.231217712 -0.0338643678 0.903260708 -0.427753985 49 0.932491183 46 0.0675088316 0 0 0 0 0 0 0 0 
-5.07520628 3.24941468 -0.255804181 -0.0338643678 0.903260708 -0.427753985 49 1 0 0 0 0 0 0 0 0 0 0 
-5.1033206 3.27830863 -0.187223271 -0.0338643678 0.903260708 -0.427753985 49 1 0 0 0 0 0 0 0 0 0 0 
-5.04107237 3.29339552 -0.165634602 -0.290209025 0.929176092 0.228933156 49 0.929491282 52 0.0705087259 0 0 0 0 0 0 0 0 
-5.1033206 3.27830863 -0.187223271 -0.290209025 0.929176092 0.228933156 49 1 0 0 0 0 0 0 0 0 0 0 
-5.12784529 3.2542851 -0.116894215 -0.290209025 0.929176092 0.228933156 49 0.999054849 52 0.000945173553 0 0 0 0 0 0 0 0 
-5.07058668 3.26690006 -0.0994231254 -0.290209025 0.929176092 0.228933156 49 0.876983523 52 0.123016484 0 0 0 0 0 0 0 0 
-5.04107237 3.29339552 -0.165634602 -0.255630195 0.966159105 0.0344928093 49 0.929491282 52 0.0705087259 0 0 0 0 0 0 0 0 
-5.07058668 3.26690006 -0.0994231254 -0.255630195 0.966159105 0.0344928093 49 0.876983523 52 0.123016484 0 0 0 0 0 0 0 0 
-4.99214602 3.3024857 -0.0576538779 -0.255630195 0.966159105 0.0344928093 52 0.699638784 49 0.218848571 55 0.0802280754 46 0.00128458813 0 0 0 0 
-4.91891432 3.30924225 -0.161383271 -0.255630195 0.966159105 0.0344928093 49 0.623229146 52 0.18178463 46 0.168339923 43 0.0266463198 0 0 0 0 
-5.04107237 3.29339552 -0.165634602 -0.118925802 0.871266425 -0.476184398 49 0.929491282 52 0.0705087259 0 0 0 0 0 0 0 0 
-4.91891432 3.30924225 -0.161383271 -0.118925802 0.871266425 -0.476184398 49 0.623229146 52 0.18178463 46 0.168339923 43 0.0266463198 0 0 0 0 
-4.88300896 3.28060699 -0.228509113 -0.118925802 0.871266425 -0.476184398 49 0.597878575 46 0.343208671 52 0.0589127652 0 0 0 0 0 0 
-4.98645115 3.26185608 -0.231217712 -0.118925802 0.871266425 -0.476184398 49 0.932491183 46 0.0675088316 0 0 0 0 0 0 0 0 
-5.05884933 3.19028044 -0.0929936543 -0.264960885 0.0734069422 0.961460948 49 0.858698964 52 0.141301051 0 0 0 0 0 0 0 0 
-5.07058668 3.26690006 -0.0994231254 -0.264960885 0.0734069422 0.961460948 49 0.876983523 52 0.123016484 0 0 0 0 0 0 0 0 
-5.12784529 3.2542851 -0.116894215 -0.264960885 0.0734069422 0.961460948 49 0.999054849 52 0.000945173553 0 0 0 0 0 0 0 0 
-5.12040424 3.18457556 -0.106866494 -0.264960885 0.0734069422 0.961460948 49 0.995294631 52 0.00470539043 0 0 0 0 0 0 0 0 
-5.05884933 3.19028044 -0.0929936543 -0.154647112 -0.514955521 0.843151927 49 0.858698964 52 0.141301051 0 0 0 0 0 0 0 0 
-5.12040424 3.18457556 -0.106866494 -0.154647112 -0.514955521 0.843151927 49 0.995294631 52 0.00470539043 0 0 0 0 0 0 0 0 
-5.10310793 3.11557913 -0.146735311 -0.154647112 -0.514955521 0.843151927 49 1 0 0 0 0 0 0 0 0 0 0 
-5.02331495 3.11351037 -0.132462099 -0.154647112 -0.514955521 0.843151927 49 0.894353807 52 0.105646171 0 0 0 0 0 0 0 0 
-5.05884933 3.19028044 -0.0929936543 -0.488111079 -0.463393182 0.739604235 49 0.858698964 52 0.141301051 0 0 0 0 0 0 0 0 
-5.02331495 3.11351037 -0.132462099 -0.488111079 -0.463393182 0.739604235 49 0.894353807 52 0.105646171 0 0 0 0 0 0 0 0 
-4.95504379 3.08925271 -0.0877840444 -0.488111079 -0.463393182 0.739604235 49 0.637633801 52 0.362366199 0 0 0 0 0 0 0 0 
-5.02289248 3.19080234 -0.0837556496 -0.488111079 -0.463393182 0.739604235 49 0.559349179 52 0.440650821 0 0 0 0 0 0 0 0 
-5.05884933 3.19028044 -0.0929936543 -0.391677558 -0.0564039648 0.918372035 49 0.858698964 52 0.141301051 0 0 0 0 0 0 0 0 
-5.02289248 3.19080234 -0.0837556496 -0.391677558 -0.0564039648 0.918372035 49 0.559349179 52 0.440650821 0 0 0 0 0 0 0 0 
-4.99214602 3.3024857 -0.0576538779 -0.391677558 -0.0564039648 0.918372035 52 0.699638784 49 0.218848571 55 0.0802280754 46 0.00128458813 0 0 0 0 
-5.07058668 3.26690006 -0.0994231254 -0.391677558 -0.0564039648 0.918372035 49 0.876983523 52 0.123016484 0 0 0 0 0 0 0 0 
-5.15673256 3.07812285 -0.2107189 0.0237129238 -0.907436132 0.419520617 49 0.945528805 50 0.0544712208 0 0 0 0 0 0 0 0 
-5.17665815 3.10754347 -0.150538206 0.0237129238 -0.907436132 0.419520617 49 0.942451417 50 0.0575485937 0 0 0 0 0 0 0 0 
-5.24047709 3.09957719 -0.159579381 0.0237129238 -0.907436132 0.419520617 49 0.778430879 50 0.221569091 0 0 0 0 0 0 0 0 
-5.22282887 3.07475853 -0.218843222 0.0237129238 -0.907436132 0.419520617 49 0.780836403 50 0.219163567 0 0 0 0 0 0 0 0 
-5.15673256 3.07812285 -0.2107189 0.0722369254 -0.962793708 -0.260403901 49 0.945528805 50 0.0544712208 0 0 0 0 0 0 0 0 
-5.22282887 3.07475853 -0.218843222 0.0722369254 -0.962793708 -0.260403901 49 0.780836403 50 0.219163567 0 0 0 0 0 0 0 0 
-5.21136141 3.09219337 -0.277896672 0.0722369254 -0.962793708 -0.260403901 49 0.780205667 50 0.219794348 0 0 0 0 0 0 0 0 
-5.14066315 3.09438944 -0.268630832 0.0722369254 -0.962793708 -0.260403901 49 0.94328016 50 0.0567198396 0 0 0 0 0 0 0 0 
-5.15673256 3.07812285 -0.2107189 0.0269813053 -0.967877567 -0.249970391 49 0.945528805 50 0.0544712208 0 0 0 0 0 0 0 0 
-5.14066315 3.09438944 -0.268630832 0.0269813053 -0.967877567 -0.249970391 49 0.94328016 50 0.0567198396 0 0 0 0 0 0 0 0 
-5.0574007 3.0917635 -0.252814204 0.0269813053 -0.967877567 -0.249970391 49 1 0 0 0 0 0 0 0 0 0 0 
-5.07719469 3.07888889 -0.2017636 0.0269813053 -0.967877567 -0.249970391 49 1 0 0 0 0 0 0 0 0 0 0 
-5.15673256 3.07812285 -0.2107189 0.0081084175 -0.865918159 0.500119925 49 0.945528805 50 0.0544712208 0 0 0 0 0 0 0 0 
-5.07719469 3.07888889 -0.2017636 0.0081084175 -0.865918159 0.500119925 49 1 0 0 0 0 0 0 0 0 0 0 
-5.10310793 3.11557913 -0.146735311 0.0081084175 -0.865918159 0.500119925 49 1 0 0 0 0 0 0 0 0 0 0 
-5.17665815 3.10754347 -0.150538206 0.0081084175 -0.865918159 0.500119925 49 0.942451417 50 0.0575485937 0 0 0 0 0 0 0 0 
-5.14251089 3.1646781 -0.292828023 0.141140074 -0.326578915 -0.934572399 49 0.938134134 50 0.0618658923 0 0 0 0 0 0 0 0 
-5.14066315 3.09438944 -0.268630832 0.141140074 -0.326578915 -0.934572399 49 0.94328016 50 0.0567198396 0 0 0 0 0 0 0 0 
-5.21136141 3.09219337 -0.277896672 0.141140074 -0.326578915 -0.934572399 49 0.780205667 50 0.219794348 0 0 0 0 0 0 0 0 
-5.21630764 3.1568594 -0.301884353 0.141140074 -0.326578915 -0.934572399 49 0.753767729 50 0.246232271 0 0 0 0 0 0 0 0 
-5.14251089 3.1646781 -0.292828023 0.0872868747 0.292106599 -0.952394187 49 0.938134134 50 0.0618658923 0 0 0 0 0 0 0 0 
-5.21630764 3.1568594 -0.301884353 0.0872868747 0.292106599 -0.952394187 49 0.753767729 50 0.246232271 0 0 0 0 0 0 0 0 
-5.23047352 3.2222681 -0.283226401 0.0872868747 0.292106599 -0.952394187 49 0.536040545 50 0.463959455 0 0 0 0 0 0 0 0 
-5.15542841 3.23630881 -0.271937013 0.0872868747 0.292106599 -0.952394187 49 0.902367055 50 0.0976329371 0 0 0 0 0 0 0 0 
-5.14251089 3.1646781 -0.292828023 0.143064961 0.298642665 -0.943580985 49 0.938134134 50 0.0618658923 0 0 0 0 0 0 0 0 
-5.15542841 3.23630881 -0.271937013 0.143064961 0.298642665 -0.943580985 49 0.902367055 50 0.0976329371 0 0 0 0 0 0 0 0 
-5.07520628 3.24941468 -0.255804181 0.143064961 0.298642665 -0.943580985 49 1 0 0 0 0 0 0 0 0 0 0 
-5.05589151 3.1699214 -0.277856827 0.143064961 0.298642665 -0.943580985 49 1 0 0 0 0 0 0 0 0 0 0 
-5.14251089 3.1646781 -0.292828023 0.174177855 -0.309663206 -0.934757054 49 0.938134134 50 0.0618658923 0 0 0 0 0 0 0 0 
-5.05589151 3.1699214 -0.277856827 0.174177855 -0.309663206 -0.934757054 49 1 0 0 0 0 0 0 0 0 0 0 
-5.0574007 3.0917635 -0.252814204 0.174177855 -0.309663206 -0.934757054 49 1 0 0 0 0 0 0 0 0 0 0 
-5.14066315 3.09438944 -0.268630832 0.174177855 -0.309663206 -0.934757054 49 0.94328016 50 0.0567198396 0 0 0 0 0 0 0 0 
-5.17348766 3.26199198 -0.205420867 -0.127713189 0.918104708 -0.3751975 49 0.905333102 50 0.0946668833 0 0 0 0 0 0 0 0 
-5.15542841 3.23630881 -0.271937013 -0.127713189 0.918104708 -0.3751975 49 0.902367055 50 0.0976329371 0 0 0 0 0 0 0 0 
-5.23047352 3.2222681 -0.283226401 -0.127713189 0.918104708 -0.3751975 49 0.536040545 50 0.463959455 0 0 0 0 0 0 0 0 
-5.24740934 3.24484038 -0.219751179 -0.127713189 0.918104708 -0.3751975 49 0.532188177 50 0.467811793 0 0 0 0 0 0 0 0 
-5.17348766 3.26199198 -0.205420867 -0.269947976 0.931375563 0.244269893 49 0.905333102 50 0.0946668833 0 0 0 0 0 0 0 0 
-5.24740934 3.24484038 -0.219751179 -0.269947976 0.931375563 0.244269893 49 0.532188177 50 0.467811793 0 0 0 0 0 0 0 0 
-5.25777435 3.22443271 -0.155358419 -0.269947976 0.931375563 0.244269893 49 0.749156833 50 0.250843167 0 0 0 0 0 0 0 0 
-5.18832254 3.24051476 -0.137960017 -0.269947976 0.931375563 0.244269893 49 0.933723569 50 0.0662764385 0 0 0 0 0 0 0 0 
-5.17348766 3.26199198 -0.205420867 -0.28282693 0.931934476 0.226952091 49 0.905333102 50 0.0946668833 0 0 0 0 0 0 0 0 
-5.18832254 3.24051476 -0.137960017 -0.28282693 0.931934476 0.226952091 49 0.933723569 50 0.0662764385 0 0 0 0 0 0 0 0 
-5.12784529 3.2542851 -0.116894215 -0.28282693 0.931934476 0.226952091 49 0.999054849 52 0.000945173553 0 0 0 0 0 0 0 0 
-5.1033206 3.27830863 -0.187223271 -0.28282693 0.931934476 0.226952091 49 1 0 0 0 0 0 0 0 0 0 0 
-5.17348766 3.26199198 -0.205420867 -0.0875808895 0.912879944 -0.398722708 49 0.905333102 50 0.0946668833 0 0 0 0 0 0 0 0 
-5.1033206 3.27830863 -0.187223271 -0.0875808895 0.912879944 -0.398722708 49 1 0 0 0 0 0 0 0 0 0 0 
-5.07520628 3.24941468 -0.255804181 -0.0875808895 0.912879944 -0.398722708 49 1 0 0 0 0 0 0 0 0 0 0 
-5.15542841 3.23630881 -0.271937013 -0.0875808895 0.912879944 -0.398722708 49 0.902367055 50 0.0976329371 0 0 0 0 0 0 0 0 
-5.18731022 3.17484093 -0.122195616 -0.265895039 0.245573238 0.932198286 49 0.9447245 50 0.0552754886 0 0 0 0 0 0 0 0 
-5.18832254 3.24051476 -0.137960017 -0.265895039 0.245573238 0.932198286 49 0.933723569 50 0.0662764385 0 0 0 0 0 0 0 0 
-5.25777435 3.22443271 -0.155358419 -0.265895039 0.245573238 0.932198286 49 0.749156833 50 0.250843167 0 0 0 0 0 0 0 0 
-5.25379276 3.16238308 -0.136051774 -0.265895039 0.245573238 0.932198286 49 0.78096801 50 0.219032004 0 0 0 0 0 0 0 0 
-5.18731022 3.17484093 -0.122195616 -0.100987755 -0.384437799 0.917610526 49 0.9447245 50 0.0552754886 0 0 0 0 0 0 0 0 
-5.25379276 3.16238308 -0.136051774 -0.100987755 -0.384437799 0.917610526 49 0.78096801 50 0.219032004 0 0 0 0 0 0 0 0 
-5.24047709 3.09957719 -0.159579381 -0.100987755 -0.384437799 0.917610526 49 0.778430879 50 0.221569091 0 0 0 0 0 0 0 0 
-5.17665815 3.10754347 -0.150538206 -0.100987755 -0.384437799 0.917610526 49 0.942451417 50 0.0575485937 0 0 0 0 0 0 0 0 
-5.18731022 3.17484093 -0.122195616 -0.0630410984 -0.456971616 0.887244523 49 0.9447245 50 0.0552754886 0 0 0 0 0 0 0 0 
-5.17665815 3.10754347 -0.150538206 -0.0630410984 -0.456971616 0.887244523 49 0.942451417 50 0.0575485937 0 0 0 0 0 0 0 0 
-5.10310793 3.11557913 -0.146735311 -0.0630410984 -0.456971616 0.887244523 49 1 0 0 0 0 0 0 0 0 0 0 
-5.12040424 3.18457556 -0.106866494 -0.0630410984 -0.456971616 0.887244523 49 0.995294631 52 0.00470539043 0 0 0 0 0 0 0 0 
-5.18731022 3.17484093 -0.122195616 -0.298435986 0.160601273 0.940820575 49 0.9447245 50 0.0552754886 0 0 0 0 0 0 0 0 
-5.12040424 3.18457556 -0.106866494 -0.298435986 0.160601273 0.940820575 49 0.995294631 52 0.00470539043 0 0 0 0 0 0 0 0 
-5.12784529 3.2542851 -0.116894215 -0.298435986 0.160601273 0.940820575 49 0.999054849 52 0.000945173553 0 0 0 0 0 0 0 0 
-5.18832254 3.24051476 -0.137960017 -0.298435986 0.160601273 0.940820575 49 0.933723569 50 0.0662764385 0 0 0 0 0 0 0 0 
-4.7876091 3.06020737 -0.309647679 -0.339599252 -0.932360053 0.124004543 46 0.932181835 49 0.0678181648 0 0 0 0 0 0 0 0 
-4.85355473 3.08965588 -0.269099087 -0.339599252 -0.932360053 0.124004543 46 0.746934831 49 0.253065199 0 0 0 0 0 0 0 0 
-4.88979149 3.09742713 -0.30963999 -0.339599252 -0.932360053 0.124004543 46 0.909510255 49 0.0904897451 0 0 0 0 0 0 0 0 
-4.83746767 3.07233429 -0.355278254 -0.339599252 -0.932360053 0.124004543 46 0.992217481 49 0.00778252538 0 0 0 0 0 0 0 0 
-4.7876091 3.06020737 -0.309647679 0.11791414 -0.930970132 -0.345530003 46 0.932181835 49 0.0678181648 0 0 0 0 0 0 0 0 
-4.83746767 3.07233429 -0.355278254 0.11791414 -0.930970132 -0.345530003 46 0.992217481 49 0.00778252538 0 0 0 0 0 0 0 0 
-4.78517437 3.09477925 -0.401964635 0.11791414 -0.930970132 -0.345530003 46 0.997662008 47 0.00233799964 0 0 0 0 0 0 0 0 
-4.72200537 3.0855732 -0.351545513 0.11791414 -0.930970132 -0.345530003 46 0.991167128 43 0.00883285329 0 0 0 0 0 0 0 0 
-4.7876091 3.06020737 -0.309647679 0.120096512 -0.962808371 -0.242026493 46 0.932181835 49 0.0678181648 0 0 0 0 0 0 0 0 
-4.72200537 3.0855732 -0.351545513 0.120096512 -0.962808371 -0.242026493 46 0.991167128 43 0.00883285329 0 0 0 0 0 0 0 0 
-4.64709139 3.06756139 -0.269174784 0.120096512 -0.962808371 -0.242026493 46 0.855081618 43 0.144918367 0 0 0 0 0 0 0 0 
-4.76881409 3.0515151 -0.23928538 0.120096512 -0.962808371 -0.242026493 46 0.755117714 49 0.181603283 43 0.0632790253 0 0 0 0 0 0 
-4.7876091 3.06020737 -0.309647679 -0.361720562 -0.920273364 -0.149182275 46 0.932181835 49 0.0678181648 0 0 0 0 0 0 0 0 
-4.76881409 3.0515151 -0.23928538 -0.361720562 -0.920273364 -0.149182275 46 0.755117714 49 0.181603283 43 0.0632790253 0 0 0 0 0 0 
-4.85644913 3.07294083 -0.221282482 -0.361720562 -0.920273364 -0.149182275 49 0.600403249 46 0.374498695 43 0.013821614 52 0.0112764556 0 0 0 0 
-4.85355473 3.08965588 -0.269099087 -0.361720562 -0.920273364 -0.149182275 46 0.746934831 49 0.253065199 0 0 0 0 0 0 0 0 
-4.70037794 3.16652918 -0.367518365 0.572287917 -0.312319249 -0.758250117 46 0.987537026 43 0.012462955 0 0 0 0 0 0 0 0 
-4.72200537 3.0855732 -0.351545513 0.572287917 -0.312319249 -0.758250117 46 0.991167128 43 0.00883285329 0 0 0 0 0 0 0 0 
-4.78517437 3.09477925 -0.401964635 0.572287917 -0.312319249 -0.758250117 46 0.997662008 47 0.00233799964 0 0 0 0 0 0 0 0 
-4.76772976 3.16549826 -0.418976247 0.572287917 -0.312319249 -0.758250117 46 0.99729228 47 0.00270772004 0 0 0 0 0 0 0 0 
-4.70037794 3.16652918 -0.367518365 0.572124779 0.274768472 -0.772771418 46 0.987537026 43 0.012462955 0 0 0 0 0 0 0 0 
-4.76772976 3.16549826 -0.418976247 0.572124779 0.274768472 -0.772771418 46 0.99729228 47 0.00270772004 0 0 0 0 0 0 0 0 
-4.78518438 3.23717284 -0.405187011 0.572124779 0.274768472 -0.772771418 46 0.997397482 47 0.00260254531 0 0 0 0 0 0 0 0 
-4.72270775 3.24913788 -0.355905116 0.572124779 0.274768472 -0.772771418 46 0.981020272 43 0.0189797468 0 0 0 0 0 0 0 0 
-4.70037794 3.16652918 -0.367518365 0.510331333 0.255610555 -0.821112156 46 0.987537026 43 0.012462955 0 0 0 0 0 0 0 0 
-4.72270775 3.24913788 -0.355905116 0.510331333 0.255610555 -0.821112156 46 0.981020272 43 0.0189797468 0 0 0 0 0 0 0 0 
-4.64127922 3.26955128 -0.298717082 0.510331333 0.255610555 -0.821112156 46 0.848521411 43 0.146617174 49 0.00486142281 0 0 0 0 0 0 
-4.60868835 3.174263 -0.308349073 0.510331333 0.255610555 -0.821112156 46 0.836641431 43 0.163358569 0 0 0 0 0 0 0 0 
-4.70037794 3.16652918 -0.367518365 0.58054328 -0.394955218 -0.712025166 46 0.987537026 43 0.012462955 0 0 0 0 0 0 0 0 
-4.60868835 3.174263 -0.308349073 0.58054328 -0.394955218 -0.712025166 46 0.836641431 43 0.163358569 0 0 0 0 0 0 0 0 
-4.64709139 3.06756139 -0.269174784 0.58054328 -0.394955218 -0.712025166 46 0.855081618 43 0.144918367 0 0 0 0 0 0 0 0 
-4.72200537 3.0855732 -0.351545513 0.58054328 -0.394955218 -0.712025166 46 0.991167128 43 0.00883285329 0 0 0 0 0 0 0 0 
-4.78991365 3.27946329 -0.315044612 0.11772757 0.901383519 -0.416710913 46 0.918794811 49 0.081205219 0 0 0 0 0 0 0 0 
-4.72270775 3.24913788 -0.355905116 0.11772757 0.901383519 -0.416710913 46 0.981020272 43 0.0189797468 0 0 0 0 0 0 0 0 
-4.78518438 3.23717284 -0.405187011 0.11772757 0.901383519 -0.416710913 46 0.997397482 47 0.00260254531 0 0 0 0 0 0 0 0 
-4.83736944 3.26252127 -0.359349728 0.11772757 0.901383519 -0.416710913 46 0.982307136 49 0.01769289 0 0 0 0 0 0 0 0 
-4.78991365 3.27946329 -0.315044612 -0.364067405 0.930416703 -0.0421860628 46 0.918794811 49 0.081205219 0 0 0 0 0 0 0 0 
-4.83736944 3.26252127 -0.359349728 -0.364067405 0.930416703 -0.0421860628 46 0.982307136 49 0.01769289 0 0 0 0 0 0 0 0 
-4.88994217 3.24045801 -0.312049508 -0.364067405 0.930416703 -0.0421860628 46 0.899833083 49 0.100166902 0 0 0 0 0 0 0 0 
-4.86667967 3.25497484 -0.272834897 -0.364067405 0.930416703 -0.0421860628 46 0.726280153 49 0.273719847 0 0 0 0 0 0 0 0 
-4.78991365 3.27946329 -0.315044612 -0.298658997 0.894334316 -0.333120167 46 0.918794811 49 0.081205219 0 0 0 0 0 0 0 0 
-4.86667967 3.25497484 -0.272834897 -0.298658997 0.894334316 -0.333120167 46 0.726280153 49 0.273719847 0 0 0 0 0 0 0 0 
-4.88300896 3.28060699 -0.228509113 -0.298658997 0.894334316 -0.333120167 49 0.597878575 46 0.343208671 52 0.0589127652 0 0 0 0 0 0 
-4.74065065 3.30099535 -0.262274206 -0.298658997 0.894334316 -0.333120167 46 0.794265568 49 0.109985687 43 0.0957487375 0 0 0 0 0 0 
-4.78991365 3.27946329 -0.315044612 0.109693833 0.878272533 -0.465408117 46 0.918794811 49 0.081205219 0 0 0 0 0 0 0 0 
-4.74065065 3.30099535 -0.262274206 0.109693833 0.878272533 -0.465408117 46 0.794265568 49 0.109985687 43 0.0957487375 0 0 0 0 0 0 
-4.64127922 3.26955128 -0.298717082 0.109693833 0.878272533 -0.465408117 46 0.848521411 43 0.146617174 49 0.00486142281 0 0 0 0 0 0 
-4.72270775 3.24913788 -0.355905116 0.109693833 0.878272533 -0.465408117 46 0.981020272 43 0.0189797468 0 0 0 0 0 0 0 0 
-4.87678957 3.17314196 -0.257173955 -0.82387656 0.252622157 0.507355392 46 0.63985604 49 0.360143989 0 0 0 0 0 0 0 0 
-4.86667967 3.25497484 -0.272834897 -0.82387656 0.252622157 0.507355392 46 0.726280153 49 0.273719847 0 0 0 0 0 0 0 0 
-4.88994217 3.24045801 -0.312049508 -0.82387656 0.252622157 0.507355392 46 0.899833083 49 0.100166902 0 0 0 0 0 0 0 0 
-4.90690327 3.16939187 -0.29553923 -0.82387656 0.252622157 0.507355392 46 0.878657043 49 0.121342964 0 0 0 0 0 0 0 0 
-4.87678957 3.17314196 -0.257173955 -0.739016294 -0.293345362 0.606467962 46 0.63985604 49 0.360143989 0 0 0 0 0 0 0 0 
-4.90690327 3.16939187 -0.29553923 -0.739016294 -0.293345362 0.606467962 46 0.878657043 49 0.121342964 0 0 0 0 0 0 0 0 
-4.88979149 3.09742713 -0.30963999 -0.739016294 -0.293345362 0.606467962 46 0.909510255 49 0.0904897451 0 0 0 0 0 0 0 0 
-4.85355473 3.08965588 -0.269099087 -0.739016294 -0.293345362 0.606467962 46 0.746934831 49 0.253065199 0 0 0 0 0 0 0 0 
-4.87678957 3.17314196 -0.257173955 -0.958073556 -0.246687248 -0.145740896 46 0.63985604 49 0.360143989 0 0 0 0 0 0 0 0 
-4.85355473 3.08965588 -0.269099087 -0.958073556 -0.246687248 -0.145740896 46 0.746934831 49 0.253065199 0 0 0 0 0 0 0 0 
-4.85644913 3.07294083 -0.221282482 -0.958073556 -0.246687248 -0.145740896 49 0.600403249 46 0.374498695 43 0.013821614 52 0.0112764556 0 0 0 0 
-4.88052511 3.17580318 -0.237616405 -0.958073556 -0.246687248 -0.145740896 49 0.572869897 46 0.427130073 0 0 0 0 0 0 0 0 
-4.87678957 3.17314196 -0.257173955 -0.950071692 0.0279081669 -0.310781389 46 0.63985604 49 0.360143989 0 0 0 0 0 0 0 0 
-4.88052511 3.17580318 -0.237616405 -0.950071692 0.0279081669 -0.310781389 49 0.572869897 46 0.427130073 0 0 0 0 0 0 0 0 
-4.88300896 3.28060699 -0.228509113 -0.950071692 0.0279081669 -0.310781389 49 0.597878575 46 0.343208671 52 0.0589127652 0 0 0 0 0 0 
-4.86667967 3.25497484 -0.272834897 -0.950071692 0.0279081669 -0.310781389 46 0.726280153 49 0.273719847 0 0 0 0 0 0 0 0 
-4.87912273 3.08327603 -0.396894366 -0.386809319 -0.914572835 0.118047014 46 0.931358695 47 0.0686413124 0 0 0 0 0 0 0 0 
-4.91946173 3.10537338 -0.350795388 -0.386809319 -0.914572835 0.118047014 46 0.931707382 47 0.0634279102 49 0.00486473367 0 0 0 0 0 0 
-4.94630051 3.11287785 -0.387672067 -0.386809319 -0.914572835 0.118047014 46 0.791210532 47 0.208789453 0 0 0 0 0 0 0 0 
-4.91467476 3.0928905 -0.431821406 -0.386809319 -0.914572835 0.118047014 46 0.76304245 47 0.236957565 0 0 0 0 0 0 0 0 
-4.87912273 3.08327603 -0.396894366 0.0746960044 -0.943077087 -0.324077249 46 0.931358695 47 0.0686413124 0 0 0 0 0 0 0 0 
-4.91467476 3.0928905 -0.431821406 0.0746960044 -0.943077087 -0.324077249 46 0.76304245 47 0.236957565 0 0 0 0 0 0 0 0 
-4.88077164 3.11017203 -0.475543082 0.0746960044 -0.943077087 -0.324077249 46 0.540720999 47 0.459279031 0 0 0 0 0 0 0 0 
-4.83732367 3.10289478 -0.443106264 0.0746960044 -0.943077087 -0.324077249 46 0.891864598 47 0.108135387 0 0 0 0 0 0 0 0 
-4.87912273 3.08327603 -0.396894366 0.097453326 -0.940011978 -0.326925814 46 0.931358695 47 0.0686413124 0 0 0 0 0 0 0 0 
-4.83732367 3.10289478 -0.443106264 0.097453326 -0.940011978 -0.326925814 46 0.891864598 47 0.108135387 0 0 0 0 0 0 0 0 
-4.78517437 3.09477925 -0.401964635 0.097453326 -0.940011978 -0.326925814 46 0.997662008 47 0.00233799964 0 0 0 0 0 0 0 0 
-4.83746767 3.07233429 -0.355278254 0.097453326 -0.940011978 -0.326925814 46 0.992217481 49 0.00778252538 0 0 0 0 0 0 0 0 
-4.87912273 3.08327603 -0.396894366 -0.366726607 -0.924375474 0.105078906 46 0.931358695 47 0.0686413124 0 0 0 0 0 0 0 0 
-4.83746767 3.07233429 -0.355278254 -0.366726607 -0.924375474 0.105078906 46 0.992217481 49 0.00778252538 0 0 0 0 0 0 0 0 
-4.88979149 3.09742713 -0.30963999 -0.366726607 -0.924375474 0.105078906 46 0.909510255 49 0.0904897451 0 0 0 0 0 0 0 0 
-4.91946173 3.10537338 -0.350795388 -0.366726607 -0.924375474 0.105078906 46 0.931707382 47 0.0634279102 49 0.00486473367 0 0 0 0 0 0 
-4.82260513 3.1648612 -0.459300697 0.529780209 -0.331628978 -0.780612111 46 0.889642 47 0.110358015 0 0 0 0 0 0 0 0 
-4.83732367 3.10289478 -0.443106264 0.529780209 -0.331628978 -0.780612111 46 0.891864598 47 0.108135387 0 0 0 0 0 0 0 0 
-4.88077164 3.11017203 -0.475543082 0.529780209 -0.331628978 -0.780612111 46 0.540720999 47 0.459279031 0 0 0 0 0 0 0 0 
-4.86705256 3.16552067 -0.489887863 0.529780209 -0.331628978 -0.780612111 46 0.513537288 47 0.486462682 0 0 0 0 0 0 0 0 
-4.82260513 3.1648612 -0.459300697 0.547607958 0.289257139 -0.785147011 46 0.889642 47 0.110358015 0 0 0 0 0 0 0 0 
-4.86705256 3.16552067 -0.489887863 0.547607958 0.289257139 -0.785147011 46 0.513537288 47 0.486462682 0 0 0 0 0 0 0 0 
-4.87489796 3.22181845 -0.474789172 0.547607958 0.289257139 -0.785147011 46 0.540719926 47 0.459280074 0 0 0 0 0 0 0 0 
-4.83477259 3.22773647 -0.444452524 0.547607958 0.289257139 -0.785147011 46 0.891984582 47 0.108015403 0 0 0 0 0 0 0 0 
-4.82260513 3.1648612 -0.459300697 0.562455475 0.288729757 -0.774776697 46 0.889642 47 0.110358015 0 0 0 0 0 0 0 0 
-4.83477259 3.22773647 -0.444452524 0.562455475 0.288729757 -0.774776697 46 0.891984582 47 0.108015403 0 0 0 0 0 0 0 0 
-4.78518438 3.23717284 -0.405187011 0.562455475 0.288729757 -0.774776697 46 0.997397482 47 0.00260254531 0 0 0 0 0 0 0 0 
-4.76772976 3.16549826 -0.418976247 0.562455475 0.288729757 -0.774776697 46 0.99729228 47 0.00270772004 0 0 0 0 0 0 0 0 
-4.82260513 3.1648612 -0.459300697 0.558007896 -0.326217264 -0.763026655 46 0.889642 47 0.110358015 0 0 0 0 0 0 0 0 
-4.76772976 3.16549826 -0.418976247 0.558007896 -0.326217264 -0.763026655 46 0.99729228 47 0.00270772004 0 0 0 0 0 0 0 0 
-4.78517437 3.09477925 -0.401964635 0.558007896 -0.326217264 -0.763026655 46 0.997662008 47 0.00233799964 0 0 0 0 0 0 0 0 
-4.83732367 3.10289478 -0.443106264 0.558007896 -0.326217264 -0.763026655 46 0.891864598 47 0.108135387 0 0 0 0 0 0 0 0 
-4.8732481 3.25014496 -0.397326469 0.118716635 0.931716919 -0.343234509 46 0.931596875 47 0.0684031025 0 0 0 0 0 0 0 0 
-4.83477259 3.22773647 -0.444452524 0.118716635 0.931716919 -0.343234509 46 0.891984582 47 0.108015403 0 0 0 0 0 0 0 0 
-4.87489796 3.22181845 -0.474789172 0.118716635 0.931716919 -0.343234509 46 0.540719926 47 0.459280074 0 0 0 0 0 0 0 0 
-4.90475988 3.24210048 -0.429667801 0.118716635 0.931716919 -0.343234509 46 0.763914406 47 0.236085609 0 0 0 0 0 0 0 0 
-4.8732481 3.25014496 -0.397326469 -0.345702112 0.933592141 0.0943180844 46 0.931596875 47 0.0684031025 0 0 0 0 0 0 0 0 
-4.90475988 3.24210048 -0.429667801 -0.345702112 0.933592141 0.0943180844 46 0.763914406 47 0.236085609 0 0 0 0 0 0 0 0 
-4.9383502 3.2248714 -0.385773569 -0.345702112 0.933592141 0.0943180844 46 0.791767836 47 0.208232149 0 0 0 0 0 0 0 0 
-4.91388321 3.23072124 -0.350472838 -0.345702112 0.933592141 0.0943180844 46 0.927072346 47 0.0629737824 49 0.00995387882 0 0 0 0 0 0 
-4.8732481 3.25014496 -0.397326469 -0.380589724 0.924241483 0.0304832887 46 0.931596875 47 0.0684031025 0 0 0 0 0 0 0 0 
-4.91388321 3.23072124 -0.350472838 -0.380589724 0.924241483 0.0304832887 46 0.927072346 47 0.0629737824 49 0.00995387882 0 0 0 0 0 0 
-4.88994217 3.24045801 -0.312049508 -0.380589724 0.924241483 0.0304832887 46 0.899833083 49 0.100166902 0 0 0 0 0 0 0 0 
-4.83736944 3.26252127 -0.359349728 -0.380589724 0.924241483 0.0304832887 46 0.982307136 49 0.01769289 0 0 0 0 0 0 0 0 
-4.8732481 3.25014496 -0.397326469 0.102441266 0.921882272 -0.373682886 46 0.931596875 47 0.0684031025 0 0 0 0 0 0 0 0 
-4.83736944 3.26252127 -0.359349728 0.102441266 0.921882272 -0.373682886 46 0.982307136 49 0.01769289 0 0 0 0 0 0 0 0 
-4.78518438 3.23717284 -0.405187011 0.102441266 0.921882272 -0.373682886 46 0.997397482 47 0.00260254531 0 0 0 0 0 0 0 0 
-4.83477259 3.22773647 -0.444452524 0.102441266 0.921882272 -0.373682886 46 0.891984582 47 0.108015403 0 0 0 0 0 0 0 0 
-4.93041801 3.16845083 -0.335279375 -0.797194302 0.336516529 0.50123632 46 0.920803845 47 0.0594828241 49 0.0197133571 0 0 0 0 0 0 
-4.91388321 3.23072124 -0.350472838 -0.797194302 0.336516529 0.50123632 46 0.927072346 47 0.0629737824 49 0.00995387882 0 0 0 0 0 0 
-4.9383502 3.2248714 -0.385773569 -0.797194302 0.336516529 0.50123632 46 0.791767836 47 0.208232149 0 0 0 0 0 0 0 0 
-4.95348263 3.16928601 -0.37220791 -0.797194302 0.336516529 0.50123632 46 0.793111265 47 0.20688875 0 0 0 0 0 0 0 0 
-4.93041801 3.16845083 -0.335279375 -0.813544631 -0.258548826 0.520862579 46 0.920803845 47 0.0594828241 49 0.0197133571 0 0 0 0 0 0 
-4.95348263 3.16928601 -0.37220791 -0.813544631 -0.258548826 0.520862579 46 0.793111265 47 0.20688875 0 0 0 0 0 0 0 0 
-4.94630051 3.11287785 -0.387672067 -0.813544631 -0.258548826 0.520862579 46 0.791210532 47 0.208789453 0 0 0 0 0 0 0 0 
-4.91946173 3.10537338 -0.350795388 -0.813544631 -0.258548826 0.520862579 46 0.931707382 47 0.0634279102 49 0.00486473367 0 0 0 0 0 0 
-4.93041801 3.16845083 -0.335279375 -0.812936604 -0.280850142 0.510154307 46 0.920803845 47 0.0594828241 49 0.0197133571 0 0 0 0 0 0 
-4.91946173 3.10537338 -0.350795388 -0.812936604 -0.280850142 0.510154307 46 0.931707382 47 0.0634279102 49 0.00486473367 0 0 0 0 0 0 
-4.88979149 3.09742713 -0.30963999 -0.812936604 -0.280850142 0.510154307 46 0.909510255 49 0.0904897451 0 0 0 0 0 0 0 0 
-4.90690327 3.16939187 -0.29553923 -0.812936604 -0.280850142 0.510154307 46 0.878657043 49 0.121342964 0 0 0 0 0 0 0 0 
-4.93041801 3.16845083 -0.335279375 -0.829143286 0.317668319 0.460009009 46 0.920803845 47 0.0594828241 49 0.0197133571 0 0 0 0 0 0 
-4.90690327 3.16939187 -0.29553923 -0.829143286 0.317668319 0.460009009 46 0.878657043 49 0.121342964 0 0 0 0 0 0 0 0 
-4.88994217 3.24045801 -0.312049508 -0.829143286 0.317668319 0.460009009 46 0.899833083 49 0.100166902 0 0 0 0 0 0 0 0 
-4.91388321 3.23072124 -0.350472838 -0.829143286 0.317668319 0.460009009 46 0.927072346 47 0.0629737824 49 0.00995387882 0 0 0 0 0 0 
-5.00961828 3.0643971 0.019727055 -0.065343082 -0.934478045 0.349972785 52 0.927556098 49 0.0724439323 0 0 0 0 0 0 0 0 
-5.01743221 3.09168768 0.0877259746 -0.065343082 -0.934478045 0.349972785 52 0.952881455 55 0.0471185595 0 0 0 0 0 0 0 0 
-5.10200644 3.09815407 0.0926126838 -0.065343082 -0.934478045 0.349972785 52 1 0 0 0 0 0 0 0 0 0 0 
-5.10181379 3.07350278 0.0234137438 -0.065343082 -0.934478045 0.349972785 52 1 0 0 0 0 0 0 0 0 0 0 
-5.00961828 3.0643971 0.019727055 -0.0842268392 -0.932650924 -0.350810647 52 0.927556098 49 0.0724439323 0 0 0 0 0 0 0 0 
-5.10181379 3.07350278 0.0234137438 -0.0842268392 -0.932650924 -0.350810647 52 1 0 0 0 0 0 0 0 0 0 0 
-5.11061764 3.09813261 -0.0457128435 -0.0842268392 -0.932650924 -0.350810647 52 0.989620149 49 0.0103798555 0 0 0 0 0 0 0 0 
-5.03040028 3.09390473 -0.0479710586 -0.0842268392 -0.932650924 -0.350810647 52 0.844733834 49 0.155266151 0 0 0 0 0 0 0 0 
-5.00961828 3.0643971 0.019727055 -0.20232062 -0.926620126 -0.316925377 52 0.927556098 49 0.0724439323 0 0 0 0 0 0 0 0 
-5.03040028 3.09390473 -0.0479710586 -0.20232062 -0.926620126 -0.316925377 52 0.844733834 49 0.155266151 0 0 0 0 0 0 0 0 
-4.95504379 3.08925271 -0.0877840444 -0.20232062 -0.926620126 -0.316925377 49 0.637633801 52 0.362366199 0 0 0 0 0 0 0 0 
-4.9091301 3.05829263 -0.0212656017 -0.20232062 -0.926620126 -0.316925377 52 0.678195953 49 0.243015766 55 0.0582073443 43 0.0205809157 0 0 0 0 
-5.00961828 3.0643971 0.019727055 -0.0906090587 -0.973848701 0.208348006 52 0.927556098 49 0.0724439323 0 0 0 0 0 0 0 0 
-4.9091301 3.05829263 -0.0212656017 -0.0906090587 -0.973848701 0.208348006 52 0.678195953 49 0.243015766 55 0.0582073443 43 0.0205809157 0 0 0 0 
-4.87859774 3.06616378 0.0849663466 -0.0906090587 -0.973848701 0.208348006 52 0.665933967 55 0.241722807 43 0.0523162037 49 0.0400270112 0 0 0 0 
-5.01743221 3.09168768 0.0877259746 -0.0906090587 -0.973848701 0.208348006 52 0.952881455 55 0.0471185595 0 0 0 0 0 0 0 0 
-5.05971718 3.18081951 -0.073900342 -0.0398255363 -0.300355256 -0.952995598 52 0.813266635 49 0.18673335 0 0 0 0 0 0 0 0 
-5.03040028 3.09390473 -0.0479710586 -0.0398255363 -0.300355256 -0.952995598 52 0.844733834 49 0.155266151 0 0 0 0 0 0 0 0 
-5.11061764 3.09813261 -0.0457128435 -0.0398255363 -0.300355256 -0.952995598 52 0.989620149 49 0.0103798555 0 0 0 0 0 0 0 0 
-5.12349272 3.17202497 -0.0687018037 -0.0398255363 -0.300355256 -0.952995598 52 0.988980711 49 0.0110192848 0 0 0 0 0 0 0 0 
-5.05971718 3.18081951 -0.073900342 -0.104195848 0.292023033 -0.950718582 52 0.813266635 49 0.18673335 0 0 0 0 0 0 0 0 
-5.12349272 3.17202497 -0.0687018037 -0.104195848 0.292023033 -0.950718582 52 0.988980711 49 0.0110192848 0 0 0 0 0 0 0 0 
-5.13579559 3.24593735 -0.0455606356 -0.104195848 0.292023033 -0.950718582 52 1 0 0 0 0 0 0 0 0 0 0 
-5.07722616 3.26188993 -0.046169363 -0.104195848 0.292023033 -0.950718582 52 0.930272877 49 0.0697271451 0 0 0 0 0 0 0 0 
-5.05971718 3.18081951 -0.073900342 -0.275724232 0.276080906 -0.920736372 52 0.813266635 49 0.18673335 0 0 0 0 0 0 0 0 
-5.07722616 3.26188993 -0.046169363 -0.275724232 0.276080906 -0.920736372 52 0.930272877 49 0.0697271451 0 0 0 0 0 0 0 0 
-4.99214602 3.3024857 -0.0576538779 -0.275724232 0.276080906 -0.920736372 52 0.699638784 49 0.218848571 55 0.0802280754 46 0.00128458813 0 0 0 0 
-5.02289248 3.19080234 -0.0837556496 -0.275724232 0.276080906 -0.920736372 49 0.559349179 52 0.440650821 0 0 0 0 0 0 0 0 
-5.05971718 3.18081951 -0.073900342 -0.374996781 -0.295443594 -0.878686786 52 0.813266635 49 0.18673335 0 0 0 0 0 0 0 0 
-5.02289248 3.19080234 -0.0837556496 -0.374996781 -0.295443594 -0.878686786 49 0.559349179 52 0.440650821 0 0 0 0 0 0 0 0 
-4.95504379 3.08925271 -0.0877840444 -0.374996781 -0.295443594 -0.878686786 49 0.637633801 52 0.362366199 0 0 0 0 0 0 0 0 
-5.03040028 3.09390473 -0.0479710586 -0.374996781 -0.295443594 -0.878686786 52 0.844733834 49 0.155266151 0 0 0 0 0 0 0 0 
-5.06452131 3.29021454 0.019757526 -0.279282928 0.908432841 -0.31104821 52 0.951865971 55 0.0377780311 49 0.010355996 0 0 0 0 0 0 
-5.07722616 3.26188993 -0.046169363 -0.279282928 0.908432841 -0.31104821 52 0.930272877 49 0.0697271451 0 0 0 0 0 0 0 0 
-5.13579559 3.24593735 -0.0455606356 -0.279282928 0.908432841 -0.31104821 52 1 0 0 0 0 0 0 0 0 0 0 
-5.12662506 3.27062726 0.0237031635 -0.279282928 0.908432841 -0.31104821 52 1 0 0 0 0 0 0 0 0 0 0 
-5.06452131 3.29021454 0.019757526 -0.222171366 0.907053769 0.357621878 52 0.951865971 55 0.0377780311 49 0.010355996 0 0 0 0 0 0 
-5.12662506 3.27062726 0.0237031635 -0.222171366 0.907053769 0.357621878 52 1 0 0 0 0 0 0 0 0 0 0 
-5.12716103 3.24603629 0.0928946063 -0.222171366 0.907053769 0.357621878 52 1 0 0 0 0 0 0 0 0 0 0 
-5.06169891 3.26184916 0.086302124 -0.222171366 0.907053769 0.357621878 52 0.906546414 55 0.0934535861 0 0 0 0 0 0 0 0 
-5.06452131 3.29021454 0.019757526 -0.327051908 0.873234093 0.361246705 52 0.951865971 55 0.0377780311 49 0.010355996 0 0 0 0 0 0 
-5.06169891 3.26184916 0.086302124 -0.327051908 0.873234093 0.361246705 52 0.906546414 55 0.0934535861 0 0 0 0 0 0 0 0 
-4.9814744 3.2872231 0.102175765 -0.327051908 0.873234093 0.361246705 52 0.537646532 55 0.462353438 0 0 0 0 0 0 0 0 
-4.99144602 3.3087244 0.0365945622 -0.327051908 0.873234093 0.361246705 52 0.70076561 55 0.235102102 49 0.0641322806 0 0 0 0 0 0 
-5.06452131 3.29021454 0.019757526 -0.339823782 0.924791396 -0.171116412 52 0.951865971 55 0.0377780311 49 0.010355996 0 0 0 0 0 0 
-4.99144602 3.3087244 0.0365945622 -0.339823782 0.924791396 -0.171116412 52 0.70076561 55 0.235102102 49 0.0641322806 0 0 0 0 0 0 
-4.99214602 3.3024857 -0.0576538779 -0.339823782 0.924791396 -0.171116412 52 0.699638784 49 0.218848571 55 0.0802280754 46 0.00128458813 0 0 0 0 
-5.07722616 3.26188993 -0.046169363 -0.339823782 0.924791396 -0.171116412 52 0.930272877 49 0.0697271451 0 0 0 0 0 0 0 0 
-5.0354414 3.17373276 0.1171562 -0.00345097249 0.314180702 0.949356973 52 0.883812964 55 0.116187021 0 0 0 0 0 0 0 0 
-5.06169891 3.26184916 0.086302124 -0.00345097249 0.314180702 0.949356973 52 0.906546414 55 0.0934535861 0 0 0 0 0 0 0 0 
-5.12716103 3.24603629 0.0928946063 -0.00345097249 0.314180702 0.949356973 52 1 0 0 0 0 0 0 0 0 0 0 
-5.11210155 3.17210507 0.115819007 -0.00345097249 0.314180702 0.949356973 52 1 0 0 0 0 0 0 0 0 0 0 
-5.0354414 3.17373276 0.1171562 0.0113320136 -0.317860276 0.948069811 52 0.883812964 55 0.116187021 0 0 0 0 0 0 0 0 
-5.11210155 3.17210507 0.115819007 0.0113320136 -0.317860276 0.948069811 52 1 0 0 0 0 0 0 0 0 0 0 
-5.10200644 3.09815407 0.0926126838 0.0113320136 -0.317860276 0.948069811 52 1 0 0 0 0 0 0 0 0 0 0 
-5.01743221 3.09168768 0.0877259746 0.0113320136 -0.317860276 0.948069811 52 0.952881455 55 0.0471185595 0 0 0 0 0 0 0 0 
-5.0354414 3.17373276 0.1171562 -0.0504218228 -0.353087723 0.934230566 52 0.883812964 55 0.116187021 0 0 0 0 0 0 0 0 
-5.01743221 3.09168768 0.0877259746 -0.0504218228 -0.353087723 0.934230566 52 0.952881455 55 0.0471185595 0 0 0 0 0 0 0 0 
-4.87859774 3.06616378 0.0849663466 -0.0504218228 -0.353087723 0.934230566 52 0.665933967 55 0.241722807 43 0.0523162037 49 0.0400270112 0 0 0 0 
-4.97334337 3.17326713 0.120937884 -0.0504218228 -0.353087723 0.934230566 55 0.515661418 52 0.484338582 0 0 0 0 0 0 0 0 
-5.0354414 3.17373276 0.1171562 -0.169404402 0.207722753 0.963407159 52 0.883812964 55 0.116187021 0 0 0 0 0 0 0 0 
-4.97334337 3.17326713 0.120937884 -0.169404402 0.207722753 0.963407159 55 0.515661418 52 0.484338582 0 0 0 0 0 0 0 0 
-4.9814744 3.2872231 0.102175765 -0.169404402 0.207722753 0.963407159 52 0.537646532 55 0.462353438 0 0 0 0 0 0 0 0 
-5.06169891 3.26184916 0.086302124 -0.169404402 0.207722753 0.963407159 52 0.906546414 55 0.0934535861 0 0 0 0 0 0 0 0 
-5.18355608 3.08145523 0.0271251202 -0.0372531451 -0.947557807 0.317405701 52 0.966974974 53 0.0330250338 0 0 0 0 0 0 0 0 
-5.18124676 3.10317016 0.0922184065 -0.0372531451 -0.947557807 0.317405701 52 0.963755727 53 0.0362442955 0 0 0 0 0 0 0 0 
-5.25139809 3.10516167 0.0899326354 -0.0372531451 -0.947557807 0.317405701 52 0.805306733 53 0.194693252 0 0 0 0 0 0 0 0 
-5.25346947 3.08550286 0.0309982505 -0.0372531451 -0.947557807 0.317405701 52 0.806902349 53 0.193097666 0 0 0 0 0 0 0 0 
-5.18355608 3.08145523 0.0271251202 -0.0712575391 -0.948322654 -0.30920282 52 0.966974974 53 0.0330250338 0 0 0 0 0 0 0 0 
-5.25346947 3.08550286 0.0309982505 -0.0712575391 -0.948322654 -0.30920282 52 0.806902349 53 0.193097666 0 0 0 0 0 0 0 0 
-5.25883102 3.10501075 -0.0277725123 -0.0712575391 -0.948322654 -0.30920282 52 0.80848217 53 0.191517815 0 0 0 0 0 0 0 0 
-5.18854618 3.10307121 -0.0378446467 -0.0712575391 -0.948322654 -0.30920282 52 0.965059221 53 0.0349407792 0 0 0 0 0 0 0 0 
-5.18355608 3.08145523 0.0271251202 -0.0990615338 -0.943807006 -0.315301776 52 0.966974974 53 0.0330250338 0 0 0 0 0 0 0 0 
-5.18854618 3.10307121 -0.0378446467 -0.0990615338 -0.943807006 -0.315301776 52 0.965059221 53 0.0349407792 0 0 0 0 0 0 0 0 
-5.11061764 3.09813261 -0.0457128435 -0.0990615338 -0.943807006 -0.315301776 52 0.989620149 49 0.0103798555 0 0 0 0 0 0 0 0 
-5.10181379 3.07350278 0.0234137438 -0.0990615338 -0.943807006 -0.315301776 52 1 0 0 0 0 0 0 0 0 0 0 
-5.18355608 3.08145523 0.0271251202 -0.069213286 -0.942641377 0.326552838 52 0.966974974 53 0.0330250338 0 0 0 0 0 0 0 0 
-5.10181379 3.07350278 0.0234137438 -0.069213286 -0.942641377 0.326552838 52 1 0 0 0 0 0 0 0 0 0 0 
-5.10200644 3.09815407 0.0926126838 -0.069213286 -0.942641377 0.326552838 52 1 0 0 0 0 0 0 0 0 0 0 
-5.18124676 3.10317016 0.0922184065 -0.069213286 -0.942641377 0.326552838 52 0.963755727 53 0.0362442955 0 0 0 0 0 0 0 0 
-5.19378471 3.168051 -0.0593365394 -0.141850829 -0.322266996 -0.93596065 52 0.972560585 53 0.0274394229 0 0 0 0 0 0 0 0 
-5.18854618 3.10307121 -0.0378446467 -0.141850829 -0.322266996 -0.93596065 52 0.965059221 53 0.0349407792 0 0 0 0 0 0 0 0 
-5.25883102 3.10501075 -0.0277725123 -0.141850829 -0.322266996 -0.93596065 52 0.80848217 53 0.191517815 0 0 0 0 0 0 0 0 
-5.26500511 3.16373539 -0.047144603 -0.141850829 -0.322266996 -0.93596065 52 0.816849053 53 0.183150917 0 0 0 0 0 0 0 0 
-5.19378471 3.168051 -0.0593365394 -0.179458156 0.303864986 -0.93566072 52 0.972560585 53 0.0274394229 0 0 0 0 0 0 0 0 
-5.26500511 3.16373539 -0.047144603 -0.179458156 0.303864986 -0.93566072 52 0.816849053 53 0.183150917 0 0 0 0 0 0 0 0 
-5.26870155 3.22250986 -0.0272816438 -0.179458156 0.303864986 -0.93566072 52 0.819140255 53 0.180859715 0 0 0 0 0 0 0 0 
-5.19803572 3.23306394 -0.0374740809 -0.179458156 0.303864986 -0.93566072 52 0.971917927 53 0.0280820429 0 0 0 0 0 0 0 0 
-5.19378471 3.168051 -0.0593365394 -0.16081506 0.286771715 -0.94440484 52 0.972560585 53 0.0274394229 0 0 0 0 0 0 0 0 
-5.19803572 3.23306394 -0.0374740809 -0.16081506 0.286771715 -0.94440484 52 0.971917927 53 0.0280820429 0 0 0 0 0 0 0 0 
-5.13579559 3.24593735 -0.0455606356 -0.16081506 0.286771715 -0.94440484 52 1 0 0 0 0 0 0 0 0 0 0 
-5.12349272 3.17202497 -0.0687018037 -0.16081506 0.286771715 -0.94440484 52 0.988980711 49 0.0110192848 0 0 0 0 0 0 0 0 
-5.19378471 3.168051 -0.0593365394 -0.111592032 -0.316301256 -0.94207257 52 0.972560585 53 0.0274394229 0 0 0 0 0 0 0 0 
-5.12349272 3.17202497 -0.0687018037 -0.111592032 -0.316301256 -0.94207257 52 0.988980711 49 0.0110192848 0 0 0 0 0 0 0 0 
-5.11061764 3.09813261 -0.0457128435 -0.111592032 -0.316301256 -0.94207257 52 0.989620149 49 0.0103798555 0 0 0 0 0 0 0 0 
-5.18854618 3.10307121 -0.0378446467 -0.111592032 -0.316301256 -0.94207257 52 0.965059221 53 0.0349407792 0 0 0 0 0 0 0 0 
-5.19442844 3.2547791 0.0276192054 -0.181883961 0.935258448 -0.30366084 52 0.976057649 53 0.0239423607 0 0 0 0 0 0 0 0 
-5.19803572 3.23306394 -0.0374740809 -0.181883961 0.935258448 -0.30366084 52 0.971917927 53 0.0280820429 0 0 0 0 0 0 0 0 
-5.26870155 3.22250986 -0.0272816438 -0.181883961 0.935258448 -0.30366084 52 0.819140255 53 0.180859715 0 0 0 0 0 0 0 0 
-5.26663065 3.24216843 0.0316527411 -0.181883961 0.935258448 -0.30366084 52 0.822211385 53 0.17778863 0 0 0 0 0 0 0 0 
-5.19442844 3.2547791 0.0276192054 -0.147617251 0.935410917 0.321271747 52 0.976057649 53 0.0239423607 0 0 0 0 0 0 0 0 
-5.26663065 3.24216843 0.0316527411 -0.147617251 0.935410917 0.321271747 52 0.822211385 53 0.17778863 0 0 0 0 0 0 0 0 
-5.26126909 3.22266054 0.090423502 -0.147617251 0.935410917 0.321271747 52 0.815851033 53 0.184148982 0 0 0 0 0 0 0 0 
-5.19107437 3.23316312 0.092588976 -0.147617251 0.935410917 0.321271747 52 0.970553577 53 0.0294464286 0 0 0 0 0 0 0 0 
-5.19442844 3.2547791 0.0276192054 -0.193153054 0.926432312 0.323133469 52 0.976057649 53 0.0239423607 0 0 0 0 0 0 0 0 
-5.19107437 3.23316312 0.092588976 -0.193153054 0.926432312 0.323133469 52 0.970553577 53 0.0294464286 0 0 0 0 0 0 0 0 
-5.12716103 3.24603629 0.0928946063 -0.193153054 0.926432312 0.323133469 52 1 0 0 0 0 0 0 0 0 0 0 
-5.12662506 3.27062726 0.0237031635 -0.193153054 0.926432312 0.323133469 52 1 0 0 0 0 0 0 0 0 0 0 
-5.19442844 3.2547791 0.0276192054 -0.232003197 0.926018178 -0.297766626 52 0.976057649 53 0.0239423607 0 0 0 0 0 0 0 0 
-5.12662506 3.27062726 0.0237031635 -0.232003197 0.926018178 -0.297766626 52 1 0 0 0 0 0 0 0 0 0 0 
-5.13579559 3.24593735 -0.0455606356 -0.232003197 0.926018178 -0.297766626 52 1 0 0 0 0 0 0 0 0 0 0 
-5.19803572 3.23306394 -0.0374740809 -0.232003197 0.926018178 -0.297766626 52 0.971917927 53 0.0280820429 0 0 0 0 0 0 0 0 
-5.18405628 3.16818333 0.114080869 -0.0752611235 0.305530339 0.949203432 52 0.970835567 53 0.0291644223 0 0 0 0 0 0 0 0 
-5.19107437 3.23316312 0.092588976 -0.0752611235 0.305530339 0.949203432 52 0.970553577 53 0.0294464286 0 0 0 0 0 0 0 0 
-5.26126909 3.22266054 0.090423502 -0.0752611235 0.305530339 0.949203432 52 0.815851033 53 0.184148982 0 0 0 0 0 0 0 0 
-5.25509501 3.16393614 0.1097956 -0.0752611235 0.305530339 0.949203432 52 0.812169313 53 0.187830657 0 0 0 0 0 0 0 0 
-5.18405628 3.16818333 0.114080869 -0.0389115252 -0.321011573 0.946275592 52 0.970835567 53 0.0291644223 0 0 0 0 0 0 0 0 
-5.25509501 3.16393614 0.1097956 -0.0389115252 -0.321011573 0.946275592 52 0.812169313 53 0.187830657 0 0 0 0 0 0 0 0 
-5.25139809 3.10516167 0.0899326354 -0.0389115252 -0.321011573 0.946275592 52 0.805306733 53 0.194693252 0 0 0 0 0 0 0 0 
-5.18124676 3.10317016 0.0922184065 -0.0389115252 -0.321011573 0.946275592 52 0.963755727 53 0.0362442955 0 0 0 0 0 0 0 0 
-5.18405628 3.16818333 0.114080869 -0.0156514496 -0.309775919 0.950680852 52 0.970835567 53 0.0291644223 0 0 0 0 0 0 0 0 
-5.18124676 3.10317016 0.0922184065 -0.0156514496 -0.309775919 0.950680852 52 0.963755727 53 0.0362442955 0 0 0 0 0 0 0 0 
-5.10200644 3.09815407 0.0926126838 -0.0156514496 -0.309775919 0.950680852 52 1 0 0 0 0 0 0 0 0 0 0 
-5.11210155 3.17210507 0.115819007 -0.0156514496 -0.309775919 0.950680852 52 1 0 0 0 0 0 0 0 0 0 0 
-5.18405628 3.16818333 0.114080869 -0.0510310233 0.296792626 0.953577399 52 0.970835567 53 0.0291644223 0 0 0 0 0 0 0 0 
-5.11210155 3.17210507 0.115819007 -0.0510310233 0.296792626 0.953577399 52 1 0 0 0 0 0 0 0 0 0 0 
-5.12716103 3.24603629 0.0928946063 -0.0510310233 0.296792626 0.953577399 52 1 0 0 0 0 0 0 0 0 0 0 
-5.19107437 3.23316312 0.092588976 -0.0510310233 0.296792626 0.953577399 52 0.970553577 53 0.0294464286 0 0 0 0 0 0 0 0 
-4.88111782 3.06598163 0.194907248 -0.0219679661 -0.937477708 0.347351491 55 0.893663168 52 0.106336854 0 0 0 0 0 0 0 0 
-4.83725929 3.09173679 0.265558392 -0.0219679661 -0.937477708 0.347351491 55 0.895734847 44 0.0924237967 52 0.0118413726 0 0 0 0 0 0 
-4.91215324 3.0992341 0.282690823 -0.0219679661 -0.937477708 0.347351491 55 0.99154377 56 0.00845620409 0 0 0 0 0 0 0 0 
-4.94373703 3.07323909 0.208899841 -0.0219679661 -0.937477708 0.347351491 55 0.916622162 56 0.0493541881 52 0.0340236388 0 0 0 0 0 0 
-4.88111782 3.06598163 0.194907248 -0.158231139 -0.960138738 -0.230427131 55 0.893663168 52 0.106336854 0 0 0 0 0 0 0 0 
-4.94373703 3.07323909 0.208899841 -0.158231139 -0.960138738 -0.230427131 55 0.916622162 56 0.0493541881 52 0.0340236388 0 0 0 0 0 0 
-4.98858595 3.09478974 0.148667783 -0.158231139 -0.960138738 -0.230427131 55 0.847180367 52 0.101170041 56 0.0516495742 0 0 0 0 0 0 
-4.94303083 3.09214401 0.12964122 -0.158231139 -0.960138738 -0.230427131 55 0.750032663 52 0.249967337 0 0 0 0 0 0 0 0 
-4.88111782 3.06598163 0.194907248 -0.207898989 -0.978129387 -0.00638678391 55 0.893663168 52 0.106336854 0 0 0 0 0 0 0 0 
-4.94303083 3.09214401 0.12964122 -0.207898989 -0.978129387 -0.00638678391 55 0.750032663 52 0.249967337 0 0 0 0 0 0 0 0 
-4.87859774 3.06616378 0.0849663466 -0.207898989 -0.978129387 -0.00638678391 52 0.665933967 55 0.241722807 43 0.0523162037 49 0.0400270112 0 0 0 0 
-4.7760129 3.05622625 0.193796262 -0.207898989 -0.978129387 -0.00638678391 55 0.641539872 44 0.149068236 52 0.146258518 43 0.0631333813 0 0 0 0 
-4.88111782 3.06598163 0.194907248 -0.180635825 -0.934064746 0.308048368 55 0.893663168 52 0.106336854 0 0 0 0 0 0 0 0 
-4.7760129 3.05622625 0.193796262 -0.180635825 -0.934064746 0.308048368 55 0.641539872 44 0.149068236 52 0.146258518 43 0.0631333813 0 0 0 0 
-4.74486589 3.06583667 0.274363577 -0.180635825 -0.934064746 0.308048368 55 0.634750605 44 0.313164204 43 0.0294973124 52 0.0225878581 0 0 0 0 
-4.83725929 3.09173679 0.265558392 -0.180635825 -0.934064746 0.308048368 55 0.895734847 44 0.0924237967 52 0.0118413726 0 0 0 0 0 0 
-4.97992754 3.17320824 0.123798773 -0.3648974 -0.24460426 -0.898342252 55 0.598854005 52 0.401146024 0 0 0 0 0 0 0 0 
-4.94303083 3.09214401 0.12964122 -0.3648974 -0.24460426 -0.898342252 55 0.750032663 52 0.249967337 0 0 0 0 0 0 0 0 
-4.98858595 3.09478974 0.148667783 -0.3648974 -0.24460426 -0.898342252 55 0.847180367 52 0.101170041 56 0.0516495742 0 0 0 0 0 0 
-5.02078485 3.16999269 0.140027136 -0.3648974 -0.24460426 -0.898342252 55 0.824551404 52 0.140811607 56 0.0346369781 0 0 0 0 0 0 
-4.97992754 3.17320824 0.123798773 -0.374154538 0.0653452799 -0.925061285 55 0.598854005 52 0.401146024 0 0 0 0 0 0 0 0 
-5.02078485 3.16999269 0.140027136 -0.374154538 0.0653452799 -0.925061285 55 0.824551404 52 0.140811607 56 0.0346369781 0 0 0 0 0 0 
-5.03734589 3.25584173 0.152859554 -0.374154538 0.0653452799 -0.925061285 55 0.879581511 52 0.115454786 56 0.00496372627 0 0 0 0 0 0 
-4.99248695 3.26792192 0.135499254 -0.374154538 0.0653452799 -0.925061285 55 0.704430342 52 0.295569658 0 0 0 0 0 0 0 0 
-4.97992754 3.17320824 0.123798773 -0.871845424 -0.102653697 -0.478902787 55 0.598854005 52 0.401146024 0 0 0 0 0 0 0 0 
-4.99248695 3.26792192 0.135499254 -0.871845424 -0.102653697 -0.478902787 55 0.704430342 52 0.295569658 0 0 0 0 0 0 0 0 
-4.9814744 3.2872231 0.102175765 -0.871845424 -0.102653697 -0.478902787 52 0.537646532 55 0.462353438 0 0 0 0 0 0 0 0 
-4.97334337 3.17326713 0.120937884 -0.871845424 -0.102653697 -0.478902787 55 0.515661418 52 0.484338582 0 0 0 0 0 0 0 0 
-4.97992754 3.17320824 0.123798773 -0.604102254 -0.304728955 -0.736342788 55 0.598854005 52 0.401146024 0 0 0 0 0 0 0 0 
-4.97334337 3.17326713 0.120937884 -0.604102254 -0.304728955 -0.736342788 55 0.515661418 52 0.484338582 0 0 0 0 0 0 0 0 
-4.87859774 3.06616378 0.0849663466 -0.604102254 -0.304728955 -0.736342788 52 0.665933967 55 0.241722807 43 0.0523162037 49 0.0400270112 0 0 0 0 
-4.94303083 3.09214401 0.12964122 -0.604102254 -0.304728955 -0.736342788 55 0.750032663 52 0.249967337 0 0 0 0 0 0 0 0 
-4.94642019 3.3068676 0.192422226 -0.351476222 0.878080845 -0.324712902 55 0.844311535 52 0.0874508321 44 0.0682376549 0 0 0 0 0 0 
-4.99248695 3.26792192 0.135499254 -0.351476222 0.878080845 -0.324712902 55 0.704430342 52 0.295569658 0 0 0 0 0 0 0 0 
-5.03734589 3.25584173 0.152859554 -0.351476222 0.878080845 -0.324712902 55 0.879581511 52 0.115454786 56 0.00496372627 0 0 0 0 0 0 
-5.00952721 3.28918266 0.211436793 -0.351476222 0.878080845 -0.324712902 55 0.970856786 52 0.029143231 0 0 0 0 0 0 0 0 
-4.94642019 3.3068676 0.192422226 -0.0597495735 0.901950836 0.42768538 55 0.844311535 52 0.0874508321 44 0.0682376549 0 0 0 0 0 0 
-5.00952721 3.28918266 0.211436793 -0.0597495735 0.901950836 0.42768538 55 0.970856786 52 0.029143231 0 0 0 0 0 0 0 0 
-4.9514184 3.26315951 0.283900648 -0.0597495735 0.901950836 0.42768538 55 0.965585232 44 0.0302983504 56 0.0041164374 0 0 0 0 0 0 
-4.87694454 3.27428722 0.261372358 -0.0597495735 0.901950836 0.42768538 55 0.830999374 44 0.169000626 0 0 0 0 0 0 0 0 
-4.94642019 3.3068676 0.192422226 -0.049113933 0.907229304 0.417759389 55 0.844311535 52 0.0874508321 44 0.0682376549 0 0 0 0 0 0 
-4.87694454 3.27428722 0.261372358 -0.049113933 0.907229304 0.417759389 55 0.830999374 44 0.169000626 0 0 0 0 0 0 0 0 
-4.75356436 3.29461837 0.241695106 -0.049113933 0.907229304 0.417759389 44 0.74406451 55 0.232325584 43 0.0236098915 0 0 0 0 0 0 
-4.90384912 3.3200376 0.158855706 -0.049113933 0.907229304 0.417759389 55 0.683556736 44 0.164761648 52 0.140258938 43 0.0114226872 0 0 0 0 
-4.94642019 3.3068676 0.192422226 -0.508827269 0.860807478 0.0102644702 55 0.844311535 52 0.0874508321 44 0.0682376549 0 0 0 0 0 0 
-4.90384912 3.3200376 0.158855706 -0.508827269 0.860807478 0.0102644702 55 0.683556736 44 0.164761648 52 0.140258938 43 0.0114226872 0 0 0 0 
-4.9814744 3.2872231 0.102175765 -0.508827269 0.860807478 0.0102644702 52 0.537646532 55 0.462353438 0 0 0 0 0 0 0 0 
-4.99248695 3.26792192 0.135499254 -0.508827269 0.860807478 0.0102644702 55 0.704430342 52 0.295569658 0 0 0 0 0 0 0 0 
-4.83249807 3.18221521 0.286732256 0.225092605 0.362336367 0.90445888 55 0.857740879 44 0.142259136 0 0 0 0 0 0 0 0 
-4.87694454 3.27428722 0.261372358 0.225092605 0.362336367 0.90445888 55 0.830999374 44 0.169000626 0 0 0 0 0 0 0 0 
-4.9514184 3.26315951 0.283900648 0.225092605 0.362336367 0.90445888 55 0.965585232 44 0.0302983504 56 0.0041164374 0 0 0 0 0 0 
-4.91260958 3.18080974 0.307696491 0.225092605 0.362336367 0.90445888 55 0.980660796 44 0.0193392131 0 0 0 0 0 0 0 0 
-4.83249807 3.18221521 0.286732256 0.221022546 -0.257970423 0.940531909 55 0.857740879 44 0.142259136 0 0 0 0 0 0 0 0 
-4.91260958 3.18080974 0.307696491 0.221022546 -0.257970423 0.940531909 55 0.980660796 44 0.0193392131 0 0 0 0 0 0 0 0 
-4.91215324 3.0992341 0.282690823 0.221022546 -0.257970423 0.940531909 55 0.99154377 56 0.00845620409 0 0 0 0 0 0 0 0 
-4.83725929 3.09173679 0.265558392 0.221022546 -0.257970423 0.940531909 55 0.895734847 44 0.0924237967 52 0.0118413726 0 0 0 0 0 0 
-4.83249807 3.18221521 0.286732256 -0.0686201304 -0.156388521 0.985309124 55 0.857740879 44 0.142259136 0 0 0 0 0 0 0 0 
-4.83725929 3.09173679 0.265558392 -0.0686201304 -0.156388521 0.985309124 55 0.895734847 44 0.0924237967 52 0.0118413726 0 0 0 0 0 0 
-4.74486589 3.06583667 0.274363577 -0.0686201304 -0.156388521 0.985309124 55 0.634750605 44 0.313164204 43 0.0294973124 52 0.0225878581 0 0 0 0 
-4.77022934 3.18243098 0.284621686 -0.0686201304 -0.156388521 0.985309124 55 0.552528143 44 0.447471827 0 0 0 0 0 0 0 0 
-4.83249807 3.18221521 0.286732256 0.0746293589 0.325296432 0.942662597 55 0.857740879 44 0.142259136 0 0 0 0 0 0 0 0 
-4.77022934 3.18243098 0.284621686 0.0746293589 0.325296432 0.942662597 55 0.552528143 44 0.447471827 0 0 0 0 0 0 0 0 
-4.75356436 3.29461837 0.241695106 0.0746293589 0.325296432 0.942662597 44 0.74406451 55 0.232325584 43 0.0236098915 0 0 0 0 0 0 
-4.87694454 3.27428722 0.261372358 0.0746293589 0.325296432 0.942662597 55 0.830999374 44 0.169000626 0 0 0 0 0 0 0 0 
-5.00108814 3.0796361 0.226484329 0.0359693579 -0.949807882 0.310758978 55 0.835434973 56 0.164565042 0 0 0 0 0 0 0 0 
-4.97770739 3.10369587 0.296980977 0.0359693579 -0.949807882 0.310758978 55 0.907036126 56 0.092963852 0 0 0 0 0 0 0 0 
-5.04347515 3.10563087 0.310840726 0.0359693579 -0.949807882 0.310758978 55 0.721368372 56 0.278631628 0 0 0 0 0 0 0 0 
-5.0614109 3.0838356 0.245968729 0.0359693579 -0.949807882 0.310758978 56 0.653105497 55 0.346894532 0 0 0 0 0 0 0 0 
-5.00108814 3.0796361 0.226484329 -0.163584501 -0.95342201 -0.253429741 55 0.835434973 56 0.164565042 0 0 0 0 0 0 0 0 
-5.0614109 3.0838356 0.245968729 -0.163584501 -0.95342201 -0.253429741 56 0.653105497 55 0.346894532 0 0 0 0 0 0 0 0 
-5.0866642 3.10461974 0.187731281 -0.163584501 -0.95342201 -0.253429741 56 0.511457324 55 0.488542706 0 0 0 0 0 0 0 0 
-5.03557205 3.09928823 0.17115666 -0.163584501 -0.95342201 -0.253429741 55 0.83019352 56 0.152989224 52 0.0168172494 0 0 0 0 0 0 
-5.00108814 3.0796361 0.226484329 -0.183179438 -0.95901531 -0.216182962 55 0.835434973 56 0.164565042 0 0 0 0 0 0 0 0 
-5.03557205 3.09928823 0.17115666 -0.183179438 -0.95901531 -0.216182962 55 0.83019352 56 0.152989224 52 0.0168172494 0 0 0 0 0 0 
-4.98858595 3.09478974 0.148667783 -0.183179438 -0.95901531 -0.216182962 55 0.847180367 52 0.101170041 56 0.0516495742 0 0 0 0 0 0 
-4.94373703 3.07323909 0.208899841 -0.183179438 -0.95901531 -0.216182962 55 0.916622162 56 0.0493541881 52 0.0340236388 0 0 0 0 0 0 
-5.00108814 3.0796361 0.226484329 0.00139174412 -0.944927812 0.327275932 55 0.835434973 56 0.164565042 0 0 0 0 0 0 0 0 
-4.94373703 3.07323909 0.208899841 0.00139174412 -0.944927812 0.327275932 55 0.916622162 56 0.0493541881 52 0.0340236388 0 0 0 0 0 0 
-4.91215324 3.0992341 0.282690823 0.00139174412 -0.944927812 0.327275932 55 0.99154377 56 0.00845620409 0 0 0 0 0 0 0 0 
-4.97770739 3.10369587 0.296980977 0.00139174412 -0.944927812 0.327275932 55 0.907036126 56 0.092963852 0 0 0 0 0 0 0 0 
-5.05868626 3.16927648 0.159021094 -0.334032774 -0.258006275 -0.90656209 55 0.840903461 56 0.125245303 52 0.0338512547 0 0 0 0 0 0 
-5.03557205 3.09928823 0.17115666 -0.334032774 -0.258006275 -0.90656209 55 0.83019352 56 0.152989224 52 0.0168172494 0 0 0 0 0 0 
-5.0866642 3.10461974 0.187731281 -0.334032774 -0.258006275 -0.90656209 56 0.511457324 55 0.488542706 0 0 0 0 0 0 0 0 
-5.1041584 3.16847873 0.176736549 -0.334032774 -0.258006275 -0.90656209 55 0.533679068 56 0.466320932 0 0 0 0 0 0 0 0 
-5.05868626 3.16927648 0.159021094 -0.384124666 0.0804643929 -0.919768393 55 0.840903461 56 0.125245303 52 0.0338512547 0 0 0 0 0 0 
-5.1041584 3.16847873 0.176736549 -0.384124666 0.0804643929 -0.919768393 55 0.533679068 56 0.466320932 0 0 0 0 0 0 0 0 
-5.11976242 3.23866773 0.190598905 -0.384124666 0.0804643929 -0.919768393 55 0.758791924 56 0.241208076 0 0 0 0 0 0 0 0 
-5.07734299 3.24682164 0.172391295 -0.384124666 0.0804643929 -0.919768393 55 0.900926054 56 0.0791431591 52 0.0199307743 0 0 0 0 0 0 
-5.05868626 3.16927648 0.159021094 -0.447511941 0.0467568301 -0.893054903 55 0.840903461 56 0.125245303 52 0.0338512547 0 0 0 0 0 0 
-5.07734299 3.24682164 0.172391295 -0.447511941 0.0467568301 -0.893054903 55 0.900926054 56 0.0791431591 52 0.0199307743 0 0 0 0 0 0 
-5.03734589 3.25584173 0.152859554 -0.447511941 0.0467568301 -0.893054903 55 0.879581511 52 0.115454786 56 0.00496372627 0 0 0 0 0 0 
-5.02078485 3.16999269 0.140027136 -0.447511941 0.0467568301 -0.893054903 55 0.824551404 52 0.140811607 56 0.0346369781 0 0 0 0 0 0 
-5.05868626 3.16927648 0.159021094 -0.43091619 -0.286606997 -0.855668008 55 0.840903461 56 0.125245303 52 0.0338512547 0 0 0 0 0 0 
-5.02078485 3.16999269 0.140027136 -0.43091619 -0.286606997 -0.855668008 55 0.824551404 52 0.140811607 56 0.0346369781 0 0 0 0 0 0 
-4.98858595 3.09478974 0.148667783 -0.43091619 -0.286606997 -0.855668008 55 0.847180367 52 0.101170041 56 0.0516495742 0 0 0 0 0 0 
-5.03557205 3.09928823 0.17115666 -0.43091619 -0.286606997 -0.855668008 55 0.83019352 56 0.152989224 52 0.0168172494 0 0 0 0 0 0 
-5.04968452 3.27528071 0.231011435 -0.336054504 0.91024673 -0.241905376 55 0.93042165 56 0.0695783645 0 0 0 0 0 0 0 0 
-5.07734299 3.24682164 0.172391295 -0.336054504 0.91024673 -0.241905376 55 0.900926054 56 0.0791431591 52 0.0199307743 0 0 0 0 0 0 
-5.11976242 3.23866773 0.190598905 -0.336054504 0.91024673 -0.241905376 55 0.758791924 56 0.241208076 0 0 0 0 0 0 0 0 
-5.0932622 3.26195383 0.251446128 -0.336054504 0.91024673 -0.241905376 55 0.774465561 56 0.225534454 0 0 0 0 0 0 0 0 
-5.04968452 3.27528071 0.231011435 -0.0983280689 0.919261873 0.381168336 55 0.93042165 56 0.0695783645 0 0 0 0 0 0 0 0 
-5.0932622 3.26195383 0.251446128 -0.0983280689 0.919261873 0.381168336 55 0.774465561 56 0.225534454 0 0 0 0 0 0 0 0 
-5.06143332 3.23921967 0.314948797 -0.0983280689 0.919261873 0.381168336 55 0.575704277 56 0.424295723 0 0 0 0 0 0 0 0 
-5.01129436 3.25040078 0.300452828 -0.0983280689 0.919261873 0.381168336 55 0.897947431 56 0.102052554 0 0 0 0 0 0 0 0 
-5.04968452 3.27528071 0.231011435 -0.100384742 0.91286844 0.395719767 55 0.93042165 56 0.0695783645 0 0 0 0 0 0 0 0 
-5.01129436 3.25040078 0.300452828 -0.100384742 0.91286844 0.395719767 55 0.897947431 56 0.102052554 0 0 0 0 0 0 0 0 
-4.9514184 3.26315951 0.283900648 -0.100384742 0.91286844 0.395719767 55 0.965585232 44 0.0302983504 56 0.0041164374 0 0 0 0 0 0 
-5.00952721 3.28918266 0.211436793 -0.100384742 0.91286844 0.395719767 55 0.970856786 52 0.029143231 0 0 0 0 0 0 0 0 
-5.04968452 3.27528071 0.231011435 -0.387639463 0.878361344 -0.279673189 55 0.93042165 56 0.0695783645 0 0 0 0 0 0 0 0 
-5.00952721 3.28918266 0.211436793 -0.387639463 0.878361344 -0.279673189 55 0.970856786 52 0.029143231 0 0 0 0 0 0 0 0 
-5.03734589 3.25584173 0.152859554 -0.387639463 0.878361344 -0.279673189 55 0.879581511 52 0.115454786 56 0.00496372627 0 0 0 0 0 0 
-5.07734299 3.24682164 0.172391295 -0.387639463 0.878361344 -0.279673189 55 0.900926054 56 0.0791431591 52 0.0199307743 0 0 0 0 0 0 
-4.97843361 3.17690516 0.322057009 0.170131251 0.332423478 0.927658319 55 0.927223802 56 0.0727761984 0 0 0 0 0 0 0 0 
-5.01129436 3.25040078 0.300452828 0.170131251 0.332423478 0.927658319 55 0.897947431 56 0.102052554 0 0 0 0 0 0 0 0 
-5.06143332 3.23921967 0.314948797 0.170131251 0.332423478 0.927658319 55 0.575704277 56 0.424295723 0 0 0 0 0 0 0 0 
-5.04313326 3.17226863 0.334290534 0.170131251 0.332423478 0.927658319 55 0.765593827 56 0.234406203 0 0 0 0 0 0 0 0 
-4.97843361 3.17690516 0.322057009 0.192109838 -0.321239322 0.927307546 55 0.927223802 56 0.0727761984 0 0 0 0 0 0 0 0 
-5.04313326 3.17226863 0.334290534 0.192109838 -0.321239322 0.927307546 55 0.765593827 56 0.234406203 0 0 0 0 0 0 0 0 
-5.04347515 3.10563087 0.310840726 0.192109838 -0.321239322 0.927307546 55 0.721368372 56 0.278631628 0 0 0 0 0 0 0 0 
-4.97770739 3.10369587 0.296980977 0.192109838 -0.321239322 0.927307546 55 0.907036126 56 0.092963852 0 0 0 0 0 0 0 0 
-4.97843361 3.17690516 0.322057009 0.202034816 -0.300098926 0.932267427 55 0.927223802 56 0.0727761984 0 0 0 0 0 0 0 0 
-4.97770739 3.10369587 0.296980977 0.202034816 -0.300098926 0.932267427 55 0.907036126 56 0.092963852 0 0 0 0 0 0 0 0 
-4.91215324 3.0992341 0.282690823 0.202034816 -0.300098926 0.932267427 55 0.99154377 56 0.00845620409 0 0 0 0 0 0 0 0 
-4.91260958 3.18080974 0.307696491 0.202034816 -0.300098926 0.932267427 55 0.980660796 44 0.0193392131 0 0 0 0 0 0 0 0 
-4.97843361 3.17690516 0.322057009 0.179611012 0.350381345 0.919224024 55 0.927223802 56 0.0727761984 0 0 0 0 0 0 0 0 
-4.91260958 3.18080974 0.307696491 0.179611012 0.350381345 0.919224024 55 0.980660796 44 0.0193392131 0 0 0 0 0 0 0 0 
-4.9514184 3.26315951 0.283900648 0.179611012 0.350381345 0.919224024 55 0.965585232 44 0.0302983504 56 0.0041164374 0 0 0 0 0 0 
-5.01129436 3.25040078 0.300452828 0.179611012 0.350381345 0.919224024 55 0.897947431 56 0.102052554 0 0 0 0 0 0 0 0 
-5.31307602 3.08293414 0.035104014 0.125725687 -0.94240582 0.309942305 53 0.805149198 52 0.194850788 0 0 0 0 0 0 0 0 
-5.31111622 3.1017139 0.0914101452 0.125725687 -0.94240582 0.309942305 53 0.796709418 52 0.203290552 0 0 0 0 0 0 0 0 
-5.36518288 3.09559798 0.0947458446 0.125725687 -0.94240582 0.309942305 53 0.945850015 52 0.0541499704 0 0 0 0 0 0 0 0 
-5.36709976 3.07710361 0.0392901972 0.125725687 -0.94240582 0.309942305 53 0.948705316 52 0.0512947142 0 0 0 0 0 0 0 0 
-5.31307602 3.08293414 0.035104014 0.0770620853 -0.944099367 -0.320527375 53 0.805149198 52 0.194850788 0 0 0 0 0 0 0 0 
-5.36709976 3.07710361 0.0392901972 0.0770620853 -0.944099367 -0.320527375 53 0.948705316 52 0.0512947142 0 0 0 0 0 0 0 0 
-5.37351704 3.09532213 -0.0159156378 0.0770620853 -0.944099367 -0.320527375 53 0.946745217 52 0.0532548018 0 0 0 0 0 0 0 0 
-5.31901121 3.10149479 -0.0209904034 0.0770620853 -0.944099367 -0.320527375 53 0.798516035 52 0.201483995 0 0 0 0 0 0 0 0 
-5.31307602 3.08293414 0.035104014 0.0194331966 -0.948474944 -0.316255748 53 0.805149198 52 0.194850788 0 0 0 0 0 0 0 0 
-5.31901121 3.10149479 -0.0209904034 0.0194331966 -0.948474944 -0.316255748 53 0.798516035 52 0.201483995 0 0 0 0 0 0 0 0 
-5.25883102 3.10501075 -0.0277725123 0.0194331966 -0.948474944 -0.316255748 52 0.80848217 53 0.191517815 0 0 0 0 0 0 0 0 
-5.25346947 3.08550286 0.0309982505 0.0194331966 -0.948474944 -0.316255748 52 0.806902349 53 0.193097666 0 0 0 0 0 0 0 0 
-5.31307602 3.08293414 0.035104014 0.062451575 -0.947423398 0.313829064 53 0.805149198 52 0.194850788 0 0 0 0 0 0 0 0 
-5.25346947 3.08550286 0.0309982505 0.062451575 -0.947423398 0.313829064 52 0.806902349 53 0.193097666 0 0 0 0 0 0 0 0 
-5.25139809 3.10516167 0.0899326354 0.062451575 -0.947423398 0.313829064 52 0.805306733 53 0.194693252 0 0 0 0 0 0 0 0 
-5.31111622 3.1017139 0.0914101452 0.062451575 -0.947423398 0.313829064 53 0.796709418 52 0.203290552 0 0 0 0 0 0 0 0 
-5.32629013 3.15746832 -0.0394062549 -0.0519051291 -0.318342447 -0.946553707 53 0.810187936 52 0.189812049 0 0 0 0 0 0 0 0 
-5.31901121 3.10149479 -0.0209904034 -0.0519051291 -0.318342447 -0.946553707 53 0.798516035 52 0.201483995 0 0 0 0 0 0 0 0 
-5.37351704 3.09532213 -0.0159156378 -0.0519051291 -0.318342447 -0.946553707 53 0.946745217 52 0.0532548018 0 0 0 0 0 0 0 0 
-5.3816576 3.15034556 -0.0339845009 -0.0519051291 -0.318342447 -0.946553707 53 0.952161252 52 0.0478387438 0 0 0 0 0 0 0 0 
-5.32629013 3.15746832 -0.0394062549 -0.131758124 0.309012592 -0.941887021 53 0.810187936 52 0.189812049 0 0 0 0 0 0 0 0 
-5.3816576 3.15034556 -0.0339845009 -0.131758124 0.309012592 -0.941887021 53 0.952161252 52 0.0478387438 0 0 0 0 0 0 0 0 
-5.38701963 3.20546031 -0.0151662063 -0.131758124 0.309012592 -0.941887021 53 0.949457824 52 0.0505421981 0 0 0 0 0 0 0 0 
-5.33093786 3.2135148 -0.0203552619 -0.131758124 0.309012592 -0.941887021 53 0.804306269 52 0.195693716 0 0 0 0 0 0 0 0 
-5.32629013 3.15746832 -0.0394062549 -0.149565116 0.307596713 -0.939688623 53 0.810187936 52 0.189812049 0 0 0 0 0 0 0 0 
-5.33093786 3.2135148 -0.0203552619 -0.149565116 0.307596713 -0.939688623 53 0.804306269 52 0.195693716 0 0 0 0 0 0 0 0 
-5.26870155 3.22250986 -0.0272816438 -0.149565116 0.307596713 -0.939688623 52 0.819140255 53 0.180859715 0 0 0 0 0 0 0 0 
-5.26500511 3.16373539 -0.047144603 -0.149565116 0.307596713 -0.939688623 52 0.816849053 53 0.183150917 0 0 0 0 0 0 0 0 
-5.32629013 3.15746832 -0.0394062549 -0.0868948624 -0.320905983 -0.943116486 53 0.810187936 52 0.189812049 0 0 0 0 0 0 0 0 
-5.26500511 3.16373539 -0.047144603 -0.0868948624 -0.320905983 -0.943116486 52 0.816849053 53 0.183150917 0 0 0 0 0 0 0 0 
-5.25883102 3.10501075 -0.0277725123 -0.0868948624 -0.320905983 -0.943116486 52 0.80848217 53 0.191517815 0 0 0 0 0 0 0 0 
-5.31901121 3.10149479 -0.0209904034 -0.0868948624 -0.320905983 -0.943116486 53 0.798516035 52 0.201483995 0 0 0 0 0 0 0 0 
-5.32897806 3.23229456 0.0359508693 -0.16307418 0.9376176 -0.307050467 53 0.812630773 52 0.187369242 0 0 0 0 0 0 0 0 
-5.33093786 3.2135148 -0.0203552619 -0.16307418 0.9376176 -0.307050467 53 0.804306269 52 0.195693716 0 0 0 0 0 0 0 0 
-5.38701963 3.20546031 -0.0151662063 -0.16307418 0.9376176 -0.307050467 53 0.949457824 52 0.0505421981 0 0 0 0 0 0 0 0 
-5.38510227 3.22395468 0.0402894355 -0.16307418 0.9376176 -0.307050467 53 0.954436302 52 0.0455636866 0 0 0 0 0 0 0 0 
-5.32897806 3.23229456 0.0359508693 -0.114788651 0.939361453 0.323146552 53 0.812630773 52 0.187369242 0 0 0 0 0 0 0 0 
-5.38510227 3.22395468 0.0402894355 -0.114788651 0.939361453 0.323146552 53 0.954436302 52 0.0455636866 0 0 0 0 0 0 0 0 
-5.37868452 3.2057364 0.0954952687 -0.114788651 0.939361453 0.323146552 53 0.948578894 52 0.0514210872 0 0 0 0 0 0 0 0 
-5.32304239 3.21373415 0.0920452848 -0.114788651 0.939361453 0.323146552 53 0.802401602 52 0.197598398 0 0 0 0 0 0 0 0 
-5.32897806 3.23229456 0.0359508693 -0.126631051 0.937800586 0.323256463 53 0.812630773 52 0.187369242 0 0 0 0 0 0 0 0 
-5.32304239 3.21373415 0.0920452848 -0.126631051 0.937800586 0.323256463 53 0.802401602 52 0.197598398 0 0 0 0 0 0 0 0 
-5.26126909 3.22266054 0.090423502 -0.126631051 0.937800586 0.323256463 52 0.815851033 53 0.184148982 0 0 0 0 0 0 0 0 
-5.26663065 3.24216843 0.0316527411 -0.126631051 0.937800586 0.323256463 52 0.822211385 53 0.17778863 0 0 0 0 0 0 0 0 
-5.32897806 3.23229456 0.0359508693 -0.169474274 0.936664164 -0.306494176 53 0.812630773 52 0.187369242 0 0 0 0 0 0 0 0 
-5.26663065 3.24216843 0.0316527411 -0.169474274 0.936664164 -0.306494176 52 0.822211385 53 0.17778863 0 0 0 0 0 0 0 0 
-5.26870155 3.22250986 -0.0272816438 -0.169474274 0.936664164 -0.306494176 52 0.819140255 53 0.180859715 0 0 0 0 0 0 0 0 
-5.33093786 3.2135148 -0.0203552619 -0.169474274 0.936664164 -0.306494176 53 0.804306269 52 0.195693716 0 0 0 0 0 0 0 0 
-5.31576347 3.15776062 0.110461146 0.0135654993 0.313929796 0.949349344 53 0.807694733 52 0.192305282 0 0 0 0 0 0 0 0 
-5.32304239 3.21373415 0.0920452848 0.0135654993 0.313929796 0.949349344 53 0.802401602 52 0.197598398 0 0 0 0 0 0 0 0 
-5.37868452 3.2057364 0.0954952687 0.0135654993 0.313929796 0.949349344 53 0.948578894 52 0.0514210872 0 0 0 0 0 0 0 0 
-5.37054443 3.15071321 0.113564134 0.0135654993 0.313929796 0.949349344 53 0.949921608 52 0.0500783734 0 0 0 0 0 0 0 0 
-5.31576347 3.15776062 0.110461146 0.093806982 -0.313471109 0.944952965 53 0.807694733 52 0.192305282 0 0 0 0 0 0 0 0 
-5.37054443 3.15071321 0.113564134 0.093806982 -0.313471109 0.944952965 53 0.949921608 52 0.0500783734 0 0 0 0 0 0 0 0 
-5.36518288 3.09559798 0.0947458446 0.093806982 -0.313471109 0.944952965 53 0.945850015 52 0.0541499704 0 0 0 0 0 0 0 0 
-5.31111622 3.1017139 0.0914101452 0.093806982 -0.313471109 0.944952965 53 0.796709418 52 0.203290552 0 0 0 0 0 0 0 0 
-5.31576347 3.15776062 0.110461146 0.042274721 -0.317929566 0.94717145 53 0.807694733 52 0.192305282 0 0 0 0 0 0 0 0 
-5.31111622 3.1017139 0.0914101452 0.042274721 -0.317929566 0.94717145 53 0.796709418 52 0.203290552 0 0 0 0 0 0 0 0 
-5.25139809 3.10516167 0.0899326354 0.042274721 -0.317929566 0.94717145 52 0.805306733 53 0.194693252 0 0 0 0 0 0 0 0 
-5.25509501 3.16393614 0.1097956 0.042274721 -0.317929566 0.94717145 52 0.812169313 53 0.187830657 0 0 0 0 0 0 0 0 
-5.31576347 3.15776062 0.110461146 -0.0205655172 0.310668409 0.950295866 53 0.807694733 52 0.192305282 0 0 0 0 0 0 0 0 
-5.25509501 3.16393614 0.1097956 -0.0205655172 0.310668409 0.950295866 52 0.812169313 53 0.187830657 0 0 0 0 0 0 0 0 
-5.26126909 3.22266054 0.090423502 -0.0205655172 0.310668409 0.950295866 52 0.815851033 53 0.184148982 0 0 0 0 0 0 0 0 
-5.32304239 3.21373415 0.0920452848 -0.0205655172 0.310668409 0.950295866 53 0.802401602 52 0.197598398 0 0 0 0 0 0 0 0 
-5.4202652 3.07136655 0.0434045792 0.125399247 -0.942439079 0.309973478 53 1 0 0 0 0 0 0 0 0 0 0 
-5.41838074 3.08958507 0.0980346203 0.125399247 -0.942439079 0.309973478 53 1 0 0 0 0 0 0 0 0 0 0 
-5.4705019 3.08370805 0.101251923 0.125399247 -0.942439079 0.309973478 53 1 0 0 0 0 0 0 0 0 0 0 
-5.47237968 3.06575632 0.0474323221 0.125399247 -0.942439079 0.309973478 53 1 0 0 0 0 0 0 0 0 0 0 
-5.4202652 3.07136655 0.0434045792 0.0769398957 -0.944135547 -0.320450008 53 1 0 0 0 0 0 0 0 0 0 0 
-5.47237968 3.06575632 0.0474323221 0.0769398957 -0.944135547 -0.320450008 53 1 0 0 0 0 0 0 0 0 0 0 
-5.47898197 3.08339024 -0.00611724053 0.0769398957 -0.944135547 -0.320450008 53 1 0 0 0 0 0 0 0 0 0 0 
-5.42677879 3.08929324 -0.0109655336 0.0769398957 -0.944135547 -0.320450008 53 1 0 0 0 0 0 0 0 0 0 0 
-5.4202652 3.07136655 0.0434045792 0.0770777613 -0.944100022 -0.320521951 53 1 0 0 0 0 0 0 0 0 0 0 
-5.42677879 3.08929324 -0.0109655336 0.0770777613 -0.944100022 -0.320521951 53 1 0 0 0 0 0 0 0 0 0 0 
-5.37351704 3.09532213 -0.0159156378 0.0770777613 -0.944100022 -0.320521951 53 0.946745217 52 0.0532548018 0 0 0 0 0 0 0 0 
-5.36709976 3.07710361 0.0392901972 0.0770777613 -0.944100022 -0.320521951 53 0.948705316 52 0.0512947142 0 0 0 0 0 0 0 0 
-5.4202652 3.07136655 0.0434045792 0.125682309 -0.942409575 0.309948802 53 1 0 0 0 0 0 0 0 0 0 0 
-5.36709976 3.07710361 0.0392901972 0.125682309 -0.942409575 0.309948802 53 0.948705316 52 0.0512947142 0 0 0 0 0 0 0 0 
-5.36518288 3.09559798 0.0947458446 0.125682309 -0.942409575 0.309948802 53 0.945850015 52 0.0541499704 0 0 0 0 0 0 0 0 
-5.41838074 3.08958507 0.0980346203 0.125682309 -0.942409575 0.309948802 53 1 0 0 0 0 0 0 0 0 0 0 
-5.43512344 3.14346194 -0.0287423357 -0.051823128 -0.318633229 -0.946460426 53 1 0 0 0 0 0 0 0 0 0 0 
-5.42677879 3.08929324 -0.0109655336 -0.051823128 -0.318633229 -0.946460426 53 1 0 0 0 0 0 0 0 0 0 0 
-5.47898197 3.08339024 -0.00611724053 -0.051823128 -0.318633229 -0.946460426 53 1 0 0 0 0 0 0 0 0 0 0 
-5.48748207 3.13671589 -0.0236070529 -0.051823128 -0.318633229 -0.946460426 53 1 0 0 0 0 0 0 0 0 0 0 
-5.43512344 3.14346194 -0.0287423357 -0.132136941 0.308596164 -0.941970348 53 1 0 0 0 0 0 0 0 0 0 0 
-5.48748207 3.13671589 -0.0236070529 -0.132136941 0.308596164 -0.941970348 53 1 0 0 0 0 0 0 0 0 0 0 
-5.493155 3.19014764 -0.00530714262 -0.132136941 0.308596164 -0.941970348 53 1 0 0 0 0 0 0 0 0 0 0 
-5.44066858 3.19772816 -0.0101857502 -0.132136941 0.308596164 -0.941970348 53 1 0 0 0 0 0 0 0 0 0 0 
-5.43512344 3.14346194 -0.0287423357 -0.13201721 0.308695942 -0.941954494 53 1 0 0 0 0 0 0 0 0 0 0 
-5.44066858 3.19772816 -0.0101857502 -0.13201721 0.308695942 -0.941954494 53 1 0 0 0 0 0 0 0 0 0 0 
-5.38701963 3.20546031 -0.0151662063 -0.13201721 0.308695942 -0.941954494 53 0.949457824 52 0.0505421981 0 0 0 0 0 0 0 0 
-5.3816576 3.15034556 -0.0339845009 -0.13201721 0.308695942 -0.941954494 53 0.952161252 52 0.0478387438 0 0 0 0 0 0 0 0 
-5.43512344 3.14346194 -0.0287423357 -0.0518490598 -0.318542987 -0.946489334 53 1 0 0 0 0 0 0 0 0 0 0 
-5.3816576 3.15034556 -0.0339845009 -0.0518490598 -0.318542987 -0.946489334 53 0.952161252 52 0.0478387438 0 0 0 0 0 0 0 0 
-5.37351704 3.09532213 -0.0159156378 -0.0518490598 -0.318542987 -0.946489334 53 0.946745217 52 0.0532548018 0 0 0 0 0 0 0 0 
-5.42677879 3.08929324 -0.0109655336 -0.0518490598 -0.318542987 -0.946489334 53 1 0 0 0 0 0 0 0 0 0 0 
-5.4387846 3.21594644 0.0444442928 -0.163932636 0.937488973 -0.306986481 53 1 0 0 0 0 0 0 0 0 0 0 
-5.44066858 3.19772816 -0.0101857502 -0.163932636 0.937488973 -0.306986481 53 1 0 0 0 0 0 0 0 0 0 0 
-5.493155 3.19014764 -0.00530714262 -0.163932636 0.937488973 -0.306986481 53 1 0 0 0 0 0 0 0 0 0 0 
-5.49127722 3.2080996 0.0485124551 -0.163932636 0.937488973 -0.306986481 53 1 0 0 0 0 0 0 0 0 0 0 
-5.4387846 3.21594644 0.0444442928 -0.115325093 0.939179063 0.323485553 53 1 0 0 0 0 0 0 0 0 0 0 
-5.49127722 3.2080996 0.0485124551 -0.115325093 0.939179063 0.323485553 53 1 0 0 0 0 0 0 0 0 0 0 
-5.48467493 3.19046569 0.102062017 -0.115325093 0.939179063 0.323485553 53 1 0 0 0 0 0 0 0 0 0 0 
-5.43227005 3.19801974 0.0988144055 -0.115325093 0.939179063 0.323485553 53 1 0 0 0 0 0 0 0 0 0 0 
-5.4387846 3.21594644 0.0444442928 -0.115156703 0.939226806 0.323406726 53 1 0 0 0 0 0 0 0 0 0 0 
-5.43227005 3.19801974 0.0988144055 -0.115156703 0.939226806 0.323406726 53 1 0 0 0 0 0 0 0 0 0 0 
-5.37868452 3.2057364 0.0954952687 -0.115156703 0.939226806 0.323406726 53 0.948578894 52 0.0514210872 0 0 0 0 0 0 0 0 
-5.38510227 3.22395468 0.0402894355 -0.115156703 0.939226806 0.323406726 53 0.954436302 52 0.0455636866 0 0 0 0 0 0 0 0 
-5.4387846 3.21594644 0.0444442928 -0.163623154 0.937534273 -0.307012916 53 1 0 0 0 0 0 0 0 0 0 0 
-5.38510227 3.22395468 0.0402894355 -0.163623154 0.937534273 -0.307012916 53 0.954436302 52 0.0455636866 0 0 0 0 0 0 0 0 
-5.38701963 3.20546031 -0.0151662063 -0.163623154 0.937534273 -0.307012916 53 0.949457824 52 0.0505421981 0 0 0 0 0 0 0 0 
-5.44066858 3.19772816 -0.0101857502 -0.163623154 0.937534273 -0.307012916 53 1 0 0 0 0 0 0 0 0 0 0 
-5.42392588 3.14385104 0.1165912 0.0135740153 0.313618511 0.949452102 53 1 0 0 0 0 0 0 0 0 0 0 
-5.43227005 3.19801974 0.0988144055 0.0135740153 0.313618511 0.949452102 53 1 0 0 0 0 0 0 0 0 0 0 
-5.48467493 3.19046569 0.102062017 0.0135740153 0.313618511 0.949452102 53 1 0 0 0 0 0 0 0 0 0 0 
-5.47617483 3.1371398 0.119551823 0.0135740153 0.313618511 0.949452102 53 1 0 0 0 0 0 0 0 0 0 0 
-5.42392588 3.14385104 0.1165912 0.0937542617 -0.313600928 0.944915116 53 1 0 0 0 0 0 0 0 0 0 0 
-5.47617483 3.1371398 0.119551823 0.0937542617 -0.313600928 0.944915116 53 1 0 0 0 0 0 0 0 0 0 0 
-5.4705019 3.08370805 0.101251923 0.0937542617 -0.313600928 0.944915116 53 1 0 0 0 0 0 0 0 0 0 0 
-5.41838074 3.08958507 0.0980346203 0.0937542617 -0.313600928 0.944915116 53 1 0 0 0 0 0 0 0 0 0 0 
-5.42392588 3.14385104 0.1165912 0.0938701183 -0.313518524 0.94493103 53 1 0 0 0 0 0 0 0 0 0 0 
-5.41838074 3.08958507 0.0980346203 0.0938701183 -0.313518524 0.94493103 53 1 0 0 0 0 0 0 0 0 0 0 
-5.36518288 3.09559798 0.0947458446 0.0938701183 -0.313518524 0.94493103 53 0.945850015 52 0.0541499704 0 0 0 0 0 0 0 0 
-5.37054443 3.15071321 0.113564134 0.0938701183 -0.313518524 0.94493103 53 0.949921608 52 0.0500783734 0 0 0 0 0 0 0 0 
-5.42392588 3.14385104 0.1165912 0.0135693522 0.313729405 0.949415505 53 1 0 0 0 0 0 0 0 0 0 0 
-5.37054443 3.15071321 0.113564134 0.0135693522 0.313729405 0.949415505 53 0.949921608 52 0.0500783734 0 0 0 0 0 0 0 0 
-5.37868452 3.2057364 0.0954952687 0.0135693522 0.313729405 0.949415505 53 0.948578894 52 0.0514210872 0 0 0 0 0 0 0 0 
-5.43227005 3.19801974 0.0988144055 0.0135693522 0.313729405 0.949415505 53 1 0 0 0 0 0 0 0 0 0 0 
-5.52325153 3.06030607 0.0513585806 0.105581202 -0.944377244 0.311454982 53 0.930662155 54 0.0693378225 0 0 0 0 0 0 0 0 
-5.52133703 3.07800102 0.104373157 0.105581202 -0.944377244 0.311454982 53 0.92794615 54 0.0720538571 0 0 0 0 0 0 0 0 
-5.56789589 3.07340717 0.106218062 0.105581202 -0.944377244 0.311454982 53 0.754004896 54 0.245995075 0 0 0 0 0 0 0 0 
-5.56981754 3.05637503 0.0552337095 0.105581202 -0.944377244 0.311454982 53 0.755292654 54 0.244707316 0 0 0 0 0 0 0 0 
-5.52325153 3.06030607 0.0513585806 0.0540111624 -0.946762085 -0.31737113 53 0.930662155 54 0.0693378225 0 0 0 0 0 0 0 0 
-5.56981754 3.05637503 0.0552337095 0.0540111624 -0.946762085 -0.31737113 53 0.755292654 54 0.244707316 0 0 0 0 0 0 0 0 
-5.5772934 3.07289767 0.00459953956 0.0540111624 -0.946762085 -0.31737113 53 0.757908762 54 0.242091224 0 0 0 0 0 0 0 0 
-5.53031254 3.07759571 -0.00134790502 0.0540111624 -0.946762085 -0.31737113 53 0.929890394 54 0.0701095834 0 0 0 0 0 0 0 0 
-5.52325153 3.06030607 0.0513585806 0.0766416639 -0.94424361 -0.320203245 53 0.930662155 54 0.0693378225 0 0 0 0 0 0 0 0 
-5.53031254 3.07759571 -0.00134790502 0.0766416639 -0.94424361 -0.320203245 53 0.929890394 54 0.0701095834 0 0 0 0 0 0 0 0 
-5.47898197 3.08339024 -0.00611724053 0.0766416639 -0.94424361 -0.320203245 53 1 0 0 0 0 0 0 0 0 0 0 
-5.47237968 3.06575632 0.0474323221 0.0766416639 -0.94424361 -0.320203245 53 1 0 0 0 0 0 0 0 0 0 0 
-5.52325153 3.06030607 0.0513585806 0.124877378 -0.942486525 0.310039788 53 0.930662155 54 0.0693378225 0 0 0 0 0 0 0 0 
-5.47237968 3.06575632 0.0474323221 0.124877378 -0.942486525 0.310039788 53 1 0 0 0 0 0 0 0 0 0 0 
-5.4705019 3.08370805 0.101251923 0.124877378 -0.942486525 0.310039788 53 1 0 0 0 0 0 0 0 0 0 0 
-5.52133703 3.07800102 0.104373157 0.124877378 -0.942486525 0.310039788 53 0.92794615 54 0.0720538571 0 0 0 0 0 0 0 0 
-5.53952694 3.13000488 -0.0185059495 -0.0862522945 -0.324123412 -0.942074656 53 0.935022831 54 0.0649771541 0 0 0 0 0 0 0 0 
-5.53031254 3.07759571 -0.00134790502 -0.0862522945 -0.324123412 -0.942074656 53 0.929890394 54 0.0701095834 0 0 0 0 0 0 0 0 
-5.5772934 3.07289767 0.00459953956 -0.0862522945 -0.324123412 -0.942074656 53 0.757908762 54 0.242091224 0 0 0 0 0 0 0 0 
-5.58719063 3.12314487 -0.0118116075 -0.0862522945 -0.324123412 -0.942074656 53 0.764911175 54 0.235088825 0 0 0 0 0 0 0 0 
-5.53952694 3.13000488 -0.0185059495 -0.174674898 0.301540017 -0.937316477 53 0.935022831 54 0.0649771541 0 0 0 0 0 0 0 0 
-5.58719063 3.12314487 -0.0118116075 -0.174674898 0.301540017 -0.937316477 53 0.764911175 54 0.235088825 0 0 0 0 0 0 0 0 
-5.59395552 3.17356205 0.00565008679 -0.174674898 0.301540017 -0.937316477 53 0.767113388 54 0.232886598 0 0 0 0 0 0 0 0 
-5.54574966 3.182549 -0.000423640013 -0.174674898 0.301540017 -0.937316477 53 0.934385955 54 0.0656140521 0 0 0 0 0 0 0 0 
-5.53952694 3.13000488 -0.0185059495 -0.13208136 0.308563352 -0.941989005 53 0.935022831 54 0.0649771541 0 0 0 0 0 0 0 0 
-5.54574966 3.182549 -0.000423640013 -0.13208136 0.308563352 -0.941989005 53 0.934385955 54 0.0656140521 0 0 0 0 0 0 0 0 
-5.493155 3.19014764 -0.00530714262 -0.13208136 0.308563352 -0.941989005 53 1 0 0 0 0 0 0 0 0 0 0 
-5.48748207 3.13671589 -0.0236070529 -0.13208136 0.308563352 -0.941989005 53 1 0 0 0 0 0 0 0 0 0 0 
-5.53952694 3.13000488 -0.0185059495 -0.0517964289 -0.318804085 -0.946404338 53 0.935022831 54 0.0649771541 0 0 0 0 0 0 0 0 
-5.48748207 3.13671589 -0.0236070529 -0.0517964289 -0.318804085 -0.946404338 53 1 0 0 0 0 0 0 0 0 0 0 
-5.47898197 3.08339024 -0.00611724053 -0.0517964289 -0.318804085 -0.946404338 53 1 0 0 0 0 0 0 0 0 0 0 
-5.53031254 3.07759571 -0.00134790502 -0.0517964289 -0.318804085 -0.946404338 53 0.929890394 54 0.0701095834 0 0 0 0 0 0 0 0 
-5.54383469 3.20024395 0.0525909364 -0.211417824 0.929392993 -0.302541286 53 0.936766922 54 0.0632330924 0 0 0 0 0 0 0 0 
-5.54574966 3.182549 -0.000423640013 -0.211417824 0.929392993 -0.302541286 53 0.934385955 54 0.0656140521 0 0 0 0 0 0 0 0 
-5.59395552 3.17356205 0.00565008679 -0.211417824 0.929392993 -0.302541286 53 0.767113388 54 0.232886598 0 0 0 0 0 0 0 0 
-5.59203339 3.1905942 0.0566344373 -0.211417824 0.929392993 -0.302541286 53 0.769059062 54 0.230940923 0 0 0 0 0 0 0 0 
-5.54383469 3.20024395 0.0525909364 -0.159347847 0.931431174 0.327176213 53 0.936766922 54 0.0632330924 0 0 0 0 0 0 0 0 
-5.59203339 3.1905942 0.0566344373 -0.159347847 0.931431174 0.327176213 53 0.769059062 54 0.230940923 0 0 0 0 0 0 0 0 
-5.58455801 3.17407131 0.107268609 -0.159347847 0.931431174 0.327176213 53 0.763162017 54 0.236837968 0 0 0 0 0 0 0 0 
-5.53677416 3.18295431 0.105297424 -0.159347847 0.931431174 0.327176213 53 0.93245697 54 0.0675430447 0 0 0 0 0 0 0 0 
-5.54383469 3.20024395 0.0525909364 -0.115292817 0.939175487 0.323507398 53 0.936766922 54 0.0632330924 0 0 0 0 0 0 0 0 
-5.53677416 3.18295431 0.105297424 -0.115292817 0.939175487 0.323507398 53 0.93245697 54 0.0675430447 0 0 0 0 0 0 0 0 
-5.48467493 3.19046569 0.102062017 -0.115292817 0.939175487 0.323507398 53 1 0 0 0 0 0 0 0 0 0 0 
-5.49127722 3.2080996 0.0485124551 -0.115292817 0.939175487 0.323507398 53 1 0 0 0 0 0 0 0 0 0 0 
-5.54383469 3.20024395 0.0525909364 -0.163947329 0.937486529 -0.306985766 53 0.936766922 54 0.0632330924 0 0 0 0 0 0 0 0 
-5.49127722 3.2080996 0.0485124551 -0.163947329 0.937486529 -0.306985766 53 1 0 0 0 0 0 0 0 0 0 0 
-5.493155 3.19014764 -0.00530714262 -0.163947329 0.937486529 -0.306985766 53 1 0 0 0 0 0 0 0 0 0 0 
-5.54574966 3.182549 -0.000423640013 -0.163947329 0.937486529 -0.306985766 53 0.934385955 54 0.0656140521 0 0 0 0 0 0 0 0 
-5.52755976 3.13054514 0.122455463 -0.0185523443 0.307634503 0.951323807 53 0.932439566 54 0.0675604343 0 0 0 0 0 0 0 0 
-5.53677416 3.18295431 0.105297424 -0.0185523443 0.307634503 0.951323807 53 0.93245697 54 0.0675430447 0 0 0 0 0 0 0 0 
-5.58455801 3.17407131 0.107268609 -0.0185523443 0.307634503 0.951323807 53 0.763162017 54 0.236837968 0 0 0 0 0 0 0 0 
-5.57466078 3.12382412 0.123679757 -0.0185523443 0.307634503 0.951323807 53 0.759211004 54 0.240789011 0 0 0 0 0 0 0 0 
-5.52755976 3.13054514 0.122455463 0.0693685114 -0.317704886 0.945648789 53 0.932439566 54 0.0675604343 0 0 0 0 0 0 0 0 
-5.57466078 3.12382412 0.123679757 0.0693685114 -0.317704886 0.945648789 53 0.759211004 54 0.240789011 0 0 0 0 0 0 0 0 
-5.56789589 3.07340717 0.106218062 0.0693685114 -0.317704886 0.945648789 53 0.754004896 54 0.245995075 0 0 0 0 0 0 0 0 
-5.52133703 3.07800102 0.104373157 0.0693685114 -0.317704886 0.945648789 53 0.92794615 54 0.0720538571 0 0 0 0 0 0 0 0 
-5.52755976 3.13054514 0.122455463 0.0934646279 -0.313879579 0.944851279 53 0.932439566 54 0.0675604343 0 0 0 0 0 0 0 0 
-5.52133703 3.07800102 0.104373157 0.0934646279 -0.313879579 0.944851279 53 0.92794615 54 0.0720538571 0 0 0 0 0 0 0 0 
-5.4705019 3.08370805 0.101251923 0.0934646279 -0.313879579 0.944851279 53 1 0 0 0 0 0 0 0 0 0 0 
-5.47617483 3.1371398 0.119551823 0.0934646279 -0.313879579 0.944851279 53 1 0 0 0 0 0 0 0 0 0 0 
-5.52755976 3.13054514 0.122455463 0.013607068 0.313420832 0.949516892 53 0.932439566 54 0.0675604343 0 0 0 0 0 0 0 0 
-5.47617483 3.1371398 0.119551823 0.013607068 0.313420832 0.949516892 53 1 0 0 0 0 0 0 0 0 0 0 
-5.48467493 3.19046569 0.102062017 0.013607068 0.313420832 0.949516892 53 1 0 0 0 0 0 0 0 0 0 0 
-5.53677416 3.18295431 0.105297424 0.013607068 0.313420832 0.949516892 53 0.93245697 54 0.0675430447 0 0 0 0 0 0 0 0 
-5.60901213 3.05532074 0.0591080673 0.0254252329 -0.948343396 0.316225141 54 0.756388485 53 0.243611515 0 0 0 0 0 0 0 0 
-5.60718775 3.07086921 0.105606377 0.0254252329 -0.948343396 0.316225141 54 0.741594315 53 0.258405715 0 0 0 0 0 0 0 0 
-5.64088917 3.06940484 0.10390719 0.0254252329 -0.948343396 0.316225141 54 0.909976363 53 0.090023607 0 0 0 0 0 0 0 0 
-5.64255857 3.05563569 0.0627661571 0.0254252329 -0.948343396 0.316225141 54 0.915129721 53 0.0848702788 0 0 0 0 0 0 0 0 
-5.60901213 3.05532074 0.0591080673 -0.040443331 -0.952611089 -0.301490545 54 0.756388485 53 0.243611515 0 0 0 0 0 0 0 0 
-5.64255857 3.05563569 0.0627661571 -0.040443331 -0.952611089 -0.301490545 54 0.915129721 53 0.0848702788 0 0 0 0 0 0 0 0 
-5.64960194 3.06878901 0.0219966322 -0.040443331 -0.952611089 -0.301490545 54 0.912020206 53 0.087979801 0 0 0 0 0 0 0 0 
-5.6164465 3.07028341 0.0129821617 -0.040443331 -0.952611089 -0.301490545 54 0.744370341 53 0.255629689 0 0 0 0 0 0 0 0 
-5.60901213 3.05532074 0.0591080673 -0.00378966494 -0.951088905 -0.308894187 54 0.756388485 53 0.243611515 0 0 0 0 0 0 0 0 
-5.6164465 3.07028341 0.0129821617 -0.00378966494 -0.951088905 -0.308894187 54 0.744370341 53 0.255629689 0 0 0 0 0 0 0 0 
-5.5772934 3.07289767 0.00459953956 -0.00378966494 -0.951088905 -0.308894187 53 0.757908762 54 0.242091224 0 0 0 0 0 0 0 0 
-5.56981754 3.05637503 0.0552337095 -0.00378966494 -0.951088905 -0.308894187 53 0.755292654 54 0.244707316 0 0 0 0 0 0 0 0 
-5.60901213 3.05532074 0.0591080673 0.0564423949 -0.947568536 0.314528346 54 0.756388485 53 0.243611515 0 0 0 0 0 0 0 0 
-5.56981754 3.05637503 0.0552337095 0.0564423949 -0.947568536 0.314528346 53 0.755292654 54 0.244707316 0 0 0 0 0 0 0 0 
-5.56789589 3.07340717 0.106218062 0.0564423949 -0.947568536 0.314528346 53 0.754004896 54 0.245995075 0 0 0 0 0 0 0 0 
-5.60718775 3.07086921 0.105606377 0.0564423949 -0.947568536 0.314528346 54 0.741594315 53 0.258405715 0 0 0 0 0 0 0 0 
-5.62640429 3.11595225 -0.0018966049 -0.229237109 -0.347818643 -0.90910542 54 0.762452126 53 0.23754786 0 0 0 0 0 0 0 0 
-5.6164465 3.07028341 0.0129821617 -0.229237109 -0.347818643 -0.90910542 54 0.744370341 53 0.255629689 0 0 0 0 0 0 0 0 
-5.64960194 3.06878901 0.0219966322 -0.229237109 -0.347818643 -0.90910542 54 0.912020206 53 0.087979801 0 0 0 0 0 0 0 0 
-5.65911627 3.10906982 0.00890212692 -0.229237109 -0.347818643 -0.90910542 54 0.919504106 53 0.0804958791 0 0 0 0 0 0 0 0 
-5.62640429 3.11595225 -0.0018966049 -0.35000509 0.260138631 -0.899902463 54 0.762452126 53 0.23754786 0 0 0 0 0 0 0 0 
-5.65911627 3.10906982 0.00890212692 -0.35000509 0.260138631 -0.899902463 54 0.919504106 53 0.0804958791 0 0 0 0 0 0 0 0 
-5.66572618 3.14955616 0.0231111422 -0.35000509 0.260138631 -0.899902463 54 0.916602075 53 0.0833978951 0 0 0 0 0 0 0 0 
-5.63327551 3.1618166 0.014099367 -0.35000509 0.260138631 -0.899902463 54 0.750983298 53 0.249016687 0 0 0 0 0 0 0 0 
-5.62640429 3.11595225 -0.0018966049 -0.281953573 0.279059976 -0.91794759 54 0.762452126 53 0.23754786 0 0 0 0 0 0 0 0 
-5.63327551 3.1618166 0.014099367 -0.281953573 0.279059976 -0.91794759 54 0.750983298 53 0.249016687 0 0 0 0 0 0 0 0 
-5.59395552 3.17356205 0.00565008679 -0.281953573 0.279059976 -0.91794759 53 0.767113388 54 0.232886598 0 0 0 0 0 0 0 0 
-5.58719063 3.12314487 -0.0118116075 -0.281953573 0.279059976 -0.91794759 53 0.764911175 54 0.235088825 0 0 0 0 0 0 0 0 
-5.62640429 3.11595225 -0.0018966049 -0.173725352 -0.33773458 -0.925070286 54 0.762452126 53 0.23754786 0 0 0 0 0 0 0 0 
-5.58719063 3.12314487 -0.0118116075 -0.173725352 -0.33773458 -0.925070286 53 0.764911175 54 0.235088825 0 0 0 0 0 0 0 0 
-5.5772934 3.07289767 0.00459953956 -0.173725352 -0.33773458 -0.925070286 53 0.757908762 54 0.242091224 0 0 0 0 0 0 0 0 
-5.6164465 3.07028341 0.0129821617 -0.173725352 -0.33773458 -0.925070286 54 0.744370341 53 0.255629689 0 0 0 0 0 0 0 0 
-5.63145113 3.17736506 0.0605976731 -0.405898899 0.871451557 -0.275351316 54 0.764860511 53 0.235139489 0 0 0 0 0 0 0 0 
-5.63327551 3.1618166 0.014099367 -0.405898899 0.871451557 -0.275351316 54 0.750983298 53 0.249016687 0 0 0 0 0 0 0 0 
-5.66572618 3.14955616 0.0231111422 -0.405898899 0.871451557 -0.275351316 54 0.916602075 53 0.0833978951 0 0 0 0 0 0 0 0 
-5.66405773 3.16332531 0.0642521754 -0.405898899 0.871451557 -0.275351316 54 0.920926332 53 0.0790736899 0 0 0 0 0 0 0 0 
-5.63145113 3.17736506 0.0605976731 -0.340798438 0.876368642 0.340344548 54 0.764860511 53 0.235139489 0 0 0 0 0 0 0 0 
-5.66405773 3.16332531 0.0642521754 -0.340798438 0.876368642 0.340344548 54 0.920926332 53 0.0790736899 0 0 0 0 0 0 0 0 
-5.65701437 3.15017176 0.1050217 -0.340798438 0.876368642 0.340344548 54 0.914618134 53 0.0853818431 0 0 0 0 0 0 0 0 
-5.62401676 3.16240239 0.106723577 -0.340798438 0.876368642 0.340344548 54 0.74819541 53 0.25180462 0 0 0 0 0 0 0 0 
-5.63145113 3.17736506 0.0605976731 -0.270344734 0.902481794 0.335321158 54 0.764860511 53 0.235139489 0 0 0 0 0 0 0 0 
-5.62401676 3.16240239 0.106723577 -0.270344734 0.902481794 0.335321158 54 0.74819541 53 0.25180462 0 0 0 0 0 0 0 0 
-5.58455801 3.17407131 0.107268609 -0.270344734 0.902481794 0.335321158 53 0.763162017 54 0.236837968 0 0 0 0 0 0 0 0 
-5.59203339 3.1905942 0.0566344373 -0.270344734 0.902481794 0.335321158 53 0.769059062 54 0.230940923 0 0 0 0 0 0 0 0 
-5.63145113 3.17736506 0.0605976731 -0.330469608 0.89889276 -0.287718296 54 0.764860511 53 0.235139489 0 0 0 0 0 0 0 0 
-5.59203339 3.1905942 0.0566344373 -0.330469608 0.89889276 -0.287718296 53 0.769059062 54 0.230940923 0 0 0 0 0 0 0 0 
-5.59395552 3.17356205 0.00565008679 -0.330469608 0.89889276 -0.287718296 53 0.767113388 54 0.232886598 0 0 0 0 0 0 0 0 
-5.63327551 3.1618166 0.014099367 -0.330469608 0.89889276 -0.287718296 54 0.750983298 53 0.249016687 0 0 0 0 0 0 0 0 
-5.61405897 3.11673355 0.121602342 -0.152895749 0.274353027 0.949396372 54 0.758837402 53 0.241162583 0 0 0 0 0 0 0 0 
-5.62401676 3.16240239 0.106723577 -0.152895749 0.274353027 0.949396372 54 0.74819541 53 0.25180462 0 0 0 0 0 0 0 0 
-5.65701437 3.15017176 0.1050217 -0.152895749 0.274353027 0.949396372 54 0.914618134 53 0.0853818431 0 0 0 0 0 0 0 0 
-5.64750004 3.10989094 0.118116207 -0.152895749 0.274353027 0.949396372 54 0.91689527 53 0.0831047073 0 0 0 0 0 0 0 0 
-5.61405897 3.11673355 0.121602342 -0.0313712694 -0.334376931 0.941917121 54 0.758837402 53 0.241162583 0 0 0 0 0 0 0 0 
-5.64750004 3.10989094 0.118116207 -0.0313712694 -0.334376931 0.941917121 54 0.91689527 53 0.0831047073 0 0 0 0 0 0 0 0 
-5.64088917 3.06940484 0.10390719 -0.0313712694 -0.334376931 0.941917121 54 0.909976363 53 0.090023607 0 0 0 0 0 0 0 0 
-5.60718775 3.07086921 0.105606377 -0.0313712694 -0.334376931 0.941917121 54 0.741594315 53 0.258405715 0 0 0 0 0 0 0 0 
-5.61405897 3.11673355 0.121602342 0.00775106717 -0.32725814 0.944903135 54 0.758837402 53 0.241162583 0 0 0 0 0 0 0 0 
-5.60718775 3.07086921 0.105606377 0.00775106717 -0.32725814 0.944903135 54 0.741594315 53 0.258405715 0 0 0 0 0 0 0 0 
-5.56789589 3.07340717 0.106218062 0.00775106717 -0.32725814 0.944903135 53 0.754004896 54 0.245995075 0 0 0 0 0 0 0 0 
-5.57466078 3.12382412 0.123679757 0.00775106717 -0.32725814 0.944903135 53 0.759211004 54 0.240789011 0 0 0 0 0 0 0 0 
-5.61405897 3.11673355 0.121602342 -0.100569583 0.289691418 0.951821804 54 0.758837402 53 0.241162583 0 0 0 0 0 0 0 0 
-5.57466078 3.12382412 0.123679757 -0.100569583 0.289691418 0.951821804 53 0.759211004 54 0.240789011 0 0 0 0 0 0 0 0 
-5.58455801 3.17407131 0.107268609 -0.100569583 0.289691418 0.951821804 53 0.763162017 54 0.236837968 0 0 0 0 0 0 0 0 
-5.62401676 3.16240239 0.106723577 -0.100569583 0.289691418 0.951821804 54 0.74819541 53 0.25180462 0 0 0 0 0 0 0 0 
-5.67217827 3.05581164 0.0659924969 -0.422799408 -0.839047313 0.342403948 54 0.985637009 53 0.0143629899 0 0 0 0 0 0 0 0 
-5.67067909 3.06803083 0.102489613 -0.422799408 -0.839047313 0.342403948 54 0.977641642 53 0.0223583505 0 0 0 0 0 0 0 0 
-5.68873215 3.07541442 0.0935871154 -0.422799408 -0.839047313 0.342403948 54 1 0 0 0 0 0 0 0 0 0 0 
-5.69508791 3.06641936 0.0684022382 -0.422799408 -0.839047313 0.342403948 54 1 0 0 0 0 0 0 0 0 0 0 
-5.67217827 3.05581164 0.0659924969 -0.485106409 -0.84363389 -0.230116844 54 0.985637009 53 0.0143629899 0 0 0 0 0 0 0 0 
-5.69508791 3.06641936 0.0684022382 -0.485106409 -0.84363389 -0.230116844 54 1 0 0 0 0 0 0 0 0 0 0 
-5.69431639 3.07500458 0.042300906 -0.485106409 -0.84363389 -0.230116844 54 1 0 0 0 0 0 0 0 0 0 0 
-5.67858887 3.06745052 0.0298396219 -0.485106409 -0.84363389 -0.230116844 54 0.979469955 53 0.0205300208 0 0 0 0 0 0 0 0 
-5.67217827 3.05581164 0.0659924969 -0.0378668569 -0.953019798 -0.300531954 54 0.985637009 53 0.0143629899 0 0 0 0 0 0 0 0 
-5.67858887 3.06745052 0.0298396219 -0.0378668569 -0.953019798 -0.300531954 54 0.979469955 53 0.0205300208 0 0 0 0 0 0 0 0 
-5.64960194 3.06878901 0.0219966322 -0.0378668569 -0.953019798 -0.300531954 54 0.912020206 53 0.087979801 0 0 0 0 0 0 0 0 
-5.64255857 3.05563569 0.0627661571 -0.0378668569 -0.953019798 -0.300531954 54 0.915129721 53 0.0848702788 0 0 0 0 0 0 0 0 
-5.67217827 3.05581164 0.0659924969 0.0287570339 -0.948242247 0.316243231 54 0.985637009 53 0.0143629899 0 0 0 0 0 0 0 0 
-5.64255857 3.05563569 0.0627661571 0.0287570339 -0.948242247 0.316243231 54 0.915129721 53 0.0848702788 0 0 0 0 0 0 0 0 
-5.64088917 3.06940484 0.10390719 0.0287570339 -0.948242247 0.316243231 54 0.909976363 53 0.090023607 0 0 0 0 0 0 0 0 
-5.67067909 3.06803083 0.102489613 0.0287570339 -0.948242247 0.316243231 54 0.977641642 53 0.0223583505 0 0 0 0 0 0 0 0 
-5.68727541 3.10314035 0.0182476584 -0.622595131 -0.412616849 -0.664923012 54 0.989023983 53 0.0109760435 0 0 0 0 0 0 0 0 
-5.67858887 3.06745052 0.0298396219 -0.622595131 -0.412616849 -0.664923012 54 0.979469955 53 0.0205300208 0 0 0 0 0 0 0 0 
-5.69431639 3.07500458 0.042300906 -0.622595131 -0.412616849 -0.664923012 54 1 0 0 0 0 0 0 0 0 0 0 
-5.70552397 3.09913588 0.03539785 -0.622595131 -0.412616849 -0.664923012 54 1 0 0 0 0 0 0 0 0 0 0 
-5.68727541 3.10314035 0.0182476584 -0.738743544 0.151423946 -0.656756282 54 0.989023983 53 0.0109760435 0 0 0 0 0 0 0 0 
-5.70552397 3.09913588 0.03539785 -0.738743544 0.151423946 -0.656756282 54 1 0 0 0 0 0 0 0 0 0 0 
-5.70471859 3.12553072 0.0430299453 -0.738743544 0.151423946 -0.656756282 54 1 0 0 0 0 0 0 0 0 0 0 
-5.69332457 3.13902378 0.030872358 -0.738743544 0.151423946 -0.656756282 54 0.982482076 53 0.0175179411 0 0 0 0 0 0 0 0 
-5.68727541 3.10314035 0.0182476584 -0.352148473 0.25776729 -0.899748564 54 0.989023983 53 0.0109760435 0 0 0 0 0 0 0 0 
-5.69332457 3.13902378 0.030872358 -0.352148473 0.25776729 -0.899748564 54 0.982482076 53 0.0175179411 0 0 0 0 0 0 0 0 
-5.66572618 3.14955616 0.0231111422 -0.352148473 0.25776729 -0.899748564 54 0.916602075 53 0.0833978951 0 0 0 0 0 0 0 0 
-5.65911627 3.10906982 0.00890212692 -0.352148473 0.25776729 -0.899748564 54 0.919504106 53 0.0804958791 0 0 0 0 0 0 0 0 
-5.68727541 3.10314035 0.0182476584 -0.228720769 -0.349980742 -0.908405364 54 0.989023983 53 0.0109760435 0 0 0 0 0 0 0 0 
-5.65911627 3.10906982 0.00890212692 -0.228720769 -0.349980742 -0.908405364 54 0.919504106 53 0.0804958791 0 0 0 0 0 0 0 0 
-5.64960194 3.06878901 0.0219966322 -0.228720769 -0.349980742 -0.908405364 54 0.912020206 53 0.087979801 0 0 0 0 0 0 0 0 
-5.67858887 3.06745052 0.0298396219 -0.228720769 -0.349980742 -0.908405364 54 0.979469955 53 0.0205300208 0 0 0 0 0 0 0 0 
-5.69182539 3.15124273 0.067369476 -0.78016001 0.589472234 -0.209458411 54 0.98774749 53 0.0122525077 0 0 0 0 0 0 0 0 
-5.69332457 3.13902378 0.030872358 -0.78016001 0.589472234 -0.209458411 54 0.982482076 53 0.0175179411 0 0 0 0 0 0 0 0 
-5.70471859 3.12553072 0.0430299453 -0.78016001 0.589472234 -0.209458411 54 1 0 0 0 0 0 0 0 0 0 0 
-5.70866966 3.13238764 0.069354102 -0.78016001 0.589472234 -0.209458411 54 1 0 0 0 0 0 0 0 0 0 0 
-5.69182539 3.15124273 0.067369476 -0.717810452 0.594052792 0.363110811 54 0.98774749 53 0.0122525077 0 0 0 0 0 0 0 0 
-5.70866966 3.13238764 0.069354102 -0.717810452 0.594052792 0.363110811 54 1 0 0 0 0 0 0 0 0 0 0 
-5.69913483 3.12594032 0.0943161547 -0.717810452 0.594052792 0.363110811 54 1 0 0 0 0 0 0 0 0 0 0 
-5.68541431 3.13960409 0.103522345 -0.717810452 0.594052792 0.363110811 54 0.980721533 53 0.0192784872 0 0 0 0 0 0 0 0 
-5.69182539 3.15124273 0.067369476 -0.342957735 0.874891162 0.341973007 54 0.98774749 53 0.0122525077 0 0 0 0 0 0 0 0 
-5.68541431 3.13960409 0.103522345 -0.342957735 0.874891162 0.341973007 54 0.980721533 53 0.0192784872 0 0 0 0 0 0 0 0 
-5.65701437 3.15017176 0.1050217 -0.342957735 0.874891162 0.341973007 54 0.914618134 53 0.0853818431 0 0 0 0 0 0 0 0 
-5.66405773 3.16332531 0.0642521754 -0.342957735 0.874891162 0.341973007 54 0.920926332 53 0.0790736899 0 0 0 0 0 0 0 0 
-5.69182539 3.15124273 0.067369476 -0.409351707 0.870089829 -0.274544895 54 0.98774749 53 0.0122525077 0 0 0 0 0 0 0 0 
-5.66405773 3.16332531 0.0642521754 -0.409351707 0.870089829 -0.274544895 54 0.920926332 53 0.0790736899 0 0 0 0 0 0 0 0 
-5.66572618 3.14955616 0.0231111422 -0.409351707 0.870089829 -0.274544895 54 0.916602075 53 0.0833978951 0 0 0 0 0 0 0 0 
-5.69332457 3.13902378 0.030872358 -0.409351707 0.870089829 -0.274544895 54 0.982482076 53 0.0175179411 0 0 0 0 0 0 0 0 
-5.67672825 3.10391402 0.115114309 -0.580335081 0.163043439 0.797889769 54 0.986821592 53 0.0131784091 0 0 0 0 0 0 0 0 
-5.68541431 3.13960409 0.103522345 -0.580335081 0.163043439 0.797889769 54 0.980721533 53 0.0192784872 0 0 0 0 0 0 0 0 
-5.69913483 3.12594032 0.0943161547 -0.580335081 0.163043439 0.797889769 54 1 0 0 0 0 0 0 0 0 0 0 
-5.6982336 3.09967089 0.102358483 -0.580335081 0.163043439 0.797889769 54 1 0 0 0 0 0 0 0 0 0 0 
-5.67672825 3.10391402 0.115114309 -0.464217871 -0.401000917 0.789746821 54 0.986821592 53 0.0131784091 0 0 0 0 0 0 0 0 
-5.6982336 3.09967089 0.102358483 -0.464217871 -0.401000917 0.789746821 54 1 0 0 0 0 0 0 0 0 0 0 
-5.68873215 3.07541442 0.0935871154 -0.464217871 -0.401000917 0.789746821 54 1 0 0 0 0 0 0 0 0 0 0 
-5.67067909 3.06803083 0.102489613 -0.464217871 -0.401000917 0.789746821 54 0.977641642 53 0.0223583505 0 0 0 0 0 0 0 0 
-5.67672825 3.10391402 0.115114309 -0.0287091751 -0.335596532 0.941568255 54 0.986821592 53 0.0131784091 0 0 0 0 0 0 0 0 
-5.67067909 3.06803083 0.102489613 -0.0287091751 -0.335596532 0.941568255 54 0.977641642 53 0.0223583505 0 0 0 0 0 0 0 0 
-5.64088917 3.06940484 0.10390719 -0.0287091751 -0.335596532 0.941568255 54 0.909976363 53 0.090023607 0 0 0 0 0 0 0 0 
-5.64750004 3.10989094 0.118116207 -0.0287091751 -0.335596532 0.941568255 54 0.91689527 53 0.0831047073 0 0 0 0 0 0 0 0 
-5.67672825 3.10391402 0.115114309 -0.15236412 0.27222842 0.95009315 54 0.986821592 53 0.0131784091 0 0 0 0 0 0 0 0 
-5.64750004 3.10989094 0.118116207 -0.15236412 0.27222842 0.95009315 54 0.91689527 53 0.0831047073 0 0 0 0 0 0 0 0 
-5.65701437 3.15017176 0.1050217 -0.15236412 0.27222842 0.95009315 54 0.914618134 53 0.0853818431 0 0 0 0 0 0 0 0 
-5.68541431 3.13960409 0.103522345 -0.15236412 0.27222842 0.95009315 54 0.980721533 53 0.0192784872 0 0 0 0 0 0 0 0 
-5.28038692 3.06454825 -0.224345341 0.151426405 -0.912191093 0.38075918 50 0.788265646 49 0.211734369 0 0 0 0 0 0 0 0 
-5.29658937 3.08729029 -0.166059434 0.151426405 -0.912191093 0.38075918 50 0.778562665 49 0.22143735 0 0 0 0 0 0 0 0 
-5.3487072 3.0743463 -0.173702016 0.151426405 -0.912191093 0.38075918 50 0.935124755 49 0.0648752451 0 0 0 0 0 0 0 0 
-5.33343315 3.05338216 -0.232640758 0.151426405 -0.912191093 0.38075918 50 0.938759506 49 0.0612405203 0 0 0 0 0 0 0 0 
-5.28038692 3.06454825 -0.224345341 0.235666499 -0.93656069 -0.259452105 50 0.788265646 49 0.211734369 0 0 0 0 0 0 0 0 
-5.33343315 3.05338216 -0.232640758 0.235666499 -0.93656069 -0.259452105 50 0.938759506 49 0.0612405203 0 0 0 0 0 0 0 0 
-5.32698202 3.07209301 -0.293904126 0.235666499 -0.93656069 -0.259452105 50 0.939192474 49 0.0608075 0 0 0 0 0 0 0 0 
-5.27219391 3.08364224 -0.286248147 0.235666499 -0.93656069 -0.259452105 50 0.7869699 49 0.2130301 0 0 0 0 0 0 0 0 
-5.28038692 3.06454825 -0.224345341 0.180550054 -0.949303091 -0.257342845 50 0.788265646 49 0.211734369 0 0 0 0 0 0 0 0 
-5.27219391 3.08364224 -0.286248147 0.180550054 -0.949303091 -0.257342845 50 0.7869699 49 0.2130301 0 0 0 0 0 0 0 0 
-5.21136141 3.09219337 -0.277896672 0.180550054 -0.949303091 -0.257342845 49 0.780205667 50 0.219794348 0 0 0 0 0 0 0 0 
-5.22282887 3.07475853 -0.218843222 0.180550054 -0.949303091 -0.257342845 49 0.780836403 50 0.219163567 0 0 0 0 0 0 0 0 
-5.28038692 3.06454825 -0.224345341 0.136238113 -0.904094756 0.405033082 50 0.788265646 49 0.211734369 0 0 0 0 0 0 0 0 
-5.22282887 3.07475853 -0.218843222 0.136238113 -0.904094756 0.405033082 49 0.780836403 50 0.219163567 0 0 0 0 0 0 0 0 
-5.24047709 3.09957719 -0.159579381 0.136238113 -0.904094756 0.405033082 49 0.778430879 50 0.221569091 0 0 0 0 0 0 0 0 
-5.29658937 3.08729029 -0.166059434 0.136238113 -0.904094756 0.405033082 50 0.778562665 49 0.22143735 0 0 0 0 0 0 0 0 
-5.27990818 3.14487457 -0.310014814 0.19983764 -0.333218247 -0.921428621 50 0.816497266 49 0.183502749 0 0 0 0 0 0 0 0 
-5.27219391 3.08364224 -0.286248147 0.19983764 -0.333218247 -0.921428621 50 0.7869699 49 0.2130301 0 0 0 0 0 0 0 0 
-5.32698202 3.07209301 -0.293904126 0.19983764 -0.333218247 -0.921428621 50 0.939192474 49 0.0608075 0 0 0 0 0 0 0 0 
-5.33659554 3.13123012 -0.317424744 0.19983764 -0.333218247 -0.921428621 50 0.950083554 49 0.0499164164 0 0 0 0 0 0 0 0 
-5.27990818 3.14487457 -0.310014814 0.0582830906 0.281904697 -0.95767051 50 0.816497266 49 0.183502749 0 0 0 0 0 0 0 0 
-5.33659554 3.13123012 -0.317424744 0.0582830906 0.281904697 -0.95767051 50 0.950083554 49 0.0499164164 0 0 0 0 0 0 0 0 
-5.3534503 3.19111824 -0.300877988 0.0582830906 0.281904697 -0.95767051 50 0.965233803 49 0.0347661786 0 0 0 0 0 0 0 0 
-5.29561329 3.20676899 -0.292694509 0.0582830906 0.281904697 -0.95767051 50 0.853693604 49 0.14630641 0 0 0 0 0 0 0 0 
-5.27990818 3.14487457 -0.310014814 0.0694907755 0.286372989 -0.955594957 50 0.816497266 49 0.183502749 0 0 0 0 0 0 0 0 
-5.29561329 3.20676899 -0.292694509 0.0694907755 0.286372989 -0.955594957 50 0.853693604 49 0.14630641 0 0 0 0 0 0 0 0 
-5.23047352 3.2222681 -0.283226401 0.0694907755 0.286372989 -0.955594957 49 0.536040545 50 0.463959455 0 0 0 0 0 0 0 0 
-5.21630764 3.1568594 -0.301884353 0.0694907755 0.286372989 -0.955594957 49 0.753767729 50 0.246232271 0 0 0 0 0 0 0 0 
-5.27990818 3.14487457 -0.310014814 0.177660182 -0.333344251 -0.925914943 50 0.816497266 49 0.183502749 0 0 0 0 0 0 0 0 
-5.21630764 3.1568594 -0.301884353 0.177660182 -0.333344251 -0.925914943 49 0.753767729 50 0.246232271 0 0 0 0 0 0 0 0 
-5.21136141 3.09219337 -0.277896672 0.177660182 -0.333344251 -0.925914943 49 0.780205667 50 0.219794348 0 0 0 0 0 0 0 0 
-5.27219391 3.08364224 -0.286248147 0.177660182 -0.333344251 -0.925914943 50 0.7869699 49 0.2130301 0 0 0 0 0 0 0 0 
-5.31150198 3.22828388 -0.232138455 -0.19294627 0.907566547 -0.37295419 50 0.860241055 49 0.139758945 0 0 0 0 0 0 0 0 
-5.29561329 3.20676899 -0.292694509 -0.19294627 0.907566547 -0.37295419 50 0.853693604 49 0.14630641 0 0 0 0 0 0 0 0 
-5.3534503 3.19111824 -0.300877988 -0.19294627 0.907566547 -0.37295419 50 0.965233803 49 0.0347661786 0 0 0 0 0 0 0 0 
-5.36872482 3.21208262 -0.241939247 -0.19294627 0.907566547 -0.37295419 50 0.969643593 49 0.0303564053 0 0 0 0 0 0 0 0 
-5.31150198 3.22828388 -0.232138455 -0.303815067 0.919855595 0.248116896 50 0.860241055 49 0.139758945 0 0 0 0 0 0 0 0 
-5.36872482 3.21208262 -0.241939247 -0.303815067 0.919855595 0.248116896 50 0.969643593 49 0.0303564053 0 0 0 0 0 0 0 0 
-5.37517643 3.19337177 -0.180675879 -0.303815067 0.919855595 0.248116896 50 0.947047651 49 0.0529523715 0 0 0 0 0 0 0 0 
-5.31958389 3.20875597 -0.169433624 -0.303815067 0.919855595 0.248116896 50 0.808890641 49 0.191109359 0 0 0 0 0 0 0 0 
-5.31150198 3.22828388 -0.232138455 -0.288935006 0.924519002 0.248558223 50 0.860241055 49 0.139758945 0 0 0 0 0 0 0 0 
-5.31958389 3.20875597 -0.169433624 -0.288935006 0.924519002 0.248558223 50 0.808890641 49 0.191109359 0 0 0 0 0 0 0 0 
-5.25777435 3.22443271 -0.155358419 -0.288935006 0.924519002 0.248558223 49 0.749156833 50 0.250843167 0 0 0 0 0 0 0 0 
-5.24740934 3.24484038 -0.219751179 -0.288935006 0.924519002 0.248558223 49 0.532188177 50 0.467811793 0 0 0 0 0 0 0 0 
-5.31150198 3.22828388 -0.232138455 -0.164568037 0.914850116 -0.368736476 50 0.860241055 49 0.139758945 0 0 0 0 0 0 0 0 
-5.24740934 3.24484038 -0.219751179 -0.164568037 0.914850116 -0.368736476 49 0.532188177 50 0.467811793 0 0 0 0 0 0 0 0 
-5.23047352 3.2222681 -0.283226401 -0.164568037 0.914850116 -0.368736476 49 0.536040545 50 0.463959455 0 0 0 0 0 0 0 0 
-5.29561329 3.20676899 -0.292694509 -0.164568037 0.914850116 -0.368736476 50 0.853693604 49 0.14630641 0 0 0 0 0 0 0 0 
-5.3119607 3.1478796 -0.146325096 -0.267844677 0.315258086 0.910423815 50 0.796711504 49 0.203288481 0 0 0 0 0 0 0 0 
-5.31958389 3.20875597 -0.169433624 -0.267844677 0.315258086 0.910423815 50 0.808890641 49 0.191109359 0 0 0 0 0 0 0 0 
-5.37517643 3.19337177 -0.180675879 -0.267844677 0.315258086 0.910423815 50 0.947047651 49 0.0529523715 0 0 0 0 0 0 0 0 
-5.36556244 3.13423467 -0.15715526 -0.267844677 0.315258086 0.910423815 50 0.94261086 49 0.0573891178 0 0 0 0 0 0 0 0 
-5.3119607 3.1478796 -0.146325096 -0.0878469273 -0.308707088 0.947091758 50 0.796711504 49 0.203288481 0 0 0 0 0 0 0 0 
-5.36556244 3.13423467 -0.15715526 -0.0878469273 -0.308707088 0.947091758 50 0.94261086 49 0.0573891178 0 0 0 0 0 0 0 0 
-5.3487072 3.0743463 -0.173702016 -0.0878469273 -0.308707088 0.947091758 50 0.935124755 49 0.0648752451 0 0 0 0 0 0 0 0 
-5.29658937 3.08729029 -0.166059434 -0.0878469273 -0.308707088 0.947091758 50 0.778562665 49 0.22143735 0 0 0 0 0 0 0 0 
-5.3119607 3.1478796 -0.146325096 -0.0572883189 -0.342145294 0.937899113 50 0.796711504 49 0.203288481 0 0 0 0 0 0 0 0 
-5.29658937 3.08729029 -0.166059434 -0.0572883189 -0.342145294 0.937899113 50 0.778562665 49 0.22143735 0 0 0 0 0 0 0 0 
-5.24047709 3.09957719 -0.159579381 -0.0572883189 -0.342145294 0.937899113 49 0.778430879 50 0.221569091 0 0 0 0 0 0 0 0 
-5.25379276 3.16238308 -0.136051774 -0.0572883189 -0.342145294 0.937899113 49 0.78096801 50 0.219032004 0 0 0 0 0 0 0 0 
-5.3119607 3.1478796 -0.146325096 -0.26038304 0.292868495 0.920015574 50 0.796711504 49 0.203288481 0 0 0 0 0 0 0 0 
-5.25379276 3.16238308 -0.136051774 -0.26038304 0.292868495 0.920015574 49 0.78096801 50 0.219032004 0 0 0 0 0 0 0 0 
-5.25777435 3.22443271 -0.155358419 -0.26038304 0.292868495 0.920015574 49 0.749156833 50 0.250843167 0 0 0 0 0 0 0 0 
-5.31958389 3.20875597 -0.169433624 -0.26038304 0.292868495 0.920015574 50 0.808890641 49 0.191109359 0 0 0 0 0 0 0 0 
-5.38538742 3.04289317 -0.241563141 0.123873539 -0.924400926 0.36074689 50 1 0 0 0 0 0 0 0 0 0 0 
-5.40019464 3.06331253 -0.184179455 0.123873539 -0.924400926 0.36074689 50 1 0 0 0 0 0 0 0 0 0 0 
-5.45030022 3.0526104 -0.194373786 0.123873539 -0.924400926 0.36074689 50 0.997237265 51 0.00276272208 0 0 0 0 0 0 0 0 
-5.43564653 3.03279495 -0.250206411 0.123873539 -0.924400926 0.36074689 50 1 0 0 0 0 0 0 0 0 0 0 
-5.38538742 3.04289317 -0.241563141 0.233203575 -0.936628878 -0.261423945 50 1 0 0 0 0 0 0 0 0 0 0 
-5.43564653 3.03279495 -0.250206411 0.233203575 -0.936628878 -0.261423945 50 1 0 0 0 0 0 0 0 0 0 0 
-5.430058 3.05041838 -0.308372319 0.233203575 -0.936628878 -0.261423945 50 0.998369336 51 0.00163063977 0 0 0 0 0 0 0 0 
-5.37958336 3.06101108 -0.301288605 0.233203575 -0.936628878 -0.261423945 50 1 0 0 0 0 0 0 0 0 0 0 
-5.38538742 3.04289317 -0.241563141 0.233960912 -0.936458588 -0.261357218 50 1 0 0 0 0 0 0 0 0 0 0 
-5.37958336 3.06101108 -0.301288605 0.233960912 -0.936458588 -0.261357218 50 1 0 0 0 0 0 0 0 0 0 0 
-5.32698202 3.07209301 -0.293904126 0.233960912 -0.936458588 -0.261357218 50 0.939192474 49 0.0608075 0 0 0 0 0 0 0 0 
-5.33343315 3.05338216 -0.232640758 0.233960912 -0.936458588 -0.261357218 50 0.938759506 49 0.0612405203 0 0 0 0 0 0 0 0 
-5.38538742 3.04289317 -0.241563141 0.124589548 -0.924200237 0.361014515 50 1 0 0 0 0 0 0 0 0 0 0 
-5.33343315 3.05338216 -0.232640758 0.124589548 -0.924200237 0.361014515 50 0.938759506 49 0.0612405203 0 0 0 0 0 0 0 0 
-5.3487072 3.0743463 -0.173702016 0.124589548 -0.924200237 0.361014515 50 0.935124755 49 0.0648752451 0 0 0 0 0 0 0 0 
-5.40019464 3.06331253 -0.184179455 0.124589548 -0.924200237 0.361014515 50 1 0 0 0 0 0 0 0 0 0 0 
-5.3896513 3.11843324 -0.324319482 0.19970955 -0.334578067 -0.920963466 50 1 0 0 0 0 0 0 0 0 0 0 
-5.37958336 3.06101108 -0.301288605 0.19970955 -0.334578067 -0.920963466 50 1 0 0 0 0 0 0 0 0 0 0 
-5.430058 3.05041838 -0.308372319 0.19970955 -0.334578067 -0.920963466 50 0.998369336 51 0.00163063977 0 0 0 0 0 0 0 0 
-5.44028139 3.10621214 -0.330871999 0.19970955 -0.334578067 -0.920963466 50 1 0 0 0 0 0 0 0 0 0 0 
-5.3896513 3.11843324 -0.324319482 0.0566227511 0.279942989 -0.958345354 50 1 0 0 0 0 0 0 0 0 0 0 
-5.44028139 3.10621214 -0.330871999 0.0566227511 0.279942989 -0.958345354 50 1 0 0 0 0 0 0 0 0 0 0 
-5.45725203 3.16273642 -0.315372169 0.0566227511 0.279942989 -0.958345354 50 0.994296551 51 0.00570346834 0 0 0 0 0 0 0 0 
-5.40659046 3.17662239 -0.308313936 0.0566227511 0.279942989 -0.958345354 50 1 0 0 0 0 0 0 0 0 0 0 
-5.3896513 3.11843324 -0.324319482 0.0572011471 0.280517817 -0.958142817 50 1 0 0 0 0 0 0 0 0 0 0 
-5.40659046 3.17662239 -0.308313936 0.0572011471 0.280517817 -0.958142817 50 1 0 0 0 0 0 0 0 0 0 0 
-5.3534503 3.19111824 -0.300877988 0.0572011471 0.280517817 -0.958142817 50 0.965233803 49 0.0347661786 0 0 0 0 0 0 0 0 
-5.33659554 3.13123012 -0.317424744 0.0572011471 0.280517817 -0.958142817 50 0.950083554 49 0.0499164164 0 0 0 0 0 0 0 0 
-5.3896513 3.11843324 -0.324319482 0.19998911 -0.334096164 -0.921077669 50 1 0 0 0 0 0 0 0 0 0 0 
-5.33659554 3.13123012 -0.317424744 0.19998911 -0.334096164 -0.921077669 50 0.950083554 49 0.0499164164 0 0 0 0 0 0 0 0 
-5.32698202 3.07209301 -0.293904126 0.19998911 -0.334096164 -0.921077669 50 0.939192474 49 0.0608075 0 0 0 0 0 0 0 0 
-5.37958336 3.06101108 -0.301288605 0.19998911 -0.334096164 -0.921077669 50 1 0 0 0 0 0 0 0 0 0 0 
-5.42139721 3.19704175 -0.25093022 -0.196476802 0.90665251 -0.373333991 50 1 0 0 0 0 0 0 0 0 0 0 
-5.40659046 3.17662239 -0.308313936 -0.196476802 0.90665251 -0.373333991 50 1 0 0 0 0 0 0 0 0 0 0 
-5.45725203 3.16273642 -0.315372169 -0.196476802 0.90665251 -0.373333991 50 0.994296551 51 0.00570346834 0 0 0 0 0 0 0 0 
-5.47190571 3.1825521 -0.259539545 -0.196476802 0.90665251 -0.373333991 50 0.981926739 51 0.0180732775 0 0 0 0 0 0 0 0 
-5.42139721 3.19704175 -0.25093022 -0.306042552 0.918878615 0.248998269 50 1 0 0 0 0 0 0 0 0 0 0 
-5.47190571 3.1825521 -0.259539545 -0.306042552 0.918878615 0.248998269 50 0.981926739 51 0.0180732775 0 0 0 0 0 0 0 0 
-5.47749472 3.16492844 -0.201373637 -0.306042552 0.918878615 0.248998269 50 0.97810477 51 0.0218952075 0 0 0 0 0 0 0 0 
-5.42720222 3.17892385 -0.191204756 -0.306042552 0.918878615 0.248998269 50 1 0 0 0 0 0 0 0 0 0 0 
-5.42139721 3.19704175 -0.25093022 -0.305286437 0.919166505 0.248863697 50 1 0 0 0 0 0 0 0 0 0 0 
-5.42720222 3.17892385 -0.191204756 -0.305286437 0.919166505 0.248863697 50 1 0 0 0 0 0 0 0 0 0 0 
-5.37517643 3.19337177 -0.180675879 -0.305286437 0.919166505 0.248863697 50 0.947047651 49 0.0529523715 0 0 0 0 0 0 0 0 
-5.36872482 3.21208262 -0.241939247 -0.305286437 0.919166505 0.248863697 50 0.969643593 49 0.0303564053 0 0 0 0 0 0 0 0 
-5.42139721 3.19704175 -0.25093022 -0.195245638 0.906987131 -0.37316677 50 1 0 0 0 0 0 0 0 0 0 0 
-5.36872482 3.21208262 -0.241939247 -0.195245638 0.906987131 -0.37316677 50 0.969643593 49 0.0303564053 0 0 0 0 0 0 0 0 
-5.3534503 3.19111824 -0.300877988 -0.195245638 0.906987131 -0.37316677 50 0.965233803 49 0.0347661786 0 0 0 0 0 0 0 0 
-5.40659046 3.17662239 -0.308313936 -0.195245638 0.906987131 -0.37316677 50 1 0 0 0 0 0 0 0 0 0 0 
-5.41713381 3.12150168 -0.168173909 -0.271954626 0.316698879 0.908703744 50 1 0 0 0 0 0 0 0 0 0 0 
-5.42720222 3.17892385 -0.191204756 -0.271954626 0.316698879 0.908703744 50 1 0 0 0 0 0 0 0 0 0 0 
-5.47749472 3.16492844 -0.201373637 -0.271954626 0.316698879 0.908703744 50 0.97810477 51 0.0218952075 0 0 0 0 0 0 0 0 
-5.46727133 3.10913491 -0.178873956 -0.271954626 0.316698879 0.908703744 50 0.995157897 51 0.00484208809 0 0 0 0 0 0 0 0 
-5.41713381 3.12150168 -0.168173909 -0.128627464 -0.29781267 0.945918858 50 1 0 0 0 0 0 0 0 0 0 0 
-5.46727133 3.10913491 -0.178873956 -0.128627464 -0.29781267 0.945918858 50 0.995157897 51 0.00484208809 0 0 0 0 0 0 0 0 
-5.45030022 3.0526104 -0.194373786 -0.128627464 -0.29781267 0.945918858 50 0.997237265 51 0.00276272208 0 0 0 0 0 0 0 0 
-5.40019464 3.06331253 -0.184179455 -0.128627464 -0.29781267 0.945918858 50 1 0 0 0 0 0 0 0 0 0 0 
-5.41713381 3.12150168 -0.168173909 -0.128677338 -0.297619134 0.945973039 50 1 0 0 0 0 0 0 0 0 0 0 
-5.40019464 3.06331253 -0.184179455 -0.128677338 -0.297619134 0.945973039 50 1 0 0 0 0 0 0 0 0 0 0 
-5.3487072 3.0743463 -0.173702016 -0.128677338 -0.297619134 0.945973039 50 0.935124755 49 0.0648752451 0 0 0 0 0 0 0 0 
-5.36556244 3.13423467 -0.15715526 -0.128677338 -0.297619134 0.945973039 50 0.94261086 49 0.0573891178 0 0 0 0 0 0 0 0 
-5.41713381 3.12150168 -0.168173909 -0.272127748 0.316918075 0.908575594 50 1 0 0 0 0 0 0 0 0 0 0 
-5.36556244 3.13423467 -0.15715526 -0.272127748 0.316918075 0.908575594 50 0.94261086 49 0.0573891178 0 0 0 0 0 0 0 0 
-5.37517643 3.19337177 -0.180675879 -0.272127748 0.316918075 0.908575594 50 0.947047651 49 0.0529523715 0 0 0 0 0 0 0 0 
-5.42720222 3.17892385 -0.191204756 -0.272127748 0.316918075 0.908575594 50 1 0 0 0 0 0 0 0 0 0 0 
-5.48371744 3.02323389 -0.258466512 0.122929446 -0.925235987 0.358924329 50 0.916245461 51 0.0837545171 0 0 0 0 0 0 0 0 
-5.4986968 3.04232359 -0.204239324 0.122929446 -0.925235987 0.358924329 50 0.912734807 51 0.0872652233 0 0 0 0 0 0 0 0 
-5.54240417 3.03259587 -0.214232296 0.122929446 -0.925235987 0.358924329 50 0.732555032 51 0.267444938 0 0 0 0 0 0 0 0 
-5.52711535 3.01452971 -0.266153455 0.122929446 -0.925235987 0.358924329 50 0.734062552 51 0.265937448 0 0 0 0 0 0 0 0 
-5.48371744 3.02323389 -0.258466512 0.234289899 -0.936532974 -0.260795474 50 0.916245461 51 0.0837545171 0 0 0 0 0 0 0 0 
-5.52711535 3.01452971 -0.266153455 0.234289899 -0.936532974 -0.260795474 50 0.734062552 51 0.265937448 0 0 0 0 0 0 0 0 
-5.52231407 3.03088522 -0.320616752 0.234289899 -0.936532974 -0.260795474 50 0.734758139 51 0.265241832 0 0 0 0 0 0 0 0 
-5.47846746 3.04033709 -0.315125883 0.234289899 -0.936532974 -0.260795474 50 0.914004982 51 0.0859950259 0 0 0 0 0 0 0 0 
-5.48371744 3.02323389 -0.258466512 0.231466457 -0.937027812 -0.261538178 50 0.916245461 51 0.0837545171 0 0 0 0 0 0 0 0 
-5.47846746 3.04033709 -0.315125883 0.231466457 -0.937027812 -0.261538178 50 0.914004982 51 0.0859950259 0 0 0 0 0 0 0 0 
-5.430058 3.05041838 -0.308372319 0.231466457 -0.937027812 -0.261538178 50 0.998369336 51 0.00163063977 0 0 0 0 0 0 0 0 
-5.43564653 3.03279495 -0.250206411 0.231466457 -0.937027812 -0.261538178 50 1 0 0 0 0 0 0 0 0 0 0 
-5.48371744 3.02323389 -0.258466512 0.122653596 -0.924870431 0.359959424 50 0.916245461 51 0.0837545171 0 0 0 0 0 0 0 0 
-5.43564653 3.03279495 -0.250206411 0.122653596 -0.924870431 0.359959424 50 1 0 0 0 0 0 0 0 0 0 0 
-5.45030022 3.0526104 -0.194373786 0.122653596 -0.924870431 0.359959424 50 0.997237265 51 0.00276272208 0 0 0 0 0 0 0 0 
-5.4986968 3.04232359 -0.204239324 0.122653596 -0.924870431 0.359959424 50 0.912734807 51 0.0872652233 0 0 0 0 0 0 0 0 
-5.4896903 3.09429502 -0.337255299 0.189987466 -0.339473039 -0.921228945 50 0.918276846 51 0.0817231238 0 0 0 0 0 0 0 0 
-5.47846746 3.04033709 -0.315125883 0.189987466 -0.339473039 -0.921228945 50 0.914004982 51 0.0859950259 0 0 0 0 0 0 0 0 
-5.52231407 3.03088522 -0.320616752 0.189987466 -0.339473039 -0.921228945 50 0.734758139 51 0.265241832 0 0 0 0 0 0 0 0 
-5.53469658 3.08223152 -0.342160732 0.189987466 -0.339473039 -0.921228945 50 0.738078535 51 0.261921465 0 0 0 0 0 0 0 0 
-5.4896903 3.09429502 -0.337255299 0.0333772376 0.271199673 -0.961944282 50 0.918276846 51 0.0817231238 0 0 0 0 0 0 0 0 
-5.53469658 3.08223152 -0.342160732 0.0333772376 0.271199673 -0.961944282 50 0.738078535 51 0.261921465 0 0 0 0 0 0 0 0 
-5.55377674 3.13414812 -0.328243256 0.0333772376 0.271199673 -0.961944282 50 0.712516248 51 0.287483722 0 0 0 0 0 0 0 0 
-5.50765657 3.14891529 -0.322422504 0.0333772376 0.271199673 -0.961944282 50 0.906322539 51 0.0936774313 0 0 0 0 0 0 0 0 
-5.4896903 3.09429502 -0.337255299 0.0569315776 0.279472023 -0.958464503 50 0.918276846 51 0.0817231238 0 0 0 0 0 0 0 0 
-5.50765657 3.14891529 -0.322422504 0.0569315776 0.279472023 -0.958464503 50 0.906322539 51 0.0936774313 0 0 0 0 0 0 0 0 
-5.45725203 3.16273642 -0.315372169 0.0569315776 0.279472023 -0.958464503 50 0.994296551 51 0.00570346834 0 0 0 0 0 0 0 0 
-5.44028139 3.10621214 -0.330871999 0.0569315776 0.279472023 -0.958464503 50 1 0 0 0 0 0 0 0 0 0 0 
-5.4896903 3.09429502 -0.337255299 0.199109748 -0.335505575 -0.920755863 50 0.918276846 51 0.0817231238 0 0 0 0 0 0 0 0 
-5.44028139 3.10621214 -0.330871999 0.199109748 -0.335505575 -0.920755863 50 1 0 0 0 0 0 0 0 0 0 0 
-5.430058 3.05041838 -0.308372319 0.199109748 -0.335505575 -0.920755863 50 0.998369336 51 0.00163063977 0 0 0 0 0 0 0 0 
-5.47846746 3.04033709 -0.315125883 0.199109748 -0.335505575 -0.920755863 50 0.914004982 51 0.0859950259 0 0 0 0 0 0 0 0 
-5.52263594 3.16800499 -0.268195331 -0.237716034 0.893664896 -0.380597293 50 0.872464359 51 0.127535611 0 0 0 0 0 0 0 0 
-5.50765657 3.14891529 -0.322422504 -0.237716034 0.893664896 -0.380597293 50 0.906322539 51 0.0936774313 0 0 0 0 0 0 0 0 
-5.55377674 3.13414812 -0.328243256 -0.237716034 0.893664896 -0.380597293 50 0.712516248 51 0.287483722 0 0 0 0 0 0 0 0 
-5.56906509 3.15221405 -0.276322097 -0.237716034 0.893664896 -0.380597293 50 0.525099814 51 0.474900156 0 0 0 0 0 0 0 0 
-5.52263594 3.16800499 -0.268195331 -0.350123942 0.905202031 0.240878761 50 0.872464359 51 0.127535611 0 0 0 0 0 0 0 0 
-5.56906509 3.15221405 -0.276322097 -0.350123942 0.905202031 0.240878761 50 0.525099814 51 0.474900156 0 0 0 0 0 0 0 0 
-5.57386637 3.13585901 -0.22185877 -0.350123942 0.905202031 0.240878761 50 0.528514385 51 0.471485615 0 0 0 0 0 0 0 0 
-5.52788591 3.15090179 -0.211535916 -0.350123942 0.905202031 0.240878761 50 0.867439866 51 0.132560149 0 0 0 0 0 0 0 0 
-5.52263594 3.16800499 -0.268195331 -0.305995792 0.918888092 0.249020517 50 0.872464359 51 0.127535611 0 0 0 0 0 0 0 0 
-5.52788591 3.15090179 -0.211535916 -0.305995792 0.918888092 0.249020517 50 0.867439866 51 0.132560149 0 0 0 0 0 0 0 0 
-5.47749472 3.16492844 -0.201373637 -0.305995792 0.918888092 0.249020517 50 0.97810477 51 0.0218952075 0 0 0 0 0 0 0 0 
-5.47190571 3.1825521 -0.259539545 -0.305995792 0.918888092 0.249020517 50 0.981926739 51 0.0180732775 0 0 0 0 0 0 0 0 
-5.52263594 3.16800499 -0.268195331 -0.196334645 0.906670868 -0.373364121 50 0.872464359 51 0.127535611 0 0 0 0 0 0 0 0 
-5.47190571 3.1825521 -0.259539545 -0.196334645 0.906670868 -0.373364121 50 0.981926739 51 0.0180732775 0 0 0 0 0 0 0 0 
-5.45725203 3.16273642 -0.315372169 -0.196334645 0.906670868 -0.373364121 50 0.994296551 51 0.00570346834 0 0 0 0 0 0 0 0 
-5.50765657 3.14891529 -0.322422504 -0.196334645 0.906670868 -0.373364121 50 0.906322539 51 0.0936774313 0 0 0 0 0 0 0 0 
-5.51666307 3.09694386 -0.189406514 -0.303605437 0.306149602 0.90227282 50 0.908311903 51 0.091688104 0 0 0 0 0 0 0 0 
-5.52788591 3.15090179 -0.211535916 -0.303605437 0.306149602 0.90227282 50 0.867439866 51 0.132560149 0 0 0 0 0 0 0 0 
-5.57386637 3.13585901 -0.22185877 -0.303605437 0.306149602 0.90227282 50 0.528514385 51 0.471485615 0 0 0 0 0 0 0 0 
-5.56148338 3.08451271 -0.200314775 -0.303605437 0.306149602 0.90227282 50 0.711829364 51 0.288170636 0 0 0 0 0 0 0 0 
-5.51666307 3.09694386 -0.189406514 -0.145935193 -0.304737091 0.941189766 50 0.908311903 51 0.091688104 0 0 0 0 0 0 0 0 
-5.56148338 3.08451271 -0.200314775 -0.145935193 -0.304737091 0.941189766 50 0.711829364 51 0.288170636 0 0 0 0 0 0 0 0 
-5.54240417 3.03259587 -0.214232296 -0.145935193 -0.304737091 0.941189766 50 0.732555032 51 0.267444938 0 0 0 0 0 0 0 0 
-5.4986968 3.04232359 -0.204239324 -0.145935193 -0.304737091 0.941189766 50 0.912734807 51 0.0872652233 0 0 0 0 0 0 0 0 
-5.51666307 3.09694386 -0.189406514 -0.12864548 -0.298532516 0.945689619 50 0.908311903 51 0.091688104 0 0 0 0 0 0 0 0 
-5.4986968 3.04232359 -0.204239324 -0.12864548 -0.298532516 0.945689619 50 0.912734807 51 0.0872652233 0 0 0 0 0 0 0 0 
-5.45030022 3.0526104 -0.194373786 -0.12864548 -0.298532516 0.945689619 50 0.997237265 51 0.00276272208 0 0 0 0 0 0 0 0 
-5.46727133 3.10913491 -0.178873956 -0.12864548 -0.298532516 0.945689619 50 0.995157897 51 0.00484208809 0 0 0 0 0 0 0 0 
-5.51666307 3.09694386 -0.189406514 -0.271656156 0.316494405 0.90886426 50 0.908311903 51 0.091688104 0 0 0 0 0 0 0 0 
-5.46727133 3.10913491 -0.178873956 -0.271656156 0.316494405 0.90886426 50 0.995157897 51 0.00484208809 0 0 0 0 0 0 0 0 
-5.47749472 3.16492844 -0.201373637 -0.271656156 0.316494405 0.90886426 50 0.97810477 51 0.0218952075 0 0 0 0 0 0 0 0 
-5.52788591 3.15090179 -0.211535916 -0.271656156 0.316494405 0.90886426 50 0.867439866 51 0.132560149 0 0 0 0 0 0 0 0 
-5.56335592 3.00700235 -0.27307719 0.128577739 -0.925250947 0.356901199 51 0.736849666 50 0.263150305 0 0 0 0 0 0 0 0 
-5.57844067 3.02357173 -0.224808946 0.128577739 -0.925250947 0.356901199 51 0.730398536 50 0.269601464 0 0 0 0 0 0 0 0 
-5.6094017 3.01520777 -0.235216483 0.128577739 -0.925250947 0.356901199 51 0.896611035 50 0.10338895 0 0 0 0 0 0 0 0 
-5.59494162 3.00022173 -0.279399216 0.128577739 -0.925250947 0.356901199 51 0.898019612 50 0.101980411 0 0 0 0 0 0 0 0 
-5.56335592 3.00700235 -0.27307719 0.252109081 -0.932892859 -0.257200509 51 0.736849666 50 0.263150305 0 0 0 0 0 0 0 0 
-5.59494162 3.00022173 -0.279399216 0.252109081 -0.932892859 -0.257200509 51 0.898019612 50 0.101980411 0 0 0 0 0 0 0 0 
-5.59119892 3.01409292 -0.326086462 0.252109081 -0.932892859 -0.257200509 51 0.893251956 50 0.106748067 0 0 0 0 0 0 0 0 
-5.5590992 3.02218056 -0.323912233 0.252109081 -0.932892859 -0.257200509 51 0.724460781 50 0.275539219 0 0 0 0 0 0 0 0 
-5.56335592 3.00700235 -0.27307719 0.243973508 -0.934584737 -0.258898407 51 0.736849666 50 0.263150305 0 0 0 0 0 0 0 0 
-5.5590992 3.02218056 -0.323912233 0.243973508 -0.934584737 -0.258898407 51 0.724460781 50 0.275539219 0 0 0 0 0 0 0 0 
-5.52231407 3.03088522 -0.320616752 0.243973508 -0.934584737 -0.258898407 50 0.734758139 51 0.265241832 0 0 0 0 0 0 0 0 
-5.52711535 3.01452971 -0.266153455 0.243973508 -0.934584737 -0.258898407 50 0.734062552 51 0.265937448 0 0 0 0 0 0 0 0 
-5.56335592 3.00700235 -0.27307719 0.12526001 -0.925335824 0.35785985 51 0.736849666 50 0.263150305 0 0 0 0 0 0 0 0 
-5.52711535 3.01452971 -0.266153455 0.12526001 -0.925335824 0.35785985 50 0.734062552 51 0.265937448 0 0 0 0 0 0 0 0 
-5.54240417 3.03259587 -0.214232296 0.12526001 -0.925335824 0.35785985 50 0.732555032 51 0.267444938 0 0 0 0 0 0 0 0 
-5.57844067 3.02357173 -0.224808946 0.12526001 -0.925335824 0.35785985 51 0.730398536 50 0.269601464 0 0 0 0 0 0 0 0 
-5.57211781 3.06957054 -0.344279647 0.154648617 -0.355484039 -0.921799898 51 0.747448862 50 0.252551168 0 0 0 0 0 0 0 0 
-5.5590992 3.02218056 -0.323912233 0.154648617 -0.355484039 -0.921799898 51 0.724460781 50 0.275539219 0 0 0 0 0 0 0 0 
-5.59119892 3.01409292 -0.326086462 0.154648617 -0.355484039 -0.921799898 51 0.893251956 50 0.106748067 0 0 0 0 0 0 0 0 
-5.60424232 3.05719304 -0.344988227 0.154648617 -0.355484039 -0.921799898 51 0.90546155 50 0.0945384651 0 0 0 0 0 0 0 0 
-5.57211781 3.06957054 -0.344279647 -0.063464649 0.229047209 -0.971344173 51 0.747448862 50 0.252551168 0 0 0 0 0 0 0 0 
-5.60424232 3.05719304 -0.344988227 -0.063464649 0.229047209 -0.971344173 51 0.90546155 50 0.0945384651 0 0 0 0 0 0 0 0 
-5.62335253 3.10066462 -0.333600014 -0.063464649 0.229047209 -0.971344173 51 0.911255658 50 0.0887443349 0 0 0 0 0 0 0 0 
-5.59158421 3.11742401 -0.331612647 -0.063464649 0.229047209 -0.971344173 51 0.757064521 50 0.242935464 0 0 0 0 0 0 0 0 
-5.57211781 3.06957054 -0.344279647 -0.026190903 0.247925043 -0.968425214 51 0.747448862 50 0.252551168 0 0 0 0 0 0 0 0 
-5.59158421 3.11742401 -0.331612647 -0.026190903 0.247925043 -0.968425214 51 0.757064521 50 0.242935464 0 0 0 0 0 0 0 0 
-5.55377674 3.13414812 -0.328243256 -0.026190903 0.247925043 -0.968425214 50 0.712516248 51 0.287483722 0 0 0 0 0 0 0 0 
-5.53469658 3.08223152 -0.342160732 -0.026190903 0.247925043 -0.968425214 50 0.738078535 51 0.261921465 0 0 0 0 0 0 0 0 
-5.57211781 3.06957054 -0.344279647 0.1675926 -0.348364204 -0.922255456 51 0.747448862 50 0.252551168 0 0 0 0 0 0 0 0 
-5.53469658 3.08223152 -0.342160732 0.1675926 -0.348364204 -0.922255456 50 0.738078535 51 0.261921465 0 0 0 0 0 0 0 0 
-5.52231407 3.03088522 -0.320616752 0.1675926 -0.348364204 -0.922255456 50 0.734758139 51 0.265241832 0 0 0 0 0 0 0 0 
-5.5590992 3.02218056 -0.323912233 0.1675926 -0.348364204 -0.922255456 51 0.724460781 50 0.275539219 0 0 0 0 0 0 0 0 
-5.60666895 3.13399363 -0.283344388 -0.404271871 0.818342388 -0.408509552 51 0.818854034 50 0.181145951 0 0 0 0 0 0 0 0 
-5.59158421 3.11742401 -0.331612647 -0.404271871 0.818342388 -0.408509552 51 0.757064521 50 0.242935464 0 0 0 0 0 0 0 0 
-5.62335253 3.10066462 -0.333600014 -0.404271871 0.818342388 -0.408509552 51 0.911255658 50 0.0887443349 0 0 0 0 0 0 0 0 
-5.63781261 3.11565065 -0.289417267 -0.404271871 0.818342388 -0.408509552 51 0.930480182 50 0.0695198104 0 0 0 0 0 0 0 0 
-5.60666895 3.13399363 -0.283344388 -0.526394725 0.825703382 0.202786759 51 0.818854034 50 0.181145951 0 0 0 0 0 0 0 0 
-5.63781261 3.11565065 -0.289417267 -0.526394725 0.825703382 0.202786759 51 0.930480182 50 0.0695198104 0 0 0 0 0 0 0 0 
-5.64155483 3.10177946 -0.242730036 -0.526394725 0.825703382 0.202786759 51 0.925050795 50 0.0749492049 0 0 0 0 0 0 0 0 
-5.61092567 3.11881542 -0.232509345 -0.526394725 0.825703382 0.202786759 51 0.807217777 50 0.192782223 0 0 0 0 0 0 0 0 
-5.60666895 3.13399363 -0.283344388 -0.458555073 0.86138159 0.218515605 51 0.818854034 50 0.181145951 0 0 0 0 0 0 0 0 
-5.61092567 3.11881542 -0.232509345 -0.458555073 0.86138159 0.218515605 51 0.807217777 50 0.192782223 0 0 0 0 0 0 0 0 
-5.57386637 3.13585901 -0.22185877 -0.458555073 0.86138159 0.218515605 50 0.528514385 51 0.471485615 0 0 0 0 0 0 0 0 
-5.56906509 3.15221405 -0.276322097 -0.458555073 0.86138159 0.218515605 50 0.525099814 51 0.474900156 0 0 0 0 0 0 0 0 
-5.60666895 3.13399363 -0.283344388 -0.34007594 0.852164865 -0.397697687 51 0.818854034 50 0.181145951 0 0 0 0 0 0 0 0 
-5.56906509 3.15221405 -0.276322097 -0.34007594 0.852164865 -0.397697687 50 0.525099814 51 0.474900156 0 0 0 0 0 0 0 0 
-5.55377674 3.13414812 -0.328243256 -0.34007594 0.852164865 -0.397697687 50 0.712516248 51 0.287483722 0 0 0 0 0 0 0 0 
-5.59158421 3.11742401 -0.331612647 -0.34007594 0.852164865 -0.397697687 51 0.757064521 50 0.242935464 0 0 0 0 0 0 0 0 
-5.59790707 3.07142544 -0.212141931 -0.43211323 0.251386702 0.866073251 51 0.764483631 50 0.235516354 0 0 0 0 0 0 0 0 
-5.61092567 3.11881542 -0.232509345 -0.43211323 0.251386702 0.866073251 51 0.807217777 50 0.192782223 0 0 0 0 0 0 0 0 
-5.64155483 3.10177946 -0.242730036 -0.43211323 0.251386702 0.866073251 51 0.925050795 50 0.0749492049 0 0 0 0 0 0 0 0 
-5.62851143 3.05867934 -0.223828271 -0.43211323 0.251386702 0.866073251 51 0.912531972 50 0.0874680057 0 0 0 0 0 0 0 0 
-5.59790707 3.07142544 -0.212141931 -0.215359583 -0.332793146 0.918078899 51 0.764483631 50 0.235516354 0 0 0 0 0 0 0 0 
-5.62851143 3.05867934 -0.223828271 -0.215359583 -0.332793146 0.918078899 51 0.912531972 50 0.0874680057 0 0 0 0 0 0 0 0 
-5.6094017 3.01520777 -0.235216483 -0.215359583 -0.332793146 0.918078899 51 0.896611035 50 0.10338895 0 0 0 0 0 0 0 0 
-5.57844067 3.02357173 -0.224808946 -0.215359583 -0.332793146 0.918078899 51 0.730398536 50 0.269601464 0 0 0 0 0 0 0 0 
-5.59790707 3.07142544 -0.212141931 -0.189209998 -0.320421189 0.928186297 51 0.764483631 50 0.235516354 0 0 0 0 0 0 0 0 
-5.57844067 3.02357173 -0.224808946 -0.189209998 -0.320421189 0.928186297 51 0.730398536 50 0.269601464 0 0 0 0 0 0 0 0 
-5.54240417 3.03259587 -0.214232296 -0.189209998 -0.320421189 0.928186297 50 0.732555032 51 0.267444938 0 0 0 0 0 0 0 0 
-5.56148338 3.08451271 -0.200314775 -0.189209998 -0.320421189 0.928186297 50 0.711829364 51 0.288170636 0 0 0 0 0 0 0 0 
-5.59790707 3.07142544 -0.212141931 -0.382787377 0.275786012 0.8817119 51 0.764483631 50 0.235516354 0 0 0 0 0 0 0 0 
-5.56148338 3.08451271 -0.200314775 -0.382787377 0.275786012 0.8817119 50 0.711829364 51 0.288170636 0 0 0 0 0 0 0 0 
-5.57386637 3.13585901 -0.22185877 -0.382787377 0.275786012 0.8817119 50 0.528514385 51 0.471485615 0 0 0 0 0 0 0 0 
-5.61092567 3.11881542 -0.232509345 -0.382787377 0.275786012 0.8817119 51 0.807217777 50 0.192782223 0 0 0 0 0 0 0 0 
-5.62437439 2.99375892 -0.285280973 -0.37643975 -0.898655057 0.225194171 51 0.964908898 50 0.0350911207 0 0 0 0 0 0 0 0 
-5.63787937 3.00746012 -0.244702101 -0.37643975 -0.898655057 0.225194171 51 0.958204806 50 0.0417952165 0 0 0 0 0 0 0 0 
-5.65461349 3.01263976 -0.260483652 -0.37643975 -0.898655057 0.225194171 51 1 0 0 0 0 0 0 0 0 0 0 
-5.65028286 3.00115252 -0.290606529 -0.37643975 -0.898655057 0.225194171 51 1 0 0 0 0 0 0 0 0 0 0 
-5.62437439 2.99375892 -0.285280973 -0.263411194 -0.905142605 -0.333663642 51 0.964908898 50 0.0350911207 0 0 0 0 0 0 0 0 
-5.65028286 3.00115252 -0.290606529 -0.263411194 -0.905142605 -0.333663642 51 1 0 0 0 0 0 0 0 0 0 0 
-5.64251804 3.01194572 -0.320293307 -0.263411194 -0.905142605 -0.333663642 51 1 0 0 0 0 0 0 0 0 0 0 
-5.62099028 3.00649118 -0.328213573 -0.263411194 -0.905142605 -0.333663642 51 0.956850648 50 0.0431493372 0 0 0 0 0 0 0 0 
-5.62437439 2.99375892 -0.285280973 0.25601387 -0.932068646 -0.256329715 51 0.964908898 50 0.0350911207 0 0 0 0 0 0 0 0 
-5.62099028 3.00649118 -0.328213573 0.25601387 -0.932068646 -0.256329715 51 0.956850648 50 0.0431493372 0 0 0 0 0 0 0 0 
-5.59119892 3.01409292 -0.326086462 0.25601387 -0.932068646 -0.256329715 51 0.893251956 50 0.106748067 0 0 0 0 0 0 0 0 
-5.59494162 3.00022173 -0.279399216 0.25601387 -0.932068646 -0.256329715 51 0.898019612 50 0.101980411 0 0 0 0 0 0 0 0 
-5.62437439 2.99375892 -0.285280973 0.132303566 -0.924823225 0.356648207 51 0.964908898 50 0.0350911207 0 0 0 0 0 0 0 0 
-5.59494162 3.00022173 -0.279399216 0.132303566 -0.924823225 0.356648207 51 0.898019612 50 0.101980411 0 0 0 0 0 0 0 0 
-5.6094017 3.01520777 -0.235216483 0.132303566 -0.924823225 0.356648207 51 0.896611035 50 0.10338895 0 0 0 0 0 0 0 0 
-5.63787937 3.00746012 -0.244702101 0.132303566 -0.924823225 0.356648207 51 0.958204806 50 0.0417952165 0 0 0 0 0 0 0 0 
-5.633358 3.0459795 -0.345662743 -0.332320869 -0.50456214 -0.796856225 51 0.971716523 50 0.0282834582 0 0 0 0 0 0 0 0 
-5.62099028 3.00649118 -0.328213573 -0.332320869 -0.50456214 -0.796856225 51 0.956850648 50 0.0431493372 0 0 0 0 0 0 0 0 
-5.64251804 3.01194572 -0.320293307 -0.332320869 -0.50456214 -0.796856225 51 1 0 0 0 0 0 0 0 0 0 0 
-5.65664864 3.03815389 -0.333390772 -0.332320869 -0.50456214 -0.796856225 51 1 0 0 0 0 0 0 0 0 0 0 
-5.633358 3.0459795 -0.345662743 -0.535516083 0.0261186808 -0.844121158 51 0.971716523 50 0.0282834582 0 0 0 0 0 0 0 0 
-5.65664864 3.03815389 -0.333390772 -0.535516083 0.0261186808 -0.844121158 51 1 0 0 0 0 0 0 0 0 0 0 
-5.66426468 3.06873894 -0.325350434 -0.535516083 0.0261186808 -0.844121158 51 1 0 0 0 0 0 0 0 0 0 0 
-5.65135574 3.08579087 -0.335274726 -0.535516083 0.0261186808 -0.844121158 51 0.971540391 50 0.0284596365 0 0 0 0 0 0 0 0 
-5.633358 3.0459795 -0.345662743 -0.0632397905 0.225994647 -0.972073674 51 0.971716523 50 0.0282834582 0 0 0 0 0 0 0 0 
-5.65135574 3.08579087 -0.335274726 -0.0632397905 0.225994647 -0.972073674 51 0.971540391 50 0.0284596365 0 0 0 0 0 0 0 0 
-5.62335253 3.10066462 -0.333600014 -0.0632397905 0.225994647 -0.972073674 51 0.911255658 50 0.0887443349 0 0 0 0 0 0 0 0 
-5.60424232 3.05719304 -0.344988227 -0.0632397905 0.225994647 -0.972073674 51 0.90546155 50 0.0945384651 0 0 0 0 0 0 0 0 
-5.633358 3.0459795 -0.345662743 0.157740384 -0.356745243 -0.920788169 51 0.971716523 50 0.0282834582 0 0 0 0 0 0 0 0 
-5.60424232 3.05719304 -0.344988227 0.157740384 -0.356745243 -0.920788169 51 0.90546155 50 0.0945384651 0 0 0 0 0 0 0 0 
-5.59119892 3.01409292 -0.326086462 0.157740384 -0.356745243 -0.920788169 51 0.893251956 50 0.106748067 0 0 0 0 0 0 0 0 
-5.62099028 3.00649118 -0.328213573 0.157740384 -0.356745243 -0.920788169 51 0.956850648 50 0.0431493372 0 0 0 0 0 0 0 0 
-5.66486073 3.09949207 -0.294695824 -0.777187467 0.436626017 -0.45314154 51 0.984731317 50 0.0152687067 0 0 0 0 0 0 0 0 
-5.65135574 3.08579087 -0.335274726 -0.777187467 0.436626017 -0.45314154 51 0.971540391 50 0.0284596365 0 0 0 0 0 0 0 0 
-5.66426468 3.06873894 -0.325350434 -0.777187467 0.436626017 -0.45314154 51 1 0 0 0 0 0 0 0 0 0 0 
-5.67897034 3.07607102 -0.29727757 -0.777187467 0.436626017 -0.45314154 51 1 0 0 0 0 0 0 0 0 0 0 
-5.66486073 3.09949207 -0.294695824 -0.890205801 0.443124443 0.105709322 51 0.984731317 50 0.0152687067 0 0 0 0 0 0 0 0 
-5.67897034 3.07607102 -0.29727757 -0.890205801 0.443124443 0.105709322 51 1 0 0 0 0 0 0 0 0 0 0 
-5.67636108 3.06943321 -0.265540719 -0.890205801 0.443124443 0.105709322 51 0.990999103 50 0.0090008704 0 0 0 0 0 0 0 0 
-5.66824436 3.08676004 -0.251763225 -0.890205801 0.443124443 0.105709322 51 0.973998964 50 0.0260010157 0 0 0 0 0 0 0 0 
-5.66486073 3.09949207 -0.294695824 -0.531190157 0.822817445 0.202011019 51 0.984731317 50 0.0152687067 0 0 0 0 0 0 0 0 
-5.66824436 3.08676004 -0.251763225 -0.531190157 0.822817445 0.202011019 51 0.973998964 50 0.0260010157 0 0 0 0 0 0 0 0 
-5.64155483 3.10177946 -0.242730036 -0.531190157 0.822817445 0.202011019 51 0.925050795 50 0.0749492049 0 0 0 0 0 0 0 0 
-5.63781261 3.11565065 -0.289417267 -0.531190157 0.822817445 0.202011019 51 0.930480182 50 0.0695198104 0 0 0 0 0 0 0 0 
-5.66486073 3.09949207 -0.294695824 -0.407856017 0.81552577 -0.410574257 51 0.984731317 50 0.0152687067 0 0 0 0 0 0 0 0 
-5.63781261 3.11565065 -0.289417267 -0.407856017 0.81552577 -0.410574257 51 0.930480182 50 0.0695198104 0 0 0 0 0 0 0 0 
-5.62335253 3.10066462 -0.333600014 -0.407856017 0.81552577 -0.410574257 51 0.911255658 50 0.0887443349 0 0 0 0 0 0 0 0 
-5.65135574 3.08579087 -0.335274726 -0.407856017 0.81552577 -0.410574257 51 0.971540391 50 0.0284596365 0 0 0 0 0 0 0 0 
-5.65587711 3.04727149 -0.234314069 -0.821292162 0.0425198413 0.568921268 51 0.971527994 50 0.0284719802 0 0 0 0 0 0 0 0 
-5.66824436 3.08676004 -0.251763225 -0.821292162 0.0425198413 0.568921268 51 0.973998964 50 0.0260010157 0 0 0 0 0 0 0 0 
-5.67636108 3.06943321 -0.265540719 -0.821292162 0.0425198413 0.568921268 51 0.990999103 50 0.0090008704 0 0 0 0 0 0 0 0 
-5.67260456 3.03906941 -0.254493296 -0.821292162 0.0425198413 0.568921268 51 0.99647826 50 0.00352173834 0 0 0 0 0 0 0 0 
-5.65587711 3.04727149 -0.234314069 -0.618095994 -0.488157541 0.616165161 51 0.971527994 50 0.0284719802 0 0 0 0 0 0 0 0 
-5.67260456 3.03906941 -0.254493296 -0.618095994 -0.488157541 0.616165161 51 0.99647826 50 0.00352173834 0 0 0 0 0 0 0 0 
-5.65461349 3.01263976 -0.260483652 -0.618095994 -0.488157541 0.616165161 51 1 0 0 0 0 0 0 0 0 0 0 
-5.63787937 3.00746012 -0.244702101 -0.618095994 -0.488157541 0.616165161 51 0.958204806 50 0.0417952165 0 0 0 0 0 0 0 0 
-5.65587711 3.04727149 -0.234314069 -0.213303506 -0.335003912 0.917754948 51 0.971527994 50 0.0284719802 0 0 0 0 0 0 0 0 
-5.63787937 3.00746012 -0.244702101 -0.213303506 -0.335003912 0.917754948 51 0.958204806 50 0.0417952165 0 0 0 0 0 0 0 0 
-5.6094017 3.01520777 -0.235216483 -0.213303506 -0.335003912 0.917754948 51 0.896611035 50 0.10338895 0 0 0 0 0 0 0 0 
-5.62851143 3.05867934 -0.223828271 -0.213303506 -0.335003912 0.917754948 51 0.912531972 50 0.0874680057 0 0 0 0 0 0 0 0 
-5.65587711 3.04727149 -0.234314069 -0.433917701 0.24775748 0.866216898 51 0.971527994 50 0.0284719802 0 0 0 0 0 0 0 0 
-5.62851143 3.05867934 -0.223828271 -0.433917701 0.24775748 0.866216898 51 0.912531972 50 0.0874680057 0 0 0 0 0 0 0 0 
-5.64155483 3.10177946 -0.242730036 -0.433917701 0.24775748 0.866216898 51 0.925050795 50 0.0749492049 0 0 0 0 0 0 0 0 
-5.66824436 3.08676004 -0.251763225 -0.433917701 0.24775748 0.866216898 51 0.973998964 50 0.0260010157 0 0 0 0 0 0 0 0 
-4.95284796 3.09992909 -0.461034745 -0.269520193 -0.935223639 0.229599193 47 0.852911949 46 0.147088036 0 0 0 0 0 0 0 0 
-4.9793129 3.11844373 -0.418283433 -0.269520193 -0.935223639 0.229599193 47 0.827994585 46 0.172005415 0 0 0 0 0 0 0 0 
-5.01852608 3.12222743 -0.447305501 -0.269520193 -0.935223639 0.229599193 47 0.983241916 46 0.0167580657 0 0 0 0 0 0 0 0 
-4.99225044 3.1052568 -0.487184286 -0.269520193 -0.935223639 0.229599193 47 0.995539069 46 0.00446092896 0 0 0 0 0 0 0 0 
-4.95284796 3.09992909 -0.461034745 0.0761782378 -0.94928503 -0.305048853 47 0.852911949 46 0.147088036 0 0 0 0 0 0 0 0 
-4.99225044 3.1052568 -0.487184286 0.0761782378 -0.94928503 -0.305048853 47 0.995539069 46 0.00446092896 0 0 0 0 0 0 0 0 
-4.96613979 3.12034559 -0.527888536 0.0761782378 -0.94928503 -0.305048853 47 1 0 0 0 0 0 0 0 0 0 0 
-4.92377186 3.11587238 -0.503118336 0.0761782378 -0.94928503 -0.305048853 47 0.884639561 46 0.115360454 0 0 0 0 0 0 0 0 
-4.95284796 3.09992909 -0.461034745 0.0712810829 -0.94666189 -0.314245373 47 0.852911949 46 0.147088036 0 0 0 0 0 0 0 0 
-4.92377186 3.11587238 -0.503118336 0.0712810829 -0.94666189 -0.314245373 47 0.884639561 46 0.115360454 0 0 0 0 0 0 0 0 
-4.88077164 3.11017203 -0.475543082 0.0712810829 -0.94666189 -0.314245373 46 0.540720999 47 0.459279031 0 0 0 0 0 0 0 0 
-4.91467476 3.0928905 -0.431821406 0.0712810829 -0.94666189 -0.314245373 46 0.76304245 47 0.236957565 0 0 0 0 0 0 0 0 
-4.95284796 3.09992909 -0.461034745 -0.325641781 -0.92569828 0.192458168 47 0.852911949 46 0.147088036 0 0 0 0 0 0 0 0 
-4.91467476 3.0928905 -0.431821406 -0.325641781 -0.92569828 0.192458168 46 0.76304245 47 0.236957565 0 0 0 0 0 0 0 0 
-4.94630051 3.11287785 -0.387672067 -0.325641781 -0.92569828 0.192458168 46 0.791210532 47 0.208789453 0 0 0 0 0 0 0 0 
-4.9793129 3.11844373 -0.418283433 -0.325641781 -0.92569828 0.192458168 47 0.827994585 46 0.172005415 0 0 0 0 0 0 0 0 
-4.91096973 3.16706896 -0.516460896 0.452311456 -0.331586212 -0.827928066 47 0.900434494 46 0.0995655358 0 0 0 0 0 0 0 0 
-4.92377186 3.11587238 -0.503118336 0.452311456 -0.331586212 -0.827928066 47 0.884639561 46 0.115360454 0 0 0 0 0 0 0 0 
-4.96613979 3.12034559 -0.527888536 0.452311456 -0.331586212 -0.827928066 47 1 0 0 0 0 0 0 0 0 0 0 
-4.95762682 3.16812563 -0.542541564 0.452311456 -0.331586212 -0.827928066 47 1 0 0 0 0 0 0 0 0 0 0 
-4.91096973 3.16706896 -0.516460896 0.472501338 0.290024728 -0.832242846 47 0.900434494 46 0.0995655358 0 0 0 0 0 0 0 0 
-4.95762682 3.16812563 -0.542541564 0.472501338 0.290024728 -0.832242846 47 1 0 0 0 0 0 0 0 0 0 0 
-4.96042347 3.21756101 -0.526942015 0.472501338 0.290024728 -0.832242846 47 1 0 0 0 0 0 0 0 0 0 0 
-4.91670322 3.21911883 -0.501537144 0.472501338 0.290024728 -0.832242846 47 0.8849352 46 0.115064777 0 0 0 0 0 0 0 0 
-4.91096973 3.16706896 -0.516460896 0.502880514 0.28877297 -0.814690888 47 0.900434494 46 0.0995655358 0 0 0 0 0 0 0 0 
-4.91670322 3.21911883 -0.501537144 0.502880514 0.28877297 -0.814690888 47 0.8849352 46 0.115064777 0 0 0 0 0 0 0 0 
-4.87489796 3.22181845 -0.474789172 0.502880514 0.28877297 -0.814690888 46 0.540719926 47 0.459280074 0 0 0 0 0 0 0 0 
-4.86705256 3.16552067 -0.489887863 0.502880514 0.28877297 -0.814690888 46 0.513537288 47 0.486462682 0 0 0 0 0 0 0 0 
-4.91096973 3.16706896 -0.516460896 0.479025483 -0.330555499 -0.813183665 47 0.900434494 46 0.0995655358 0 0 0 0 0 0 0 0 
-4.86705256 3.16552067 -0.489887863 0.479025483 -0.330555499 -0.813183665 46 0.513537288 47 0.486462682 0 0 0 0 0 0 0 0 
-4.88077164 3.11017203 -0.475543082 0.479025483 -0.330555499 -0.813183665 46 0.540720999 47 0.459279031 0 0 0 0 0 0 0 0 
-4.92377186 3.11587238 -0.503118336 0.479025483 -0.330555499 -0.813183665 47 0.884639561 46 0.115360454 0 0 0 0 0 0 0 0 
-4.94192505 3.23784089 -0.458100617 0.146260917 0.9375844 -0.315505028 47 0.853373647 46 0.146626353 0 0 0 0 0 0 0 0 
-4.91670322 3.21911883 -0.501537144 0.146260917 0.9375844 -0.315505028 47 0.8849352 46 0.115064777 0 0 0 0 0 0 0 0 
-4.96042347 3.21756101 -0.526942015 0.146260917 0.9375844 -0.315505028 47 1 0 0 0 0 0 0 0 0 0 0 
-4.9839592 3.2349894 -0.485552907 0.146260917 0.9375844 -0.315505028 47 0.996087849 46 0.00391214713 0 0 0 0 0 0 0 0 
-4.94192505 3.23784089 -0.458100617 -0.208588198 0.953299344 0.218429267 47 0.853373647 46 0.146626353 0 0 0 0 0 0 0 0 
-4.9839592 3.2349894 -0.485552907 -0.208588198 0.953299344 0.218429267 47 0.996087849 46 0.00391214713 0 0 0 0 0 0 0 0 
-5.01016045 3.21988559 -0.444898218 -0.208588198 0.953299344 0.218429267 47 0.983708203 46 0.0162917841 0 0 0 0 0 0 0 0 
-4.97107553 3.2218852 -0.416057765 -0.208588198 0.953299344 0.218429267 47 0.828367651 46 0.171632349 0 0 0 0 0 0 0 0 
-4.94192505 3.23784089 -0.458100617 -0.252145231 0.950255692 0.182857603 47 0.853373647 46 0.146626353 0 0 0 0 0 0 0 0 
-4.97107553 3.2218852 -0.416057765 -0.252145231 0.950255692 0.182857603 47 0.828367651 46 0.171632349 0 0 0 0 0 0 0 0 
-4.9383502 3.2248714 -0.385773569 -0.252145231 0.950255692 0.182857603 46 0.791767836 47 0.208232149 0 0 0 0 0 0 0 0 
-4.90475988 3.24210048 -0.429667801 -0.252145231 0.950255692 0.182857603 46 0.763914406 47 0.236085609 0 0 0 0 0 0 0 0 
-4.94192505 3.23784089 -0.458100617 0.143226057 0.935515583 -0.322950542 47 0.853373647 46 0.146626353 0 0 0 0 0 0 0 0 
-4.90475988 3.24210048 -0.429667801 0.143226057 0.935515583 -0.322950542 46 0.763914406 47 0.236085609 0 0 0 0 0 0 0 0 
-4.87489796 3.22181845 -0.474789172 0.143226057 0.935515583 -0.322950542 46 0.540719926 47 0.459280074 0 0 0 0 0 0 0 0 
-4.91670322 3.21911883 -0.501537144 0.143226057 0.935515583 -0.322950542 47 0.8849352 46 0.115064777 0 0 0 0 0 0 0 0 
-4.98466873 3.17055655 -0.403151304 -0.570741236 0.338271767 0.748215675 47 0.833039761 46 0.166960239 0 0 0 0 0 0 0 0 
-4.97107553 3.2218852 -0.416057765 -0.570741236 0.338271767 0.748215675 47 0.828367651 46 0.171632349 0 0 0 0 0 0 0 0 
-5.01016045 3.21988559 -0.444898218 -0.570741236 0.338271767 0.748215675 47 0.983708203 46 0.0162917841 0 0 0 0 0 0 0 0 
-5.0215044 3.17163253 -0.431805611 -0.570741236 0.338271767 0.748215675 47 0.984996438 46 0.0150035787 0 0 0 0 0 0 0 0 
-4.98466873 3.17055655 -0.403151304 -0.591807961 -0.27699852 0.756990969 47 0.833039761 46 0.166960239 0 0 0 0 0 0 0 0 
-5.0215044 3.17163253 -0.431805611 -0.591807961 -0.27699852 0.756990969 47 0.984996438 46 0.0150035787 0 0 0 0 0 0 0 0 
-5.01852608 3.12222743 -0.447305501 -0.591807961 -0.27699852 0.756990969 47 0.983241916 46 0.0167580657 0 0 0 0 0 0 0 0 
-4.9793129 3.11844373 -0.418283433 -0.591807961 -0.27699852 0.756990969 47 0.827994585 46 0.172005415 0 0 0 0 0 0 0 0 
-4.98466873 3.17055655 -0.403151304 -0.681140125 -0.270513296 0.680346012 47 0.833039761 46 0.166960239 0 0 0 0 0 0 0 0 
-4.9793129 3.11844373 -0.418283433 -0.681140125 -0.270513296 0.680346012 47 0.827994585 46 0.172005415 0 0 0 0 0 0 0 0 
-4.94630051 3.11287785 -0.387672067 -0.681140125 -0.270513296 0.680346012 46 0.791210532 47 0.208789453 0 0 0 0 0 0 0 0 
-4.95348263 3.16928601 -0.37220791 -0.681140125 -0.270513296 0.680346012 46 0.793111265 47 0.20688875 0 0 0 0 0 0 0 0 
-4.98466873 3.17055655 -0.403151304 -0.654661536 0.342718005 0.673767567 47 0.833039761 46 0.166960239 0 0 0 0 0 0 0 0 
-4.95348263 3.16928601 -0.37220791 -0.654661536 0.342718005 0.673767567 46 0.793111265 47 0.20688875 0 0 0 0 0 0 0 0 
-4.9383502 3.2248714 -0.385773569 -0.654661536 0.342718005 0.673767567 46 0.791767836 47 0.208232149 0 0 0 0 0 0 0 0 
-4.97107553 3.2218852 -0.416057765 -0.654661536 0.342718005 0.673767567 47 0.828367651 46 0.171632349 0 0 0 0 0 0 0 0 
-5.03195 3.10966182 -0.513173044 -0.24477011 -0.939683676 0.238918841 47 0.95751524 48 0.0424847566 0 0 0 0 0 0 0 0 
-5.05631065 3.12566471 -0.475195408 -0.24477011 -0.939683676 0.238918841 47 0.95355916 48 0.0464408249 0 0 0 0 0 0 0 0 
-5.09331751 3.1283462 -0.502555907 -0.24477011 -0.939683676 0.238918841 47 0.78300482 48 0.216995195 0 0 0 0 0 0 0 0 
-5.07058382 3.11343288 -0.537926257 -0.24477011 -0.939683676 0.238918841 47 0.783583105 48 0.21641691 0 0 0 0 0 0 0 0 
-5.03195 3.10966182 -0.513173044 0.0938442722 -0.952002227 -0.291350394 47 0.95751524 48 0.0424847566 0 0 0 0 0 0 0 0 
-5.07058382 3.11343288 -0.537926257 0.0938442722 -0.952002227 -0.291350394 47 0.783583105 48 0.21641691 0 0 0 0 0 0 0 0 
-5.04816389 3.12672019 -0.574134827 0.0938442722 -0.952002227 -0.291350394 47 0.783439338 48 0.216560692 0 0 0 0 0 0 0 0 
-5.00781107 3.12392044 -0.551975965 0.0938442722 -0.952002227 -0.291350394 47 0.954436421 48 0.0455635861 0 0 0 0 0 0 0 0 
-5.03195 3.10966182 -0.513173044 0.0884125754 -0.95131582 -0.29526493 47 0.95751524 48 0.0424847566 0 0 0 0 0 0 0 0 
-5.00781107 3.12392044 -0.551975965 0.0884125754 -0.95131582 -0.29526493 47 0.954436421 48 0.0455635861 0 0 0 0 0 0 0 0 
-4.96613979 3.12034559 -0.527888536 0.0884125754 -0.95131582 -0.29526493 47 1 0 0 0 0 0 0 0 0 0 0 
-4.99225044 3.1052568 -0.487184286 0.0884125754 -0.95131582 -0.29526493 47 0.995539069 46 0.00446092896 0 0 0 0 0 0 0 0 
-5.03195 3.10966182 -0.513173044 -0.255773008 -0.938683748 0.23119916 47 0.95751524 48 0.0424847566 0 0 0 0 0 0 0 0 
-4.99225044 3.1052568 -0.487184286 -0.255773008 -0.938683748 0.23119916 47 0.995539069 46 0.00446092896 0 0 0 0 0 0 0 0 
-5.01852608 3.12222743 -0.447305501 -0.255773008 -0.938683748 0.23119916 47 0.983241916 46 0.0167580657 0 0 0 0 0 0 0 0 
-5.05631065 3.12566471 -0.475195408 -0.255773008 -0.938683748 0.23119916 47 0.95355916 48 0.0464408249 0 0 0 0 0 0 0 0 
-5.00005054 3.16902375 -0.566004932 0.435734034 -0.335029423 -0.835398853 47 0.959166884 48 0.0408330932 0 0 0 0 0 0 0 0 
-5.00781107 3.12392044 -0.551975965 0.435734034 -0.335029423 -0.835398853 47 0.954436421 48 0.0455635861 0 0 0 0 0 0 0 0 
-5.04816389 3.12672019 -0.574134827 0.435734034 -0.335029423 -0.835398853 47 0.783439338 48 0.216560692 0 0 0 0 0 0 0 0 
-5.04110861 3.16875076 -0.587321937 0.435734034 -0.335029423 -0.835398853 47 0.785625458 48 0.214374527 0 0 0 0 0 0 0 0 
-5.00005054 3.16902375 -0.566004932 0.438808948 0.295310199 -0.848668635 47 0.959166884 48 0.0408330932 0 0 0 0 0 0 0 0 
-5.04110861 3.16875076 -0.587321937 0.438808948 0.295310199 -0.848668635 47 0.785625458 48 0.214374527 0 0 0 0 0 0 0 0 
-5.04910421 3.21132302 -0.576649368 0.438808948 0.295310199 -0.848668635 47 0.785703361 48 0.214296624 0 0 0 0 0 0 0 0 
-5.00818539 3.21475387 -0.554291308 0.438808948 0.295310199 -0.848668635 47 0.956002414 48 0.0439975597 0 0 0 0 0 0 0 0 
-5.00005054 3.16902375 -0.566004932 0.464582503 0.293187141 -0.83558625 47 0.959166884 48 0.0408330932 0 0 0 0 0 0 0 0 
-5.00818539 3.21475387 -0.554291308 0.464582503 0.293187141 -0.83558625 47 0.956002414 48 0.0439975597 0 0 0 0 0 0 0 0 
-4.96042347 3.21756101 -0.526942015 0.464582503 0.293187141 -0.83558625 47 1 0 0 0 0 0 0 0 0 0 0 
-4.95762682 3.16812563 -0.542541564 0.464582503 0.293187141 -0.83558625 47 1 0 0 0 0 0 0 0 0 0 0 
-5.00005054 3.16902375 -0.566004932 0.450303674 -0.334528744 -0.827838838 47 0.959166884 48 0.0408330932 0 0 0 0 0 0 0 0 
-4.95762682 3.16812563 -0.542541564 0.450303674 -0.334528744 -0.827838838 47 1 0 0 0 0 0 0 0 0 0 0 
-4.96613979 3.12034559 -0.527888536 0.450303674 -0.334528744 -0.827838838 47 1 0 0 0 0 0 0 0 0 0 0 
-5.00781107 3.12392044 -0.551975965 0.450303674 -0.334528744 -0.827838838 47 0.954436421 48 0.0455635861 0 0 0 0 0 0 0 0 
-5.02956343 3.23125529 -0.514669716 0.100964934 0.937400341 -0.333296716 47 0.959657788 48 0.0403421894 0 0 0 0 0 0 0 0 
-5.00818539 3.21475387 -0.554291308 0.100964934 0.937400341 -0.333296716 47 0.956002414 48 0.0439975597 0 0 0 0 0 0 0 0 
-5.04910421 3.21132302 -0.576649368 0.100964934 0.937400341 -0.333296716 47 0.785703361 48 0.214296624 0 0 0 0 0 0 0 0 
-5.0718379 3.22623634 -0.541279018 0.100964934 0.937400341 -0.333296716 47 0.787058175 48 0.21294181 0 0 0 0 0 0 0 0 
-5.02956343 3.23125529 -0.514669716 -0.239089966 0.950073004 0.200492561 47 0.959657788 48 0.0403421894 0 0 0 0 0 0 0 0 
-5.0718379 3.22623634 -0.541279018 -0.239089966 0.950073004 0.200492561 47 0.787058175 48 0.21294181 0 0 0 0 0 0 0 0 
-5.09425831 3.2129488 -0.505070448 -0.239089966 0.950073004 0.200492561 47 0.785318136 48 0.214681834 0 0 0 0 0 0 0 0 
-5.05371714 3.21699429 -0.475874931 -0.239089966 0.950073004 0.200492561 47 0.955160439 48 0.0448395424 0 0 0 0 0 0 0 0 
-5.02956343 3.23125529 -0.514669716 -0.215825558 0.952416778 0.215224728 47 0.959657788 48 0.0403421894 0 0 0 0 0 0 0 0 
-5.05371714 3.21699429 -0.475874931 -0.215825558 0.952416778 0.215224728 47 0.955160439 48 0.0448395424 0 0 0 0 0 0 0 0 
-5.01016045 3.21988559 -0.444898218 -0.215825558 0.952416778 0.215224728 47 0.983708203 46 0.0162917841 0 0 0 0 0 0 0 0 
-4.9839592 3.2349894 -0.485552907 -0.215825558 0.952416778 0.215224728 47 0.996087849 46 0.00391214713 0 0 0 0 0 0 0 0 
-5.02956343 3.23125529 -0.514669716 0.128730595 0.938106477 -0.321534783 47 0.959657788 48 0.0403421894 0 0 0 0 0 0 0 0 
-4.9839592 3.2349894 -0.485552907 0.128730595 0.938106477 -0.321534783 47 0.996087849 46 0.00391214713 0 0 0 0 0 0 0 0 
-4.96042347 3.21756101 -0.526942015 0.128730595 0.938106477 -0.321534783 47 1 0 0 0 0 0 0 0 0 0 0 
-5.00818539 3.21475387 -0.554291308 0.128730595 0.938106477 -0.321534783 47 0.956002414 48 0.0439975597 0 0 0 0 0 0 0 0 
-5.06447792 3.17138958 -0.463499337 -0.575056314 0.334665149 0.746531606 47 0.958020747 48 0.0419792645 0 0 0 0 0 0 0 0 
-5.05371714 3.21699429 -0.475874931 -0.575056314 0.334665149 0.746531606 47 0.955160439 48 0.0448395424 0 0 0 0 0 0 0 0 
-5.09425831 3.2129488 -0.505070448 -0.575056314 0.334665149 0.746531606 47 0.785318136 48 0.214681834 0 0 0 0 0 0 0 0 
-5.10131359 3.17091846 -0.491883308 -0.575056314 0.334665149 0.746531606 47 0.785031915 48 0.21496807 0 0 0 0 0 0 0 0 
-5.06447792 3.17138958 -0.463499337 -0.580758929 -0.29820922 0.757489622 47 0.958020747 48 0.0419792645 0 0 0 0 0 0 0 0 
-5.10131359 3.17091846 -0.491883308 -0.580758929 -0.29820922 0.757489622 47 0.785031915 48 0.21496807 0 0 0 0 0 0 0 0 
-5.09331751 3.1283462 -0.502555907 -0.580758929 -0.29820922 0.757489622 47 0.78300482 48 0.216995195 0 0 0 0 0 0 0 0 
-5.05631065 3.12566471 -0.475195408 -0.580758929 -0.29820922 0.757489622 47 0.95355916 48 0.0464408249 0 0 0 0 0 0 0 0 
-5.06447792 3.17138958 -0.463499337 -0.576147735 -0.286356241 0.765541613 47 0.958020747 48 0.0419792645 0 0 0 0 0 0 0 0 
-5.05631065 3.12566471 -0.475195408 -0.576147735 -0.286356241 0.765541613 47 0.95355916 48 0.0464408249 0 0 0 0 0 0 0 0 
-5.01852608 3.12222743 -0.447305501 -0.576147735 -0.286356241 0.765541613 47 0.983241916 46 0.0167580657 0 0 0 0 0 0 0 0 
-5.0215044 3.17163253 -0.431805611 -0.576147735 -0.286356241 0.765541613 47 0.984996438 46 0.0150035787 0 0 0 0 0 0 0 0 
-5.06447792 3.17138958 -0.463499337 -0.560199499 0.337239116 0.75660187 47 0.958020747 48 0.0419792645 0 0 0 0 0 0 0 0 
-5.0215044 3.17163253 -0.431805611 -0.560199499 0.337239116 0.75660187 47 0.984996438 46 0.0150035787 0 0 0 0 0 0 0 0 
-5.01016045 3.21988559 -0.444898218 -0.560199499 0.337239116 0.75660187 47 0.983708203 46 0.0162917841 0 0 0 0 0 0 0 0 
-5.05371714 3.21699429 -0.475874931 -0.560199499 0.337239116 0.75660187 47 0.955160439 48 0.0448395424 0 0 0 0 0 0 0 0 
-5.10073614 3.11787057 -0.557032645 -0.312921435 -0.930414379 0.190812275 48 0.769934654 47 0.230065361 0 0 0 0 0 0 0 0 
-5.12131453 3.13134575 -0.525092721 -0.312921435 -0.930414379 0.190812275 48 0.755541563 47 0.244458422 0 0 0 0 0 0 0 0 
-5.14192057 3.13456059 -0.543192863 -0.312921435 -0.930414379 0.190812275 48 0.913264275 47 0.0867357403 0 0 0 0 0 0 0 0 
-5.1236248 3.12259889 -0.571531832 -0.312921435 -0.930414379 0.190812275 48 0.918323278 47 0.0816767365 0 0 0 0 0 0 0 0 
-5.10073614 3.11787057 -0.557032645 0.0173971597 -0.942316771 -0.334270179 48 0.769934654 47 0.230065361 0 0 0 0 0 0 0 0 
-5.1236248 3.12259889 -0.571531832 0.0173971597 -0.942316771 -0.334270179 48 0.918323278 47 0.0816767365 0 0 0 0 0 0 0 0 
-5.1057682 3.13325405 -0.600661099 0.0173971597 -0.942316771 -0.334270179 48 0.913796961 47 0.0862030238 0 0 0 0 0 0 0 0 
-5.08055544 3.12987518 -0.589802504 0.0173971597 -0.942316771 -0.334270179 48 0.755822599 47 0.244177431 0 0 0 0 0 0 0 0 
-5.10073614 3.11787057 -0.557032645 0.0582236275 -0.94836998 -0.311776102 48 0.769934654 47 0.230065361 0 0 0 0 0 0 0 0 
-5.08055544 3.12987518 -0.589802504 0.0582236275 -0.94836998 -0.311776102 48 0.755822599 47 0.244177431 0 0 0 0 0 0 0 0 
-5.04816389 3.12672019 -0.574134827 0.0582236275 -0.94836998 -0.311776102 47 0.783439338 48 0.216560692 0 0 0 0 0 0 0 0 
-5.07058382 3.11343288 -0.537926257 0.0582236275 -0.94836998 -0.311776102 47 0.783583105 48 0.21641691 0 0 0 0 0 0 0 0 
-5.10073614 3.11787057 -0.557032645 -0.275573522 -0.936332047 0.217581213 48 0.769934654 47 0.230065361 0 0 0 0 0 0 0 0 
-5.07058382 3.11343288 -0.537926257 -0.275573522 -0.936332047 0.217581213 47 0.783583105 48 0.21641691 0 0 0 0 0 0 0 0 
-5.09331751 3.1283462 -0.502555907 -0.275573522 -0.936332047 0.217581213 47 0.78300482 48 0.216995195 0 0 0 0 0 0 0 0 
-5.12131453 3.13134575 -0.525092721 -0.275573522 -0.936332047 0.217581213 48 0.755541563 47 0.244458422 0 0 0 0 0 0 0 0 
-5.07436037 3.16784978 -0.601832271 0.335237473 -0.334168017 -0.880878925 48 0.771377683 47 0.228622302 0 0 0 0 0 0 0 0 
-5.08055544 3.12987518 -0.589802504 0.335237473 -0.334168017 -0.880878925 48 0.755822599 47 0.244177431 0 0 0 0 0 0 0 0 
-5.1057682 3.13325405 -0.600661099 0.335237473 -0.334168017 -0.880878925 48 0.913796961 47 0.0862030238 0 0 0 0 0 0 0 0 
-5.1004014 3.16696239 -0.611424625 0.335237473 -0.334168017 -0.880878925 48 0.919459522 47 0.0805404857 0 0 0 0 0 0 0 0 
-5.07436037 3.16784978 -0.601832271 0.323201269 0.285478234 -0.902243316 48 0.771377683 47 0.228622302 0 0 0 0 0 0 0 0 
-5.1004014 3.16696239 -0.611424625 0.323201269 0.285478234 -0.902243316 48 0.919459522 47 0.0805404857 0 0 0 0 0 0 0 0 
-5.10708475 3.20110607 -0.603031993 0.323201269 0.285478234 -0.902243316 48 0.915151954 47 0.0848480389 0 0 0 0 0 0 0 0 
-5.08175087 3.2063148 -0.59229213 0.323201269 0.285478234 -0.902243316 48 0.75787729 47 0.24212274 0 0 0 0 0 0 0 0 
-5.07436037 3.16784978 -0.601832271 0.376406759 0.290863752 -0.879611433 48 0.771377683 47 0.228622302 0 0 0 0 0 0 0 0 
-5.08175087 3.2063148 -0.59229213 0.376406759 0.290863752 -0.879611433 48 0.75787729 47 0.24212274 0 0 0 0 0 0 0 0 
-5.04910421 3.21132302 -0.576649368 0.376406759 0.290863752 -0.879611433 47 0.785703361 48 0.214296624 0 0 0 0 0 0 0 0 
-5.04110861 3.16875076 -0.587321937 0.376406759 0.290863752 -0.879611433 47 0.785625458 48 0.214374527 0 0 0 0 0 0 0 0 
-5.07436037 3.16784978 -0.601832271 0.384075433 -0.334816992 -0.860455453 48 0.771377683 47 0.228622302 0 0 0 0 0 0 0 0 
-5.04110861 3.16875076 -0.587321937 0.384075433 -0.334816992 -0.860455453 47 0.785625458 48 0.214374527 0 0 0 0 0 0 0 0 
-5.04816389 3.12672019 -0.574134827 0.384075433 -0.334816992 -0.860455453 47 0.783439338 48 0.216560692 0 0 0 0 0 0 0 0 
-5.08055544 3.12987518 -0.589802504 0.384075433 -0.334816992 -0.860455453 48 0.755822599 47 0.244177431 0 0 0 0 0 0 0 0 
-5.10232973 3.21978998 -0.560352206 -0.0191158522 0.916678131 -0.399168909 48 0.772440732 47 0.227559268 0 0 0 0 0 0 0 0 
-5.08175087 3.2063148 -0.59229213 -0.0191158522 0.916678131 -0.399168909 48 0.75787729 47 0.24212274 0 0 0 0 0 0 0 0 
-5.10708475 3.20110607 -0.603031993 -0.0191158522 0.916678131 -0.399168909 48 0.915151954 47 0.0848480389 0 0 0 0 0 0 0 0 
-5.12538004 3.21306801 -0.574693024 -0.0191158522 0.916678131 -0.399168909 48 0.919824898 47 0.0801750869 0 0 0 0 0 0 0 0 
-5.10232973 3.21978998 -0.560352206 -0.349150777 0.928636968 0.125408053 48 0.772440732 47 0.227559268 0 0 0 0 0 0 0 0 
-5.12538004 3.21306801 -0.574693024 -0.349150777 0.928636968 0.125408053 48 0.919824898 47 0.0801750869 0 0 0 0 0 0 0 0 
-5.14323664 3.20241261 -0.545563698 -0.349150777 0.928636968 0.125408053 48 0.913954258 47 0.0860457271 0 0 0 0 0 0 0 0 
-5.12250948 3.20778537 -0.527582347 -0.349150777 0.928636968 0.125408053 48 0.757413507 47 0.242586523 0 0 0 0 0 0 0 0 
-5.10232973 3.21978998 -0.560352206 -0.299243391 0.940650463 0.160094216 48 0.772440732 47 0.227559268 0 0 0 0 0 0 0 0 
-5.12250948 3.20778537 -0.527582347 -0.299243391 0.940650463 0.160094216 48 0.757413507 47 0.242586523 0 0 0 0 0 0 0 0 
-5.09425831 3.2129488 -0.505070448 -0.299243391 0.940650463 0.160094216 47 0.785318136 48 0.214681834 0 0 0 0 0 0 0 0 
-5.0718379 3.22623634 -0.541279018 -0.299243391 0.940650463 0.160094216 47 0.787058175 48 0.21294181 0 0 0 0 0 0 0 0 
-5.10232973 3.21978998 -0.560352206 0.0346286297 0.928636789 -0.369370461 48 0.772440732 47 0.227559268 0 0 0 0 0 0 0 0 
-5.0718379 3.22623634 -0.541279018 0.0346286297 0.928636789 -0.369370461 47 0.787058175 48 0.21294181 0 0 0 0 0 0 0 0 
-5.04910421 3.21132302 -0.576649368 0.0346286297 0.928636789 -0.369370461 47 0.785703361 48 0.214296624 0 0 0 0 0 0 0 0 
-5.08175087 3.2063148 -0.59229213 0.0346286297 0.928636789 -0.369370461 48 0.75787729 47 0.24212274 0 0 0 0 0 0 0 0 
-5.1287055 3.16981077 -0.51555258 -0.667130411 0.321320266 0.672079086 48 0.770896912 47 0.229103103 0 0 0 0 0 0 0 0 
-5.12250948 3.20778537 -0.527582347 -0.667130411 0.321320266 0.672079086 48 0.757413507 47 0.242586523 0 0 0 0 0 0 0 0 
-5.14323664 3.20241261 -0.545563698 -0.667130411 0.321320266 0.672079086 48 0.913954258 47 0.0860457271 0 0 0 0 0 0 0 0 
-5.14860392 3.16870451 -0.534800231 -0.667130411 0.321320266 0.672079086 48 0.918313324 47 0.0816866904 0 0 0 0 0 0 0 0 
-5.1287055 3.16981077 -0.51555258 -0.655342758 -0.298404664 0.693887949 48 0.770896912 47 0.229103103 0 0 0 0 0 0 0 0 
-5.14860392 3.16870451 -0.534800231 -0.655342758 -0.298404664 0.693887949 48 0.918313324 47 0.0816866904 0 0 0 0 0 0 0 0 
-5.14192057 3.13456059 -0.543192863 -0.655342758 -0.298404664 0.693887949 48 0.913264275 47 0.0867357403 0 0 0 0 0 0 0 0 
-5.12131453 3.13134575 -0.525092721 -0.655342758 -0.298404664 0.693887949 48 0.755541563 47 0.244458422 0 0 0 0 0 0 0 0 
-5.1287055 3.16981077 -0.51555258 -0.617327094 -0.29874602 0.72777611 48 0.770896912 47 0.229103103 0 0 0 0 0 0 0 0 
-5.12131453 3.13134575 -0.525092721 -0.617327094 -0.29874602 0.72777611 48 0.755541563 47 0.244458422 0 0 0 0 0 0 0 0 
-5.09331751 3.1283462 -0.502555907 -0.617327094 -0.29874602 0.72777611 47 0.78300482 48 0.216995195 0 0 0 0 0 0 0 0 
-5.10131359 3.17091846 -0.491883308 -0.617327094 -0.29874602 0.72777611 47 0.785031915 48 0.21496807 0 0 0 0 0 0 0 0 
-5.1287055 3.16981077 -0.51555258 -0.625102282 0.326935202 0.708773911 48 0.770896912 47 0.229103103 0 0 0 0 0 0 0 0 
-5.10131359 3.17091846 -0.491883308 -0.625102282 0.326935202 0.708773911 47 0.785031915 48 0.21496807 0 0 0 0 0 0 0 0 
-5.09425831 3.2129488 -0.505070448 -0.625102282 0.326935202 0.708773911 47 0.785318136 48 0.214681834 0 0 0 0 0 0 0 0 
-5.12250948 3.20778537 -0.527582347 -0.625102282 0.326935202 0.708773911 48 0.757413507 47 0.242586523 0 0 0 0 0 0 0 0 
-5.14365101 3.12670946 -0.584217072 -0.667896211 -0.741312861 -0.0661047176 48 0.985957861 47 0.0140421474 0 0 0 0 0 0 0 0 
-5.1599431 3.13735533 -0.559001327 -0.667896211 -0.741312861 -0.0661047176 48 0.976762593 47 0.0232373904 0 0 0 0 0 0 0 0 
-5.1656909 3.14559007 -0.573268473 -0.667896211 -0.741312861 -0.0661047176 48 1 0 0 0 0 0 0 0 0 0 0 
-5.15778303 3.13847375 -0.593370497 -0.667896211 -0.741312861 -0.0661047176 48 1 0 0 0 0 0 0 0 0 0 0 
-5.14365101 3.12670946 -0.584217072 -0.364305496 -0.75230962 -0.548918784 48 0.985957861 47 0.0140421474 0 0 0 0 0 0 0 0 
-5.15778303 3.13847375 -0.593370497 -0.364305496 -0.75230962 -0.548918784 48 1 0 0 0 0 0 0 0 0 0 0 
-5.14295626 3.14476728 -0.6094262 -0.364305496 -0.75230962 -0.548918784 48 1 0 0 0 0 0 0 0 0 0 0 
-5.12777948 3.13619208 -0.610154927 -0.364305496 -0.75230962 -0.548918784 48 0.978988409 47 0.021011604 0 0 0 0 0 0 0 0 
-5.14365101 3.12670946 -0.584217072 0.0180020891 -0.942522407 -0.333657682 48 0.985957861 47 0.0140421474 0 0 0 0 0 0 0 0 
-5.12777948 3.13619208 -0.610154927 0.0180020891 -0.942522407 -0.333657682 48 0.978988409 47 0.021011604 0 0 0 0 0 0 0 0 
-5.1057682 3.13325405 -0.600661099 0.0180020891 -0.942522407 -0.333657682 48 0.913796961 47 0.0862030238 0 0 0 0 0 0 0 0 
-5.1236248 3.12259889 -0.571531832 0.0180020891 -0.942522407 -0.333657682 48 0.918323278 47 0.0816767365 0 0 0 0 0 0 0 0 
-5.14365101 3.12670946 -0.584217072 -0.312121391 -0.93059057 0.191263124 48 0.985957861 47 0.0140421474 0 0 0 0 0 0 0 0 
-5.1236248 3.12259889 -0.571531832 -0.312121391 -0.93059057 0.191263124 48 0.918323278 47 0.0816767365 0 0 0 0 0 0 0 0 
-5.14192057 3.13456059 -0.543192863 -0.312121391 -0.93059057 0.191263124 48 0.913264275 47 0.0867357403 0 0 0 0 0 0 0 0 
-5.1599431 3.13735533 -0.559001327 -0.312121391 -0.93059057 0.191263124 48 0.976762593 47 0.0232373904 0 0 0 0 0 0 0 0 
-5.12304926 3.16619039 -0.619763553 -0.139741242 -0.321984559 -0.936375141 48 0.987291992 47 0.0127080306 0 0 0 0 0 0 0 0 
-5.12777948 3.13619208 -0.610154927 -0.139741242 -0.321984559 -0.936375141 48 0.978988409 47 0.021011604 0 0 0 0 0 0 0 0 
-5.14295626 3.14476728 -0.6094262 -0.139741242 -0.321984559 -0.936375141 48 1 0 0 0 0 0 0 0 0 0 0 
-5.14351034 3.16582632 -0.617997348 -0.139741242 -0.321984559 -0.936375141 48 1 0 0 0 0 0 0 0 0 0 0 
-5.12304926 3.16619039 -0.619763553 -0.151645347 0.247977763 -0.956823289 48 0.987291992 47 0.0127080306 0 0 0 0 0 0 0 0 
-5.14351034 3.16582632 -0.617997348 -0.151645347 0.247977763 -0.956823289 48 1 0 0 0 0 0 0 0 0 0 0 
-5.14384699 3.18744993 -0.610957325 -0.151645347 0.247977763 -0.956823289 48 1 0 0 0 0 0 0 0 0 0 0 
-5.12904024 3.1965766 -0.61232096 -0.151645347 0.247977763 -0.956823289 48 0.97974509 47 0.0202548932 0 0 0 0 0 0 0 0 
-5.12304926 3.16619039 -0.619763553 0.322844803 0.284891844 -0.90255636 48 0.987291992 47 0.0127080306 0 0 0 0 0 0 0 0 
-5.12904024 3.1965766 -0.61232096 0.322844803 0.284891844 -0.90255636 48 0.97974509 47 0.0202548932 0 0 0 0 0 0 0 0 
-5.10708475 3.20110607 -0.603031993 0.322844803 0.284891844 -0.90255636 48 0.915151954 47 0.0848480389 0 0 0 0 0 0 0 0 
-5.1004014 3.16696239 -0.611424625 0.322844803 0.284891844 -0.90255636 48 0.919459522 47 0.0805404857 0 0 0 0 0 0 0 0 
-5.12304926 3.16619039 -0.619763553 0.335389674 -0.334752351 -0.880599022 48 0.987291992 47 0.0127080306 0 0 0 0 0 0 0 0 
-5.1004014 3.16696239 -0.611424625 0.335389674 -0.334752351 -0.880599022 48 0.919459522 47 0.0805404857 0 0 0 0 0 0 0 0 
-5.1057682 3.13325405 -0.600661099 0.335389674 -0.334752351 -0.880599022 48 0.913796961 47 0.0862030238 0 0 0 0 0 0 0 0 
-5.12777948 3.13619208 -0.610154927 0.335389674 -0.334752351 -0.880599022 48 0.978988409 47 0.021011604 0 0 0 0 0 0 0 0 
-5.14533186 3.20722198 -0.587105215 -0.394526273 0.695213556 -0.600855291 48 0.985428512 47 0.0145714916 0 0 0 0 0 0 0 0 
-5.12904024 3.1965766 -0.61232096 -0.394526273 0.695213556 -0.600855291 48 0.97974509 47 0.0202548932 0 0 0 0 0 0 0 0 
-5.14384699 3.18744993 -0.610957325 -0.394526273 0.695213556 -0.600855291 48 1 0 0 0 0 0 0 0 0 0 0 
-5.15894747 3.19425344 -0.595371425 -0.394526273 0.695213556 -0.600855291 48 1 0 0 0 0 0 0 0 0 0 0 
-5.14533186 3.20722198 -0.587105215 -0.698105812 0.706199825 -0.118025661 48 0.985428512 47 0.0145714916 0 0 0 0 0 0 0 0 
-5.15894747 3.19425344 -0.595371425 -0.698105812 0.706199825 -0.118025661 48 1 0 0 0 0 0 0 0 0 0 0 
-5.16658163 3.18827248 -0.574799597 -0.698105812 0.706199825 -0.118025661 48 0.996942282 47 0.00305770431 0 0 0 0 0 0 0 0 
-5.16120386 3.1977396 -0.561167419 -0.698105812 0.706199825 -0.118025661 48 0.972398937 47 0.0276010856 0 0 0 0 0 0 0 0 
-5.14533186 3.20722198 -0.587105215 -0.349976331 0.928364038 0.125127077 48 0.985428512 47 0.0145714916 0 0 0 0 0 0 0 0 
-5.16120386 3.1977396 -0.561167419 -0.349976331 0.928364038 0.125127077 48 0.972398937 47 0.0276010856 0 0 0 0 0 0 0 0 
-5.14323664 3.20241261 -0.545563698 -0.349976331 0.928364038 0.125127077 48 0.913954258 47 0.0860457271 0 0 0 0 0 0 0 0 
-5.12538004 3.21306801 -0.574693024 -0.349976331 0.928364038 0.125127077 48 0.919824898 47 0.0801750869 0 0 0 0 0 0 0 0 
-5.14533186 3.20722198 -0.587105215 -0.0199098028 0.916425407 -0.399709851 48 0.985428512 47 0.0145714916 0 0 0 0 0 0 0 0 
-5.12538004 3.21306801 -0.574693024 -0.0199098028 0.916425407 -0.399709851 48 0.919824898 47 0.0801750869 0 0 0 0 0 0 0 0 
-5.10708475 3.20110607 -0.603031993 -0.0199098028 0.916425407 -0.399709851 48 0.915151954 47 0.0848480389 0 0 0 0 0 0 0 0 
-5.12904024 3.1965766 -0.61232096 -0.0199098028 0.916425407 -0.399709851 48 0.97974509 47 0.0202548932 0 0 0 0 0 0 0 0 
-5.16593409 3.16774154 -0.551558793 -0.922663093 0.275872976 0.269419909 48 0.981081367 47 0.0189186055 0 0 0 0 0 0 0 0 
-5.16120386 3.1977396 -0.561167419 -0.922663093 0.275872976 0.269419909 48 0.972398937 47 0.0276010856 0 0 0 0 0 0 0 0 
-5.16658163 3.18827248 -0.574799597 -0.922663093 0.275872976 0.269419909 48 0.996942282 47 0.00305770431 0 0 0 0 0 0 0 0 
-5.17322111 3.16690111 -0.570744634 -0.922663093 0.275872976 0.269419909 48 1 0 0 0 0 0 0 0 0 0 0 
-5.16593409 3.16774154 -0.551558793 -0.91076535 -0.294093162 0.289854676 48 0.981081367 47 0.0189186055 0 0 0 0 0 0 0 0 
-5.17322111 3.16690111 -0.570744634 -0.91076535 -0.294093162 0.289854676 48 1 0 0 0 0 0 0 0 0 0 0 
-5.1656909 3.14559007 -0.573268473 -0.91076535 -0.294093162 0.289854676 48 1 0 0 0 0 0 0 0 0 0 0 
-5.1599431 3.13735533 -0.559001327 -0.91076535 -0.294093162 0.289854676 48 0.976762593 47 0.0232373904 0 0 0 0 0 0 0 0 
-5.16593409 3.16774154 -0.551558793 -0.654874623 -0.298949122 0.694095552 48 0.981081367 47 0.0189186055 0 0 0 0 0 0 0 0 
-5.1599431 3.13735533 -0.559001327 -0.654874623 -0.298949122 0.694095552 48 0.976762593 47 0.0232373904 0 0 0 0 0 0 0 0 
-5.14192057 3.13456059 -0.543192863 -0.654874623 -0.298949122 0.694095552 48 0.913264275 47 0.0867357403 0 0 0 0 0 0 0 0 
-5.14860392 3.16870451 -0.534800231 -0.654874623 -0.298949122 0.694095552 48 0.918313324 47 0.0816866904 0 0 0 0 0 0 0 0 
-5.16593409 3.16774154 -0.551558793 -0.667408705 0.320704639 0.672096848 48 0.981081367 47 0.0189186055 0 0 0 0 0 0 0 0 
-5.14860392 3.16870451 -0.534800231 -0.667408705 0.320704639 0.672096848 48 0.918313324 47 0.0816866904 0 0 0 0 0 0 0 0 
-5.14323664 3.20241261 -0.545563698 -0.667408705 0.320704639 0.672096848 48 0.913954258 47 0.0860457271 0 0 0 0 0 0 0 0 
-5.16120386 3.1977396 -0.561167419 -0.667408705 0.320704639 0.672096848 48 0.972398937 47 0.0276010856 0 0 0 0 0 0 0 0 
-5.13385963 3.08187866 0.26627484 0.136110201 -0.950016975 0.280965835 56 0.915275276 55 0.0847247541 0 0 0 0 0 0 0 0 
-5.11900806 3.10189128 0.326681852 0.136110201 -0.950016975 0.280965835 56 0.861547291 55 0.138452679 0 0 0 0 0 0 0 0 
-5.19608402 3.09559751 0.342805058 0.136110201 -0.950016975 0.280965835 56 1 0 0 0 0 0 0 0 0 0 0 
-5.20913506 3.07701564 0.286230981 0.136110201 -0.950016975 0.280965835 56 1 0 0 0 0 0 0 0 0 0 0 
-5.13385963 3.08187866 0.26627484 -0.0263393372 -0.943842053 -0.329345405 56 0.915275276 55 0.0847247541 0 0 0 0 0 0 0 0 
-5.20913506 3.07701564 0.286230981 -0.0263393372 -0.943842053 -0.329345405 56 1 0 0 0 0 0 0 0 0 0 0 
-5.22678375 3.09668016 0.231287509 -0.0263393372 -0.943842053 -0.329345405 56 1 0 0 0 0 0 0 0 0 0 0 
-5.15290928 3.10295057 0.207409978 -0.0263393372 -0.943842053 -0.329345405 56 0.896689951 55 0.103310078 0 0 0 0 0 0 0 0 
-5.13385963 3.08187866 0.26627484 -0.0656757206 -0.947240293 -0.313723564 56 0.915275276 55 0.0847247541 0 0 0 0 0 0 0 0 
-5.15290928 3.10295057 0.207409978 -0.0656757206 -0.947240293 -0.313723564 56 0.896689951 55 0.103310078 0 0 0 0 0 0 0 0 
-5.0866642 3.10461974 0.187731281 -0.0656757206 -0.947240293 -0.313723564 56 0.511457324 55 0.488542706 0 0 0 0 0 0 0 0 
-5.0614109 3.0838356 0.245968729 -0.0656757206 -0.947240293 -0.313723564 56 0.653105497 55 0.346894532 0 0 0 0 0 0 0 0 
-5.13385963 3.08187866 0.26627484 0.107294761 -0.951191604 0.289348394 56 0.915275276 55 0.0847247541 0 0 0 0 0 0 0 0 
-5.0614109 3.0838356 0.245968729 0.107294761 -0.951191604 0.289348394 56 0.653105497 55 0.346894532 0 0 0 0 0 0 0 0 
-5.04347515 3.10563087 0.310840726 0.107294761 -0.951191604 0.289348394 55 0.721368372 56 0.278631628 0 0 0 0 0 0 0 0 
-5.11900806 3.10189128 0.326681852 0.107294761 -0.951191604 0.289348394 56 0.861547291 55 0.138452679 0 0 0 0 0 0 0 0 
-5.16554022 3.16407776 0.191670537 -0.262173057 -0.30075565 -0.916957736 56 0.890567183 55 0.109432809 0 0 0 0 0 0 0 0 
-5.15290928 3.10295057 0.207409978 -0.262173057 -0.30075565 -0.916957736 56 0.896689951 55 0.103310078 0 0 0 0 0 0 0 0 
-5.22678375 3.09668016 0.231287509 -0.262173057 -0.30075565 -0.916957736 56 1 0 0 0 0 0 0 0 0 0 0 
-5.23879576 3.15423012 0.215147123 -0.262173057 -0.30075565 -0.916957736 56 1 0 0 0 0 0 0 0 0 0 0 
-5.16554022 3.16407776 0.191670537 -0.348559976 0.286559552 -0.892406642 56 0.890567183 55 0.109432809 0 0 0 0 0 0 0 0 
-5.23879576 3.15423012 0.215147123 -0.348559976 0.286559552 -0.892406642 56 1 0 0 0 0 0 0 0 0 0 0 
-5.24057484 3.21141934 0.236179247 -0.348559976 0.286559552 -0.892406642 56 0.999948144 55 5.18523593e-05 0 0 0 0 0 0 0 0 
-5.17165947 3.22620463 0.212036505 -0.348559976 0.286559552 -0.892406642 56 0.853780627 55 0.146219343 0 0 0 0 0 0 0 0 
-5.16554022 3.16407776 0.191670537 -0.325393707 0.186385691 -0.927027225 56 0.890567183 55 0.109432809 0 0 0 0 0 0 0 0 
-5.17165947 3.22620463 0.212036505 -0.325393707 0.186385691 -0.927027225 56 0.853780627 55 0.146219343 0 0 0 0 0 0 0 0 
-5.11976242 3.23866773 0.190598905 -0.325393707 0.186385691 -0.927027225 55 0.758791924 56 0.241208076 0 0 0 0 0 0 0 0 
-5.1041584 3.16847873 0.176736549 -0.325393707 0.186385691 -0.927027225 55 0.533679068 56 0.466320932 0 0 0 0 0 0 0 0 
-5.16554022 3.16407776 0.191670537 -0.241410062 -0.258272707 -0.935423195 56 0.890567183 55 0.109432809 0 0 0 0 0 0 0 0 
-5.1041584 3.16847873 0.176736549 -0.241410062 -0.258272707 -0.935423195 55 0.533679068 56 0.466320932 0 0 0 0 0 0 0 0 
-5.0866642 3.10461974 0.187731281 -0.241410062 -0.258272707 -0.935423195 56 0.511457324 55 0.488542706 0 0 0 0 0 0 0 0 
-5.15290928 3.10295057 0.207409978 -0.241410062 -0.258272707 -0.935423195 56 0.896689951 55 0.103310078 0 0 0 0 0 0 0 0 
-5.15253973 3.24621725 0.272443533 -0.27302146 0.933400452 -0.232858434 56 0.86008805 55 0.13991192 0 0 0 0 0 0 0 0 
-5.17165947 3.22620463 0.212036505 -0.27302146 0.933400452 -0.232858434 56 0.853780627 55 0.146219343 0 0 0 0 0 0 0 0 
-5.24057484 3.21141934 0.236179247 -0.27302146 0.933400452 -0.232858434 56 0.999948144 55 5.18523593e-05 0 0 0 0 0 0 0 0 
-5.22752333 3.23000097 0.292753309 -0.27302146 0.933400452 -0.232858434 56 1 0 0 0 0 0 0 0 0 0 0 
-5.15253973 3.24621725 0.272443533 -0.0999260098 0.925561666 0.36517179 56 0.86008805 55 0.13991192 0 0 0 0 0 0 0 0 
-5.22752333 3.23000097 0.292753309 -0.0999260098 0.925561666 0.36517179 56 1 0 0 0 0 0 0 0 0 0 0 
-5.20987511 3.21033669 0.347696811 -0.0999260098 0.925561666 0.36517179 56 1 0 0 0 0 0 0 0 0 0 0 
-5.13160324 3.22514534 0.331308424 -0.0999260098 0.925561666 0.36517179 56 0.873916745 55 0.126083255 0 0 0 0 0 0 0 0 
-5.15253973 3.24621725 0.272443533 -0.104041502 0.921298802 0.374678552 56 0.86008805 55 0.13991192 0 0 0 0 0 0 0 0 
-5.13160324 3.22514534 0.331308424 -0.104041502 0.921298802 0.374678552 56 0.873916745 55 0.126083255 0 0 0 0 0 0 0 0 
-5.06143332 3.23921967 0.314948797 -0.104041502 0.921298802 0.374678552 55 0.575704277 56 0.424295723 0 0 0 0 0 0 0 0 
-5.0932622 3.26195383 0.251446128 -0.104041502 0.921298802 0.374678552 55 0.774465561 56 0.225534454 0 0 0 0 0 0 0 0 
-5.15253973 3.24621725 0.272443533 -0.315429389 0.925044239 -0.211654291 56 0.86008805 55 0.13991192 0 0 0 0 0 0 0 0 
-5.0932622 3.26195383 0.251446128 -0.315429389 0.925044239 -0.211654291 55 0.774465561 56 0.225534454 0 0 0 0 0 0 0 0 
-5.11976242 3.23866773 0.190598905 -0.315429389 0.925044239 -0.211654291 55 0.758791924 56 0.241208076 0 0 0 0 0 0 0 0 
-5.17165947 3.22620463 0.212036505 -0.315429389 0.925044239 -0.211654291 56 0.853780627 55 0.146219343 0 0 0 0 0 0 0 0 
-5.11965561 3.16334176 0.348873794 0.141461477 0.295238376 0.944893062 56 0.861125708 55 0.138874322 0 0 0 0 0 0 0 0 
-5.13160324 3.22514534 0.331308424 0.141461477 0.295238376 0.944893062 56 0.873916745 55 0.126083255 0 0 0 0 0 0 0 0 
-5.20987511 3.21033669 0.347696811 0.141461477 0.295238376 0.944893062 56 1 0 0 0 0 0 0 0 0 0 0 
-5.19786263 3.15278673 0.363837183 0.141461477 0.295238376 0.944893062 56 1 0 0 0 0 0 0 0 0 0 0 
-5.11965561 3.16334176 0.348873794 0.219601318 -0.329998076 0.918083131 56 0.861125708 55 0.138874322 0 0 0 0 0 0 0 0 
-5.19786263 3.15278673 0.363837183 0.219601318 -0.329998076 0.918083131 56 1 0 0 0 0 0 0 0 0 0 0 
-5.19608402 3.09559751 0.342805058 0.219601318 -0.329998076 0.918083131 56 1 0 0 0 0 0 0 0 0 0 0 
-5.11900806 3.10189128 0.326681852 0.219601318 -0.329998076 0.918083131 56 0.861547291 55 0.138452679 0 0 0 0 0 0 0 0 
-5.11965561 3.16334176 0.348873794 0.211535454 -0.32761246 0.92082727 56 0.861125708 55 0.138874322 0 0 0 0 0 0 0 0 
-5.11900806 3.10189128 0.326681852 0.211535454 -0.32761246 0.92082727 56 0.861547291 55 0.138452679 0 0 0 0 0 0 0 0 
-5.04347515 3.10563087 0.310840726 0.211535454 -0.32761246 0.92082727 55 0.721368372 56 0.278631628 0 0 0 0 0 0 0 0 
-5.04313326 3.17226863 0.334290534 0.211535454 -0.32761246 0.92082727 55 0.765593827 56 0.234406203 0 0 0 0 0 0 0 0 
-5.11965561 3.16334176 0.348873794 0.150550976 0.304931313 0.940399587 56 0.861125708 55 0.138874322 0 0 0 0 0 0 0 0 
-5.04313326 3.17226863 0.334290534 0.150550976 0.304931313 0.940399587 55 0.765593827 56 0.234406203 0 0 0 0 0 0 0 0 
-5.06143332 3.23921967 0.314948797 0.150550976 0.304931313 0.940399587 55 0.575704277 56 0.424295723 0 0 0 0 0 0 0 0 
-5.13160324 3.22514534 0.331308424 0.150550976 0.304931313 0.940399587 56 0.873916745 55 0.126083255 0 0 0 0 0 0 0 0 
-5.27900171 3.07245922 0.304767758 0.142730221 -0.949296415 0.280114889 56 0.983633995 57 0.0163659863 0 0 0 0 0 0 0 0 
-5.26647949 3.0898695 0.357510865 0.142730221 -0.949296415 0.280114889 56 0.977864921 57 0.0221351068 0 0 0 0 0 0 0 0 
-5.3290844 3.08466339 0.371647298 0.142730221 -0.949296415 0.280114889 56 0.819287002 57 0.180712998 0 0 0 0 0 0 0 0 
-5.34173584 3.06820178 0.32242617 0.142730221 -0.949296415 0.280114889 56 0.826924503 57 0.173075467 0 0 0 0 0 0 0 0 
-5.27900171 3.07245922 0.304767758 -0.0276891757 -0.944364965 -0.327732056 56 0.983633995 57 0.0163659863 0 0 0 0 0 0 0 0 
-5.34173584 3.06820178 0.32242617 -0.0276891757 -0.944364965 -0.327732056 56 0.826924503 57 0.173075467 0 0 0 0 0 0 0 0 
-5.35864115 3.08522987 0.274697512 -0.0276891757 -0.944364965 -0.327732056 56 0.828301847 57 0.171698183 0 0 0 0 0 0 0 0 
-5.29605389 3.09074306 0.253614068 -0.0276891757 -0.944364965 -0.327732056 56 0.98277849 57 0.0172215141 0 0 0 0 0 0 0 0 
-5.27900171 3.07245922 0.304767758 -0.0255153552 -0.943893194 -0.329263866 56 0.983633995 57 0.0163659863 0 0 0 0 0 0 0 0 
-5.29605389 3.09074306 0.253614068 -0.0255153552 -0.943893194 -0.329263866 56 0.98277849 57 0.0172215141 0 0 0 0 0 0 0 0 
-5.22678375 3.09668016 0.231287509 -0.0255153552 -0.943893194 -0.329263866 56 1 0 0 0 0 0 0 0 0 0 0 
-5.20913506 3.07701564 0.286230981 -0.0255153552 -0.943893194 -0.329263866 56 1 0 0 0 0 0 0 0 0 0 0 
-5.27900171 3.07245922 0.304767758 0.136233389 -0.950013578 0.280917794 56 0.983633995 57 0.0163659863 0 0 0 0 0 0 0 0 
-5.20913506 3.07701564 0.286230981 0.136233389 -0.950013578 0.280917794 56 1 0 0 0 0 0 0 0 0 0 0 
-5.19608402 3.09559751 0.342805058 0.136233389 -0.950013578 0.280917794 56 1 0 0 0 0 0 0 0 0 0 0 
-5.26647949 3.0898695 0.357510865 0.136233389 -0.950013578 0.280917794 56 0.977864921 57 0.0221351068 0 0 0 0 0 0 0 0 
-5.30777645 3.14442992 0.238682032 -0.27811566 -0.313428551 -0.907972634 56 0.987030864 57 0.0129691428 0 0 0 0 0 0 0 0 
-5.29605389 3.09074306 0.253614068 -0.27811566 -0.313428551 -0.907972634 56 0.98277849 57 0.0172215141 0 0 0 0 0 0 0 0 
-5.35864115 3.08522987 0.274697512 -0.27811566 -0.313428551 -0.907972634 56 0.828301847 57 0.171698183 0 0 0 0 0 0 0 0 
-5.36994743 3.13555837 0.26077798 -0.27811566 -0.313428551 -0.907972634 56 0.833455503 57 0.166544512 0 0 0 0 0 0 0 0 
-5.30777645 3.14442992 0.238682032 -0.357506186 0.31238538 -0.880116284 56 0.987030864 57 0.0129691428 0 0 0 0 0 0 0 0 
-5.36994743 3.13555837 0.26077798 -0.357506186 0.31238538 -0.880116284 56 0.833455503 57 0.166544512 0 0 0 0 0 0 0 0 
-5.37140226 3.18569803 0.279175043 -0.357506186 0.31238538 -0.880116284 56 0.828362465 57 0.171637565 0 0 0 0 0 0 0 0 
-5.30964088 3.19782567 0.258382261 -0.357506186 0.31238538 -0.880116284 56 0.982965946 57 0.0170340464 0 0 0 0 0 0 0 0 
-5.30777645 3.14442992 0.238682032 -0.346136659 0.314204514 -0.884005129 56 0.987030864 57 0.0129691428 0 0 0 0 0 0 0 0 
-5.30964088 3.19782567 0.258382261 -0.346136659 0.314204514 -0.884005129 56 0.982965946 57 0.0170340464 0 0 0 0 0 0 0 0 
-5.24057484 3.21141934 0.236179247 -0.346136659 0.314204514 -0.884005129 56 0.999948144 55 5.18523593e-05 0 0 0 0 0 0 0 0 
-5.23879576 3.15423012 0.215147123 -0.346136659 0.314204514 -0.884005129 56 1 0 0 0 0 0 0 0 0 0 0 
-5.30777645 3.14442992 0.238682032 -0.267020285 -0.311699212 -0.911890149 56 0.987030864 57 0.0129691428 0 0 0 0 0 0 0 0 
-5.23879576 3.15423012 0.215147123 -0.267020285 -0.311699212 -0.911890149 56 1 0 0 0 0 0 0 0 0 0 0 
-5.22678375 3.09668016 0.231287509 -0.267020285 -0.311699212 -0.911890149 56 1 0 0 0 0 0 0 0 0 0 0 
-5.29605389 3.09074306 0.253614068 -0.267020285 -0.311699212 -0.911890149 56 0.98277849 57 0.0172215141 0 0 0 0 0 0 0 0 
-5.29711866 3.21523595 0.311125398 -0.265807152 0.932590902 -0.244173825 56 0.983894885 57 0.0161051434 0 0 0 0 0 0 0 0 
-5.30964088 3.19782567 0.258382261 -0.265807152 0.932590902 -0.244173825 56 0.982965946 57 0.0170340464 0 0 0 0 0 0 0 0 
-5.37140226 3.18569803 0.279175043 -0.265807152 0.932590902 -0.244173825 56 0.828362465 57 0.171637565 0 0 0 0 0 0 0 0 
-5.3587513 3.2021594 0.328396201 -0.265807152 0.932590902 -0.244173825 56 0.827014089 57 0.172985882 0 0 0 0 0 0 0 0 
-5.29711866 3.21523595 0.311125398 -0.0952565446 0.926659942 0.363631219 56 0.983894885 57 0.0161051434 0 0 0 0 0 0 0 0 
-5.3587513 3.2021594 0.328396201 -0.0952565446 0.926659942 0.363631219 56 0.827014089 57 0.172985882 0 0 0 0 0 0 0 0 
-5.34184599 3.18513179 0.376124859 -0.0952565446 0.926659942 0.363631219 56 0.819360018 57 0.180639982 0 0 0 0 0 0 0 0 
-5.28006697 3.1969521 0.362279087 -0.0952565446 0.926659942 0.363631219 56 0.978075206 57 0.0219247956 0 0 0 0 0 0 0 0 
-5.29711866 3.21523595 0.311125398 -0.100624509 0.925915182 0.364082366 56 0.983894885 57 0.0161051434 0 0 0 0 0 0 0 0 
-5.28006697 3.1969521 0.362279087 -0.100624509 0.925915182 0.364082366 56 0.978075206 57 0.0219247956 0 0 0 0 0 0 0 0 
-5.20987511 3.21033669 0.347696811 -0.100624509 0.925915182 0.364082366 56 1 0 0 0 0 0 0 0 0 0 0 
-5.22752333 3.23000097 0.292753309 -0.100624509 0.925915182 0.364082366 56 1 0 0 0 0 0 0 0 0 0 0 
-5.29711866 3.21523595 0.311125398 -0.262734294 0.933050632 -0.245738342 56 0.983894885 57 0.0161051434 0 0 0 0 0 0 0 0 
-5.22752333 3.23000097 0.292753309 -0.262734294 0.933050632 -0.245738342 56 1 0 0 0 0 0 0 0 0 0 0 
-5.24057484 3.21141934 0.236179247 -0.262734294 0.933050632 -0.245738342 56 0.999948144 55 5.18523593e-05 0 0 0 0 0 0 0 0 
-5.30964088 3.19782567 0.258382261 -0.262734294 0.933050632 -0.245738342 56 0.982965946 57 0.0170340464 0 0 0 0 0 0 0 0 
-5.26834393 3.14326525 0.377211124 0.154492989 0.29569155 0.942708015 56 0.980535746 57 0.0194642264 0 0 0 0 0 0 0 0 
-5.28006697 3.1969521 0.362279087 0.154492989 0.29569155 0.942708015 56 0.978075206 57 0.0219247956 0 0 0 0 0 0 0 0 
-5.34184599 3.18513179 0.376124859 0.154492989 0.29569155 0.942708015 56 0.819360018 57 0.180639982 0 0 0 0 0 0 0 0 
-5.33053923 3.1348033 0.390044391 0.154492989 0.29569155 0.942708015 56 0.820546508 57 0.179453507 0 0 0 0 0 0 0 0 
-5.26834393 3.14326525 0.377211124 0.233756572 -0.329151452 0.914886534 56 0.980535746 57 0.0194642264 0 0 0 0 0 0 0 0 
-5.33053923 3.1348033 0.390044391 0.233756572 -0.329151452 0.914886534 56 0.820546508 57 0.179453507 0 0 0 0 0 0 0 0 
-5.3290844 3.08466339 0.371647298 0.233756572 -0.329151452 0.914886534 56 0.819287002 57 0.180712998 0 0 0 0 0 0 0 0 
-5.26647949 3.0898695 0.357510865 0.233756572 -0.329151452 0.914886534 56 0.977864921 57 0.0221351068 0 0 0 0 0 0 0 0 
-5.26834393 3.14326525 0.377211124 0.218786225 -0.330903858 0.917951643 56 0.980535746 57 0.0194642264 0 0 0 0 0 0 0 0 
-5.26647949 3.0898695 0.357510865 0.218786225 -0.330903858 0.917951643 56 0.977864921 57 0.0221351068 0 0 0 0 0 0 0 0 
-5.19608402 3.09559751 0.342805058 0.218786225 -0.330903858 0.917951643 56 1 0 0 0 0 0 0 0 0 0 0 
-5.19786263 3.15278673 0.363837183 0.218786225 -0.330903858 0.917951643 56 1 0 0 0 0 0 0 0 0 0 0 
-5.26834393 3.14326525 0.377211124 0.14002955 0.293990463 0.945495307 56 0.980535746 57 0.0194642264 0 0 0 0 0 0 0 0 
-5.19786263 3.15278673 0.363837183 0.14002955 0.293990463 0.945495307 56 1 0 0 0 0 0 0 0 0 0 0 
-5.20987511 3.21033669 0.347696811 0.14002955 0.293990463 0.945495307 56 1 0 0 0 0 0 0 0 0 0 0 
-5.28006697 3.1969521 0.362279087 0.14002955 0.293990463 0.945495307 56 0.978075206 57 0.0219247956 0 0 0 0 0 0 0 0 
-5.39561367 3.06423593 0.339747161 0.168061838 -0.946714699 0.274748087 57 0.82280159 56 0.177198425 0 0 0 0 0 0 0 0 
-5.38279057 3.07993507 0.386062354 0.168061838 -0.946714699 0.274748087 57 0.812199354 56 0.187800646 0 0 0 0 0 0 0 0 
-5.43075562 3.07555318 0.400241166 0.168061838 -0.946714699 0.274748087 57 0.959713578 56 0.0402864143 0 0 0 0 0 0 0 0 
-5.44357252 3.06053114 0.35638234 0.168061838 -0.946714699 0.274748087 57 0.966473937 56 0.0335260369 0 0 0 0 0 0 0 0 
-5.39561367 3.06423593 0.339747161 -0.0382204913 -0.945923269 -0.322130889 57 0.82280159 56 0.177198425 0 0 0 0 0 0 0 0 
-5.44357252 3.06053114 0.35638234 -0.0382204913 -0.945923269 -0.322130889 57 0.966473937 56 0.0335260369 0 0 0 0 0 0 0 0 
-5.46022654 3.07565904 0.313869417 -0.0382204913 -0.945923269 -0.322130889 57 0.963434458 56 0.0365655348 0 0 0 0 0 0 0 0 
-5.412467 3.08023047 0.2948457 -0.0382204913 -0.945923269 -0.322130889 57 0.816392601 56 0.183607399 0 0 0 0 0 0 0 0 
-5.39561367 3.06423593 0.339747161 -0.0342115797 -0.945260406 -0.32451883 57 0.82280159 56 0.177198425 0 0 0 0 0 0 0 0 
-5.412467 3.08023047 0.2948457 -0.0342115797 -0.945260406 -0.32451883 57 0.816392601 56 0.183607399 0 0 0 0 0 0 0 0 
-5.35864115 3.08522987 0.274697512 -0.0342115797 -0.945260406 -0.32451883 56 0.828301847 57 0.171698183 0 0 0 0 0 0 0 0 
-5.34173584 3.06820178 0.32242617 -0.0342115797 -0.945260406 -0.32451883 56 0.826924503 57 0.173075467 0 0 0 0 0 0 0 0 
-5.39561367 3.06423593 0.339747161 0.158270359 -0.947787762 0.27685529 57 0.82280159 56 0.177198425 0 0 0 0 0 0 0 0 
-5.34173584 3.06820178 0.32242617 0.158270359 -0.947787762 0.27685529 56 0.826924503 57 0.173075467 0 0 0 0 0 0 0 0 
-5.3290844 3.08466339 0.371647298 0.158270359 -0.947787762 0.27685529 56 0.819287002 57 0.180712998 0 0 0 0 0 0 0 0 
-5.38279057 3.07993507 0.386062354 0.158270359 -0.947787762 0.27685529 57 0.812199354 56 0.187800646 0 0 0 0 0 0 0 0 
-5.42345715 3.12782001 0.281763583 -0.323889464 -0.319752812 -0.890423298 57 0.825649798 56 0.174350202 0 0 0 0 0 0 0 0 
-5.412467 3.08023047 0.2948457 -0.323889464 -0.319752812 -0.890423298 57 0.816392601 56 0.183607399 0 0 0 0 0 0 0 0 
-5.46022654 3.07565904 0.313869417 -0.323889464 -0.319752812 -0.890423298 57 0.963434458 56 0.0365655348 0 0 0 0 0 0 0 0 
-5.47089243 3.12090111 0.301492959 -0.323889464 -0.319752812 -0.890423298 57 0.968849897 56 0.0311500989 0 0 0 0 0 0 0 0 
-5.42345715 3.12782001 0.281763583 -0.403455615 0.305452853 -0.862509191 57 0.825649798 56 0.174350202 0 0 0 0 0 0 0 0 
-5.47089243 3.12090111 0.301492959 -0.403455615 0.305452853 -0.862509191 57 0.968849897 56 0.0311500989 0 0 0 0 0 0 0 0 
-5.47173595 3.16610885 0.317907095 -0.403455615 0.305452853 -0.862509191 57 0.963465631 56 0.0365343802 0 0 0 0 0 0 0 0 
-5.42455578 3.17531085 0.299086988 -0.403455615 0.305452853 -0.862509191 57 0.816433012 56 0.183566988 0 0 0 0 0 0 0 0 
-5.42345715 3.12782001 0.281763583 -0.385791391 0.308085501 -0.86962539 57 0.825649798 56 0.174350202 0 0 0 0 0 0 0 0 
-5.42455578 3.17531085 0.299086988 -0.385791391 0.308085501 -0.86962539 57 0.816433012 56 0.183566988 0 0 0 0 0 0 0 0 
-5.37140226 3.18569803 0.279175043 -0.385791391 0.308085501 -0.86962539 56 0.828362465 57 0.171637565 0 0 0 0 0 0 0 0 
-5.36994743 3.13555837 0.26077798 -0.385791391 0.308085501 -0.86962539 56 0.833455503 57 0.166544512 0 0 0 0 0 0 0 0 
-5.42345715 3.12782001 0.281763583 -0.306298703 -0.317240953 -0.897518337 57 0.825649798 56 0.174350202 0 0 0 0 0 0 0 0 
-5.36994743 3.13555837 0.26077798 -0.306298703 -0.317240953 -0.897518337 56 0.833455503 57 0.166544512 0 0 0 0 0 0 0 0 
-5.35864115 3.08522987 0.274697512 -0.306298703 -0.317240953 -0.897518337 56 0.828301847 57 0.171698183 0 0 0 0 0 0 0 0 
-5.412467 3.08023047 0.2948457 -0.306298703 -0.317240953 -0.897518337 57 0.816392601 56 0.183607399 0 0 0 0 0 0 0 0 
-5.41173267 3.19100952 0.345402211 -0.277072698 0.930821836 -0.238330513 57 0.822855413 56 0.177144617 0 0 0 0 0 0 0 0 
-5.42455578 3.17531085 0.299086988 -0.277072698 0.930821836 -0.238330513 57 0.816433012 56 0.183566988 0 0 0 0 0 0 0 0 
-5.47173595 3.16610885 0.317907095 -0.277072698 0.930821836 -0.238330513 57 0.963465631 56 0.0365343802 0 0 0 0 0 0 0 0 
-5.45891905 3.18113089 0.361765891 -0.277072698 0.930821836 -0.238330513 57 0.966516495 56 0.0334834792 0 0 0 0 0 0 0 0 
-5.41173267 3.19100952 0.345402211 -0.0709018707 0.930807412 0.358567208 57 0.822855413 56 0.177144617 0 0 0 0 0 0 0 0 
-5.45891905 3.18113089 0.361765891 -0.0709018707 0.930807412 0.358567208 57 0.966516495 56 0.0334834792 0 0 0 0 0 0 0 0 
-5.44226503 3.16600323 0.404278845 -0.0709018707 0.930807412 0.358567208 57 0.959742129 56 0.0402578488 0 0 0 0 0 0 0 0 
-5.39487934 3.17501521 0.390303671 -0.0709018707 0.930807412 0.358567208 57 0.812229395 56 0.187770605 0 0 0 0 0 0 0 0 
-5.41173267 3.19100952 0.345402211 -0.0803457499 0.929270089 0.360557407 57 0.822855413 56 0.177144617 0 0 0 0 0 0 0 0 
-5.39487934 3.17501521 0.390303671 -0.0803457499 0.929270089 0.360557407 57 0.812229395 56 0.187770605 0 0 0 0 0 0 0 0 
-5.34184599 3.18513179 0.376124859 -0.0803457499 0.929270089 0.360557407 56 0.819360018 57 0.180639982 0 0 0 0 0 0 0 0 
-5.3587513 3.2021594 0.328396201 -0.0803457499 0.929270089 0.360557407 56 0.827014089 57 0.172985882 0 0 0 0 0 0 0 0 
-5.41173267 3.19100952 0.345402211 -0.272778571 0.931450009 -0.24081704 57 0.822855413 56 0.177144617 0 0 0 0 0 0 0 0 
-5.3587513 3.2021594 0.328396201 -0.272778571 0.931450009 -0.24081704 56 0.827014089 57 0.172985882 0 0 0 0 0 0 0 0 
-5.37140226 3.18569803 0.279175043 -0.272778571 0.931450009 -0.24081704 56 0.828362465 57 0.171637565 0 0 0 0 0 0 0 0 
-5.42455578 3.17531085 0.299086988 -0.272778571 0.931450009 -0.24081704 57 0.816433012 56 0.183566988 0 0 0 0 0 0 0 0 
-5.3838892 3.12742591 0.403385788 0.215560675 0.304710716 0.927731097 57 0.820078671 56 0.179921299 0 0 0 0 0 0 0 0 
-5.39487934 3.17501521 0.390303671 0.215560675 0.304710716 0.927731097 57 0.812229395 56 0.187770605 0 0 0 0 0 0 0 0 
-5.44226503 3.16600323 0.404278845 0.215560675 0.304710716 0.927731097 57 0.959742129 56 0.0402578488 0 0 0 0 0 0 0 0 
-5.43159866 3.12076044 0.416655302 0.215560675 0.304710716 0.927731097 57 0.964045584 56 0.0359543972 0 0 0 0 0 0 0 0 
-5.3838892 3.12742591 0.403385788 0.295238495 -0.321291536 0.899781168 57 0.820078671 56 0.179921299 0 0 0 0 0 0 0 0 
-5.43159866 3.12076044 0.416655302 0.295238495 -0.321291536 0.899781168 57 0.964045584 56 0.0359543972 0 0 0 0 0 0 0 0 
-5.43075562 3.07555318 0.400241166 0.295238495 -0.321291536 0.899781168 57 0.959713578 56 0.0402864143 0 0 0 0 0 0 0 0 
-5.38279057 3.07993507 0.386062354 0.295238495 -0.321291536 0.899781168 57 0.812199354 56 0.187800646 0 0 0 0 0 0 0 0 
-5.3838892 3.12742591 0.403385788 0.271605611 -0.32441175 0.906083584 57 0.820078671 56 0.179921299 0 0 0 0 0 0 0 0 
-5.38279057 3.07993507 0.386062354 0.271605611 -0.32441175 0.906083584 57 0.812199354 56 0.187800646 0 0 0 0 0 0 0 0 
-5.3290844 3.08466339 0.371647298 0.271605611 -0.32441175 0.906083584 56 0.819287002 57 0.180712998 0 0 0 0 0 0 0 0 
-5.33053923 3.1348033 0.390044391 0.271605611 -0.32441175 0.906083584 56 0.820546508 57 0.179453507 0 0 0 0 0 0 0 0 
-5.3838892 3.12742591 0.403385788 0.192067757 0.301290333 0.933988333 57 0.820078671 56 0.179921299 0 0 0 0 0 0 0 0 
-5.33053923 3.1348033 0.390044391 0.192067757 0.301290333 0.933988333 56 0.820546508 57 0.179453507 0 0 0 0 0 0 0 0 
-5.34184599 3.18513179 0.376124859 0.192067757 0.301290333 0.933988333 56 0.819360018 57 0.180639982 0 0 0 0 0 0 0 0 
-5.39487934 3.17501521 0.390303671 0.192067757 0.301290333 0.933988333 57 0.812229395 56 0.187770605 0 0 0 0 0 0 0 0 
-5.48855019 3.05705619 0.37198326 -0.207401156 -0.883132398 0.420787305 57 1 0 0 0 0 0 0 0 0 0 0 
-5.47613811 3.07138705 0.413668841 -0.207401156 -0.883132398 0.420787305 57 1 0 0 0 0 0 0 0 0 0 0 
-5.50549698 3.07975578 0.411271572 -0.207401156 -0.883132398 0.420787305 57 1 0 0 0 0 0 0 0 0 0 0 
-5.52290297 3.06818819 0.383905709 -0.207401156 -0.883132398 0.420787305 57 1 0 0 0 0 0 0 0 0 0 0 
-5.48855019 3.05705619 0.37198326 -0.423703343 -0.88282162 -0.202735052 57 1 0 0 0 0 0 0 0 0 0 0 
-5.52290297 3.06818819 0.383905709 -0.423703343 -0.88282162 -0.202735052 57 1 0 0 0 0 0 0 0 0 0 0 
-5.52617979 3.07978582 0.35164997 -0.423703343 -0.88282162 -0.202735052 57 1 0 0 0 0 0 0 0 0 0 0 
-5.50461531 3.07142782 0.331579328 -0.423703343 -0.88282162 -0.202735052 57 1 0 0 0 0 0 0 0 0 0 0 
-5.48855019 3.05705619 0.37198326 -0.0382554233 -0.946131289 -0.321515381 57 1 0 0 0 0 0 0 0 0 0 0 
-5.50461531 3.07142782 0.331579328 -0.0382554233 -0.946131289 -0.321515381 57 1 0 0 0 0 0 0 0 0 0 0 
-5.46022654 3.07565904 0.313869417 -0.0382554233 -0.946131289 -0.321515381 57 0.963434458 56 0.0365655348 0 0 0 0 0 0 0 0 
-5.44357252 3.06053114 0.35638234 -0.0382554233 -0.946131289 -0.321515381 57 0.966473937 56 0.0335260369 0 0 0 0 0 0 0 0 
-5.48855019 3.05705619 0.37198326 0.16843152 -0.946542263 0.27511549 57 1 0 0 0 0 0 0 0 0 0 0 
-5.44357252 3.06053114 0.35638234 0.16843152 -0.946542263 0.27511549 57 0.966473937 56 0.0335260369 0 0 0 0 0 0 0 0 
-5.43075562 3.07555318 0.400241166 0.16843152 -0.946542263 0.27511549 57 0.959713578 56 0.0402864143 0 0 0 0 0 0 0 0 
-5.47613811 3.07138705 0.413668841 0.16843152 -0.946542263 0.27511549 57 1 0 0 0 0 0 0 0 0 0 0 
-5.51484156 3.11448908 0.319820166 -0.650832355 -0.386642426 -0.653394938 57 1 0 0 0 0 0 0 0 0 0 0 
-5.50461531 3.07142782 0.331579328 -0.650832355 -0.386642426 -0.653394938 57 1 0 0 0 0 0 0 0 0 0 0 
-5.52617979 3.07978582 0.35164997 -0.650832355 -0.386642426 -0.653394938 57 1 0 0 0 0 0 0 0 0 0 0 
-5.54198074 3.10986328 0.346054554 -0.650832355 -0.386642426 -0.653394938 57 1 0 0 0 0 0 0 0 0 0 0 
-5.51484156 3.11448908 0.319820166 -0.734078407 0.267409354 -0.62419647 57 1 0 0 0 0 0 0 0 0 0 0 
-5.54198074 3.10986328 0.346054554 -0.734078407 0.267409354 -0.62419647 57 1 0 0 0 0 0 0 0 0 0 0 
-5.53414059 3.14232635 0.354442537 -0.734078407 0.267409354 -0.62419647 57 1 0 0 0 0 0 0 0 0 0 0 
-5.51557541 3.15753651 0.335424185 -0.734078407 0.267409354 -0.62419647 57 1 0 0 0 0 0 0 0 0 0 0 
-5.51484156 3.11448908 0.319820166 -0.404173642 0.305556595 -0.862136185 57 1 0 0 0 0 0 0 0 0 0 0 
-5.51557541 3.15753651 0.335424185 -0.404173642 0.305556595 -0.862136185 57 1 0 0 0 0 0 0 0 0 0 0 
-5.47173595 3.16610885 0.317907095 -0.404173642 0.305556595 -0.862136185 57 0.963465631 56 0.0365343802 0 0 0 0 0 0 0 0 
-5.47089243 3.12090111 0.301492959 -0.404173642 0.305556595 -0.862136185 57 0.968849897 56 0.0311500989 0 0 0 0 0 0 0 0 
-5.51484156 3.11448908 0.319820166 -0.324539214 -0.320066154 -0.890074193 57 1 0 0 0 0 0 0 0 0 0 0 
-5.47089243 3.12090111 0.301492959 -0.324539214 -0.320066154 -0.890074193 57 0.968849897 56 0.0311500989 0 0 0 0 0 0 0 0 
-5.46022654 3.07565904 0.313869417 -0.324539214 -0.320066154 -0.890074193 57 0.963434458 56 0.0365655348 0 0 0 0 0 0 0 0 
-5.50461531 3.07142782 0.331579328 -0.324539214 -0.320066154 -0.890074193 57 1 0 0 0 0 0 0 0 0 0 0 
-5.50316381 3.17186761 0.377109766 -0.633184373 0.763135076 -0.129237711 57 1 0 0 0 0 0 0 0 0 0 0 
-5.51557541 3.15753651 0.335424185 -0.633184373 0.763135076 -0.129237711 57 1 0 0 0 0 0 0 0 0 0 0 
-5.53414059 3.14232635 0.354442537 -0.633184373 0.763135076 -0.129237711 57 1 0 0 0 0 0 0 0 0 0 0 
-5.53350735 3.15149879 0.387625664 -0.633184373 0.763135076 -0.129237711 57 1 0 0 0 0 0 0 0 0 0 0 
-5.50316381 3.17186761 0.377109766 -0.416899145 0.762817562 0.494271696 57 1 0 0 0 0 0 0 0 0 0 0 
-5.53350735 3.15149879 0.387625664 -0.416899145 0.762817562 0.494271696 57 1 0 0 0 0 0 0 0 0 0 0 
-5.51345778 3.14229655 0.414064109 -0.416899145 0.762817562 0.494271696 57 1 0 0 0 0 0 0 0 0 0 0 
-5.48709917 3.1574955 0.417513728 -0.416899145 0.762817562 0.494271696 57 1 0 0 0 0 0 0 0 0 0 0 
-5.50316381 3.17186761 0.377109766 -0.0705118477 0.930692494 0.358942449 57 1 0 0 0 0 0 0 0 0 0 0 
-5.48709917 3.1574955 0.417513728 -0.0705118477 0.930692494 0.358942449 57 1 0 0 0 0 0 0 0 0 0 0 
-5.44226503 3.16600323 0.404278845 -0.0705118477 0.930692494 0.358942449 57 0.959742129 56 0.0402578488 0 0 0 0 0 0 0 0 
-5.45891905 3.18113089 0.361765891 -0.0705118477 0.930692494 0.358942449 57 0.966516495 56 0.0334834792 0 0 0 0 0 0 0 0 
-5.50316381 3.17186761 0.377109766 -0.277175486 0.930952311 -0.237700537 57 1 0 0 0 0 0 0 0 0 0 0 
-5.45891905 3.18113089 0.361765891 -0.277175486 0.930952311 -0.237700537 57 0.966516495 56 0.0334834792 0 0 0 0 0 0 0 0 
-5.47173595 3.16610885 0.317907095 -0.277175486 0.930952311 -0.237700537 57 0.963465631 56 0.0365343802 0 0 0 0 0 0 0 0 
-5.51557541 3.15753651 0.335424185 -0.277175486 0.930952311 -0.237700537 57 1 0 0 0 0 0 0 0 0 0 0 
-5.47687244 3.11443448 0.42927286 -0.189760506 0.266631365 0.944933236 57 1 0 0 0 0 0 0 0 0 0 0 
-5.48709917 3.1574955 0.417513728 -0.189760506 0.266631365 0.944933236 57 1 0 0 0 0 0 0 0 0 0 0 
-5.51345778 3.14229655 0.414064109 -0.189760506 0.266631365 0.944933236 57 1 0 0 0 0 0 0 0 0 0 0 
-5.51442909 3.10982347 0.425476819 -0.189760506 0.266631365 0.944933236 57 1 0 0 0 0 0 0 0 0 0 0 
-5.47687244 3.11443448 0.42927286 -0.106511541 -0.38743034 0.91572541 57 1 0 0 0 0 0 0 0 0 0 0 
-5.51442909 3.10982347 0.425476819 -0.106511541 -0.38743034 0.91572541 57 1 0 0 0 0 0 0 0 0 0 0 
-5.50549698 3.07975578 0.411271572 -0.106511541 -0.38743034 0.91572541 57 1 0 0 0 0 0 0 0 0 0 0 
-5.47613811 3.07138705 0.413668841 -0.106511541 -0.38743034 0.91572541 57 1 0 0 0 0 0 0 0 0 0 0 
-5.47687244 3.11443448 0.42927286 0.295650542 -0.321124017 0.899705529 57 1 0 0 0 0 0 0 0 0 0 0 
-5.47613811 3.07138705 0.413668841 0.295650542 -0.321124017 0.899705529 57 1 0 0 0 0 0 0 0 0 0 0 
-5.43075562 3.07555318 0.400241166 0.295650542 -0.321124017 0.899705529 57 0.959713578 56 0.0402864143 0 0 0 0 0 0 0 0 
-5.43159866 3.12076044 0.416655302 0.295650542 -0.321124017 0.899705529 57 0.964045584 56 0.0359543972 0 0 0 0 0 0 0 0 
-5.47687244 3.11443448 0.42927286 0.215990096 0.304651499 0.92765063 57 1 0 0 0 0 0 0 0 0 0 0 
-5.43159866 3.12076044 0.416655302 0.215990096 0.304651499 0.92765063 57 0.964045584 56 0.0359543972 0 0 0 0 0 0 0 0 
-5.44226503 3.16600323 0.404278845 0.215990096 0.304651499 0.92765063 57 0.959742129 56 0.0402578488 0 0 0 0 0 0 0 0 
-5.48709917 3.1574955 0.417513728 0.215990096 0.304651499 0.92765063 57 1 0 0 0 0 0 0 0 0 0 0 
-4.64069796 2.99260139 0.363033414 0.301634818 -0.940456271 -0.156711251 44 0.923819721 55 0.0640401393 43 0.0121401371 0 0 0 0 0 0 
-4.55123997 3.01939392 0.388090312 0.301634818 -0.940456271 -0.156711251 44 0.954135716 43 0.0458642542 0 0 0 0 0 0 0 0 
-4.59652567 2.99159002 0.45412302 0.301634818 -0.940456271 -0.156711251 44 1 0 0 0 0 0 0 0 0 0 0 
-4.67126465 2.97424817 0.427998245 0.301634818 -0.940456271 -0.156711251 44 1 0 0 0 0 0 0 0 0 0 0 
-4.64069796 2.99260139 0.363033414 -0.169511899 -0.918649971 -0.356858432 44 0.923819721 55 0.0640401393 43 0.0121401371 0 0 0 0 0 0 
-4.67126465 2.97424817 0.427998245 -0.169511899 -0.918649971 -0.356858432 44 1 0 0 0 0 0 0 0 0 0 0 
-4.7380867 2.99474955 0.403764069 -0.169511899 -0.918649971 -0.356858432 44 0.938049078 55 0.0619509183 0 0 0 0 0 0 0 0 
-4.72233438 3.01815701 0.339223862 -0.169511899 -0.918649971 -0.356858432 44 0.789381564 55 0.210618436 0 0 0 0 0 0 0 0 
-4.64069796 2.99260139 0.363033414 -0.242532432 -0.86846751 -0.43236807 44 0.923819721 55 0.0640401393 43 0.0121401371 0 0 0 0 0 0 
-4.72233438 3.01815701 0.339223862 -0.242532432 -0.86846751 -0.43236807 44 0.789381564 55 0.210618436 0 0 0 0 0 0 0 0 
-4.74486589 3.06583667 0.274363577 -0.242532432 -0.86846751 -0.43236807 55 0.634750605 44 0.313164204 43 0.0294973124 52 0.0225878581 0 0 0 0 
-4.61941242 3.01229167 0.293272495 -0.242532432 -0.86846751 -0.43236807 44 0.77251929 55 0.115479842 43 0.112000853 0 0 0 0 0 0 
-4.64069796 2.99260139 0.363033414 0.377489567 -0.903320849 -0.203748062 44 0.923819721 55 0.0640401393 43 0.0121401371 0 0 0 0 0 0 
-4.61941242 3.01229167 0.293272495 0.377489567 -0.903320849 -0.203748062 44 0.77251929 55 0.115479842 43 0.112000853 0 0 0 0 0 0 
-4.49677801 3.06593561 0.304551512 0.377489567 -0.903320849 -0.203748062 44 0.801650405 43 0.183660895 55 0.0146886772 0 0 0 0 0 0 
-4.55123997 3.01939392 0.388090312 0.377489567 -0.903320849 -0.203748062 44 0.954135716 43 0.0458642542 0 0 0 0 0 0 0 0 
-4.73963547 3.07510924 0.327659667 -0.871627569 -0.345802963 -0.34739843 44 0.780389309 55 0.219610706 0 0 0 0 0 0 0 0 
-4.72233438 3.01815701 0.339223862 -0.871627569 -0.345802963 -0.34739843 44 0.789381564 55 0.210618436 0 0 0 0 0 0 0 0 
-4.7380867 2.99474955 0.403764069 -0.871627569 -0.345802963 -0.34739843 44 0.938049078 55 0.0619509183 0 0 0 0 0 0 0 0 
-4.75521183 3.04638815 0.393612385 -0.871627569 -0.345802963 -0.34739843 44 0.938972592 55 0.061027389 0 0 0 0 0 0 0 0 
-4.73963547 3.07510924 0.327659667 -0.975645423 0.171150908 -0.137198105 44 0.780389309 55 0.219610706 0 0 0 0 0 0 0 0 
-4.75521183 3.04638815 0.393612385 -0.975645423 0.171150908 -0.137198105 44 0.938972592 55 0.061027389 0 0 0 0 0 0 0 0 
-4.74276066 3.10949206 0.392774522 -0.975645423 0.171150908 -0.137198105 44 0.996239781 55 0.00376023445 0 0 0 0 0 0 0 0 
-4.72723389 3.15024066 0.324209154 -0.975645423 0.171150908 -0.137198105 44 0.918275416 55 0.081724599 0 0 0 0 0 0 0 0 
-4.73963547 3.07510924 0.327659667 -0.52809304 0.280399352 0.801557243 44 0.780389309 55 0.219610706 0 0 0 0 0 0 0 0 
-4.72723389 3.15024066 0.324209154 -0.52809304 0.280399352 0.801557243 44 0.918275416 55 0.081724599 0 0 0 0 0 0 0 0 
-4.75356436 3.29461837 0.241695106 -0.52809304 0.280399352 0.801557243 44 0.74406451 55 0.232325584 43 0.0236098915 0 0 0 0 0 0 
-4.77022934 3.18243098 0.284621686 -0.52809304 0.280399352 0.801557243 55 0.552528143 44 0.447471827 0 0 0 0 0 0 0 0 
-4.73963547 3.07510924 0.327659667 -0.962374508 -0.235570014 0.135432869 44 0.780389309 55 0.219610706 0 0 0 0 0 0 0 0 
-4.77022934 3.18243098 0.284621686 -0.962374508 -0.235570014 0.135432869 55 0.552528143 44 0.447471827 0 0 0 0 0 0 0 0 
-4.74486589 3.06583667 0.274363577 -0.962374508 -0.235570014 0.135432869 55 0.634750605 44 0.313164204 43 0.0294973124 52 0.0225878581 0 0 0 0 
-4.72233438 3.01815701 0.339223862 -0.962374508 -0.235570014 0.135432869 44 0.789381564 55 0.210618436 0 0 0 0 0 0 0 0 
-4.64255047 3.17752528 0.343499154 -0.418854803 0.849432409 0.320975214 44 0.990176499 55 0.0098234918 0 0 0 0 0 0 0 0 
-4.72723389 3.15024066 0.324209154 -0.418854803 0.849432409 0.320975214 44 0.918275416 55 0.081724599 0 0 0 0 0 0 0 0 
-4.74276066 3.10949206 0.392774522 -0.418854803 0.849432409 0.320975214 44 0.996239781 55 0.00376023445 0 0 0 0 0 0 0 0 
-4.6774683 3.14149666 0.41229108 -0.418854803 0.849432409 0.320975214 44 1 0 0 0 0 0 0 0 0 0 0 
-4.64255047 3.17752528 0.343499154 -0.0340741351 0.885596812 0.463203311 44 0.990176499 55 0.0098234918 0 0 0 0 0 0 0 0 
-4.6774683 3.14149666 0.41229108 -0.0340741351 0.885596812 0.463203311 44 1 0 0 0 0 0 0 0 0 0 0 
-4.60105133 3.12767291 0.441864759 -0.0340741351 0.885596812 0.463203311 44 1 0 0 0 0 0 0 0 0 0 0 
-4.55435944 3.167593 0.371453524 -0.0340741351 0.885596812 0.463203311 44 0.969640732 43 0.0303592514 0 0 0 0 0 0 0 0 
-4.64255047 3.17752528 0.343499154 -0.0487891138 0.675276041 0.735949695 44 0.990176499 55 0.0098234918 0 0 0 0 0 0 0 0 
-4.55435944 3.167593 0.371453524 -0.0487891138 0.675276041 0.735949695 44 0.969640732 43 0.0303592514 0 0 0 0 0 0 0 0 
-4.49939251 3.2460475 0.290116847 -0.0487891138 0.675276041 0.735949695 44 0.814251781 43 0.148188055 42 0.0375601761 0 0 0 0 0 0 
-4.59947681 3.26798892 0.276343465 -0.0487891138 0.675276041 0.735949695 44 0.849005699 43 0.0979847014 55 0.0530095883 0 0 0 0 0 0 
-4.64255047 3.17752528 0.343499154 -0.187227443 0.53740418 0.822278976 44 0.990176499 55 0.0098234918 0 0 0 0 0 0 0 0 
-4.59947681 3.26798892 0.276343465 -0.187227443 0.53740418 0.822278976 44 0.849005699 43 0.0979847014 55 0.0530095883 0 0 0 0 0 0 
-4.75356436 3.29461837 0.241695106 -0.187227443 0.53740418 0.822278976 44 0.74406451 55 0.232325584 43 0.0236098915 0 0 0 0 0 0 
-4.72723389 3.15024066 0.324209154 -0.187227443 0.53740418 0.822278976 44 0.918275416 55 0.081724599 0 0 0 0 0 0 0 0 
-4.52444744 3.11520815 0.403802633 0.437607586 0.572726548 0.693169475 44 0.96115315 43 0.0388468765 0 0 0 0 0 0 0 0 
-4.55435944 3.167593 0.371453524 0.437607586 0.572726548 0.693169475 44 0.969640732 43 0.0303592514 0 0 0 0 0 0 0 0 
-4.60105133 3.12767291 0.441864759 0.437607586 0.572726548 0.693169475 44 1 0 0 0 0 0 0 0 0 0 0 
-4.57441235 3.06573915 0.468269169 0.437607586 0.572726548 0.693169475 44 1 0 0 0 0 0 0 0 0 0 0 
-4.52444744 3.11520815 0.403802633 0.845517099 -0.318569243 0.428502649 44 0.96115315 43 0.0388468765 0 0 0 0 0 0 0 0 
-4.57441235 3.06573915 0.468269169 0.845517099 -0.318569243 0.428502649 44 1 0 0 0 0 0 0 0 0 0 0 
-4.59652567 2.99159002 0.45412302 0.845517099 -0.318569243 0.428502649 44 1 0 0 0 0 0 0 0 0 0 0 
-4.55123997 3.01939392 0.388090312 0.845517099 -0.318569243 0.428502649 44 0.954135716 43 0.0458642542 0 0 0 0 0 0 0 0 
-4.52444744 3.11520815 0.403802633 0.884196162 -0.27053085 0.380802035 44 0.96115315 43 0.0388468765 0 0 0 0 0 0 0 0 
-4.55123997 3.01939392 0.388090312 0.884196162 -0.27053085 0.380802035 44 0.954135716 43 0.0458642542 0 0 0 0 0 0 0 0 
-4.49677801 3.06593561 0.304551512 0.884196162 -0.27053085 0.380802035 44 0.801650405 43 0.183660895 55 0.0146886772 0 0 0 0 0 0 
-4.45948267 3.20152783 0.304428816 0.884196162 -0.27053085 0.380802035 44 0.768762589 43 0.194564983 42 0.0366724357 0 0 0 0 0 0 
-4.52444744 3.11520815 0.403802633 0.31652838 0.586905241 0.745219409 44 0.96115315 43 0.0388468765 0 0 0 0 0 0 0 0 
-4.45948267 3.20152783 0.304428816 0.31652838 0.586905241 0.745219409 44 0.768762589 43 0.194564983 42 0.0366724357 0 0 0 0 0 0 
-4.49939251 3.2460475 0.290116847 0.31652838 0.586905241 0.745219409 44 0.814251781 43 0.148188055 42 0.0375601761 0 0 0 0 0 0 
-4.55435944 3.167593 0.371453524 0.31652838 0.586905241 0.745219409 44 0.969640732 43 0.0303592514 0 0 0 0 0 0 0 0 
-4.69843006 2.95129061 0.483391672 0.485072672 -0.865247726 -0.126692131 44 0.925366402 45 0.0746336058 0 0 0 0 0 0 0 0 
-4.64199734 2.97545719 0.508515179 0.485072672 -0.865247726 -0.126692131 44 0.892899394 45 0.107100591 0 0 0 0 0 0 0 0 
-4.68149471 2.95005894 0.556644201 0.485072672 -0.865247726 -0.126692131 44 0.533862293 45 0.466137707 0 0 0 0 0 0 0 0 
-4.7231741 2.92682552 0.5298419 0.485072672 -0.865247726 -0.126692131 44 0.738729358 45 0.261270612 0 0 0 0 0 0 0 0 
-4.69843006 2.95129061 0.483391672 -0.00899036974 -0.866183698 -0.499644965 44 0.925366402 45 0.0746336058 0 0 0 0 0 0 0 0 
-4.7231741 2.92682552 0.5298419 -0.00899036974 -0.866183698 -0.499644965 44 0.738729358 45 0.261270612 0 0 0 0 0 0 0 0 
-4.768116 2.94151068 0.501599073 -0.00899036974 -0.866183698 -0.499644965 44 0.758605778 45 0.241394237 0 0 0 0 0 0 0 0 
-4.75289154 2.96935868 0.456640899 -0.00899036974 -0.866183698 -0.499644965 44 0.923479617 45 0.0765203685 0 0 0 0 0 0 0 0 
-4.69843006 2.95129061 0.483391672 -0.100096963 -0.89348644 -0.437792987 44 0.925366402 45 0.0746336058 0 0 0 0 0 0 0 0 
-4.75289154 2.96935868 0.456640899 -0.100096963 -0.89348644 -0.437792987 44 0.923479617 45 0.0765203685 0 0 0 0 0 0 0 0 
-4.7380867 2.99474955 0.403764069 -0.100096963 -0.89348644 -0.437792987 44 0.938049078 55 0.0619509183 0 0 0 0 0 0 0 0 
-4.67126465 2.97424817 0.427998245 -0.100096963 -0.89348644 -0.437792987 44 1 0 0 0 0 0 0 0 0 0 0 
-4.69843006 2.95129061 0.483391672 0.33834374 -0.934694409 -0.10894943 44 0.925366402 45 0.0746336058 0 0 0 0 0 0 0 0 
-4.67126465 2.97424817 0.427998245 0.33834374 -0.934694409 -0.10894943 44 1 0 0 0 0 0 0 0 0 0 0 
-4.59652567 2.99159002 0.45412302 0.33834374 -0.934694409 -0.10894943 44 1 0 0 0 0 0 0 0 0 0 0 
-4.64199734 2.97545719 0.508515179 0.33834374 -0.934694409 -0.10894943 44 0.892899394 45 0.107100591 0 0 0 0 0 0 0 0 
-4.77288151 3.02727985 0.445432246 -0.759416282 -0.385433197 -0.524145365 44 0.925876677 45 0.0741233453 0 0 0 0 0 0 0 0 
-4.75289154 2.96935868 0.456640899 -0.759416282 -0.385433197 -0.524145365 44 0.923479617 45 0.0765203685 0 0 0 0 0 0 0 0 
-4.768116 2.94151068 0.501599073 -0.759416282 -0.385433197 -0.524145365 44 0.758605778 45 0.241394237 0 0 0 0 0 0 0 0 
-4.78884125 2.99531245 0.48964259 -0.759416282 -0.385433197 -0.524145365 44 0.75577569 45 0.244224325 0 0 0 0 0 0 0 0 
-4.77288151 3.02727985 0.445432246 -0.953685582 0.230029047 -0.193831414 44 0.925876677 45 0.0741233453 0 0 0 0 0 0 0 0 
-4.78884125 2.99531245 0.48964259 -0.953685582 0.230029047 -0.193831414 44 0.75577569 45 0.244224325 0 0 0 0 0 0 0 0 
-4.77878189 3.04630661 0.497044027 -0.953685582 0.230029047 -0.193831414 44 0.763494909 45 0.236505121 0 0 0 0 0 0 0 0 
-4.7585268 3.08606577 0.448190421 -0.953685582 0.230029047 -0.193831414 44 0.926164806 45 0.0738351718 0 0 0 0 0 0 0 0 
-4.77288151 3.02727985 0.445432246 -0.953578174 0.21306327 -0.212820858 44 0.925876677 45 0.0741233453 0 0 0 0 0 0 0 0 
-4.7585268 3.08606577 0.448190421 -0.953578174 0.21306327 -0.212820858 44 0.926164806 45 0.0738351718 0 0 0 0 0 0 0 0 
-4.74276066 3.10949206 0.392774522 -0.953578174 0.21306327 -0.212820858 44 0.996239781 55 0.00376023445 0 0 0 0 0 0 0 0 
-4.75521183 3.04638815 0.393612385 -0.953578174 0.21306327 -0.212820858 44 0.938972592 55 0.061027389 0 0 0 0 0 0 0 0 
-4.77288151 3.02727985 0.445432246 -0.834866941 -0.363427103 -0.413422257 44 0.925876677 45 0.0741233453 0 0 0 0 0 0 0 0 
-4.75521183 3.04638815 0.393612385 -0.834866941 -0.363427103 -0.413422257 44 0.938972592 55 0.061027389 0 0 0 0 0 0 0 0 
-4.7380867 2.99474955 0.403764069 -0.834866941 -0.363427103 -0.413422257 44 0.938049078 55 0.0619509183 0 0 0 0 0 0 0 0 
-4.75289154 2.96935868 0.456640899 -0.834866941 -0.363427103 -0.413422257 44 0.923479617 45 0.0765203685 0 0 0 0 0 0 0 0 
-4.70609856 3.11122561 0.471758425 -0.559718907 0.757521391 0.335970342 44 0.928116381 45 0.071883589 0 0 0 0 0 0 0 0 
-4.7585268 3.08606577 0.448190421 -0.559718907 0.757521391 0.335970342 44 0.926164806 45 0.0738351718 0 0 0 0 0 0 0 0 
-4.77878189 3.04630661 0.497044027 -0.559718907 0.757521391 0.335970342 44 0.763494909 45 0.236505121 0 0 0 0 0 0 0 0 
-4.73775387 3.06794977 0.523644567 -0.559718907 0.757521391 0.335970342 44 0.74480778 45 0.25519225 0 0 0 0 0 0 0 0 
-4.70609856 3.11122561 0.471758425 -0.0928904489 0.803039551 0.588641524 44 0.928116381 45 0.071883589 0 0 0 0 0 0 0 0 
-4.73775387 3.06794977 0.523644567 -0.0928904489 0.803039551 0.588641524 44 0.74480778 45 0.25519225 0 0 0 0 0 0 0 0 
-4.69217348 3.05395508 0.552085042 -0.0928904489 0.803039551 0.588641524 44 0.534403086 45 0.465596914 0 0 0 0 0 0 0 0 
-4.6476965 3.09577036 0.499902517 -0.0928904489 0.803039551 0.588641524 44 0.895166814 45 0.104833201 0 0 0 0 0 0 0 0 
-4.70609856 3.11122561 0.471758425 -0.00649663666 0.885591984 0.46441865 44 0.928116381 45 0.071883589 0 0 0 0 0 0 0 0 
-4.6476965 3.09577036 0.499902517 -0.00649663666 0.885591984 0.46441865 44 0.895166814 45 0.104833201 0 0 0 0 0 0 0 0 
-4.60105133 3.12767291 0.441864759 -0.00649663666 0.885591984 0.46441865 44 1 0 0 0 0 0 0 0 0 0 0 
-4.6774683 3.14149666 0.41229108 -0.00649663666 0.885591984 0.46441865 44 1 0 0 0 0 0 0 0 0 0 0 
-4.70609856 3.11122561 0.471758425 -0.487778574 0.847874403 0.207800657 44 0.928116381 45 0.071883589 0 0 0 0 0 0 0 0 
-4.6774683 3.14149666 0.41229108 -0.487778574 0.847874403 0.207800657 44 1 0 0 0 0 0 0 0 0 0 0 
-4.74276066 3.10949206 0.392774522 -0.487778574 0.847874403 0.207800657 44 0.996239781 55 0.00376023445 0 0 0 0 0 0 0 0 
-4.7585268 3.08606577 0.448190421 -0.487778574 0.847874403 0.207800657 44 0.926164806 45 0.0738351718 0 0 0 0 0 0 0 0 
-4.62316895 3.0376277 0.516140699 0.495759338 0.4110502 0.765023172 44 0.89442277 45 0.105577216 0 0 0 0 0 0 0 0 
-4.6476965 3.09577036 0.499902517 0.495759338 0.4110502 0.765023172 44 0.895166814 45 0.104833201 0 0 0 0 0 0 0 0 
-4.69217348 3.05395508 0.552085042 0.495759338 0.4110502 0.765023172 44 0.534403086 45 0.465596914 0 0 0 0 0 0 0 0 
-4.67027712 3.00254416 0.564626396 0.495759338 0.4110502 0.765023172 44 0.509339869 45 0.490660101 0 0 0 0 0 0 0 0 
-4.62316895 3.0376277 0.516140699 0.795387864 -0.28150335 0.536762416 44 0.89442277 45 0.105577216 0 0 0 0 0 0 0 0 
-4.67027712 3.00254416 0.564626396 0.795387864 -0.28150335 0.536762416 44 0.509339869 45 0.490660101 0 0 0 0 0 0 0 0 
-4.68149471 2.95005894 0.556644201 0.795387864 -0.28150335 0.536762416 44 0.533862293 45 0.466137707 0 0 0 0 0 0 0 0 
-4.64199734 2.97545719 0.508515179 0.795387864 -0.28150335 0.536762416 44 0.892899394 45 0.107100591 0 0 0 0 0 0 0 0 
-4.62316895 3.0376277 0.516140699 0.761768222 -0.318857044 0.563949943 44 0.89442277 45 0.105577216 0 0 0 0 0 0 0 0 
-4.64199734 2.97545719 0.508515179 0.761768222 -0.318857044 0.563949943 44 0.892899394 45 0.107100591 0 0 0 0 0 0 0 0 
-4.59652567 2.99159002 0.45412302 0.761768222 -0.318857044 0.563949943 44 1 0 0 0 0 0 0 0 0 0 0 
-4.57441235 3.06573915 0.468269169 0.761768222 -0.318857044 0.563949943 44 1 0 0 0 0 0 0 0 0 0 0 
-4.62316895 3.0376277 0.516140699 0.505253315 0.471884698 0.722526073 44 0.89442277 45 0.105577216 0 0 0 0 0 0 0 0 
-4.57441235 3.06573915 0.468269169 0.505253315 0.471884698 0.722526073 44 1 0 0 0 0 0 0 0 0 0 0 
-4.60105133 3.12767291 0.441864759 0.505253315 0.471884698 0.722526073 44 1 0 0 0 0 0 0 0 0 0 0 
-4.6476965 3.09577036 0.499902517 0.505253315 0.471884698 0.722526073 44 0.895166814 45 0.104833201 0 0 0 0 0 0 0 0 
-0.752460241 -5.4267416 -0.0136388652 0.930260658 0.354817271 -0.0933803543 61 0.566222548 62 0.264411151 60 0.169366315 0 0 0 0 0 0 
-0.821641207 -5.21112394 0.184221432 0.930260658 0.354817271 -0.0933803543 60 0.570017219 61 0.226131365 62 0.203851432 0 0 0 0 0 0 
-0.785665393 -5.27409554 0.235580787 0.930260658 0.354817271 -0.0933803543 62 0.34677875 61 0.331508875 60 0.321712375 0 0 0 0 0 0 
-0.705755889 -5.54879093 0.0556432121 0.930260658 0.354817271 -0.0933803543 62 0.633034408 61 0.28927806 60 0.0776875317 0 0 0 0 0 0 
-0.752460241 -5.4267416 -0.0136388652 0.925738871 0.0747995526 -0.370692134 61 0.566222548 62 0.264411151 60 0.169366315 0 0 0 0 0 0 
-0.705755889 -5.54879093 0.0556432121 0.925738871 0.0747995526 -0.370692134 62 0.633034408 61 0.28927806 60 0.0776875317 0 0 0 0 0 0 
-0.803234696 -5.74658346 -0.204978496 0.925738871 0.0747995526 -0.370692134 62 0.524750233 61 0.475249738 0 0 0 0 0 0 0 0 
-0.83731544 -5.56587601 -0.276352435 0.925738871 0.0747995526 -0.370692134 61 0.635929346 62 0.285477519 60 0.07859312 0 0 0 0 0 0 
-0.752460241 -5.4267416 -0.0136388652 0.883126736 0.212733597 -0.418128818 61 0.566222548 62 0.264411151 60 0.169366315 0 0 0 0 0 0 
-0.83731544 -5.56587601 -0.276352435 0.883126736 0.212733597 -0.418128818 61 0.635929346 62 0.285477519 60 0.07859312 0 0 0 0 0 0 
-0.864518106 -5.31893826 -0.19546707 0.883126736 0.212733597 -0.418128818 61 0.668546796 60 0.258334637 62 0.0731185898 0 0 0 0 0 0 
-0.791074753 -5.22278118 -0.00412995834 0.883126736 0.212733597 -0.418128818 60 0.656468809 61 0.253305882 62 0.0902252868 0 0 0 0 0 0 
-0.752460241 -5.4267416 -0.0136388652 0.972150624 0.182970256 0.146440998 61 0.566222548 62 0.264411151 60 0.169366315 0 0 0 0 0 0 
-0.791074753 -5.22278118 -0.00412995834 0.972150624 0.182970256 0.146440998 60 0.656468809 61 0.253305882 62 0.0902252868 0 0 0 0 0 0 
-0.851074576 -5.06419563 0.188033909 0.972150624 0.182970256 0.146440998 60 0.874576628 62 0.0688005611 61 0.0566228069 0 0 0 0 0 0 
-0.821641207 -5.21112394 0.184221432 0.972150624 0.182970256 0.146440998 60 0.570017219 61 0.226131365 62 0.203851432 0 0 0 0 0 0 
-1.07098198 -5.59180737 -0.376972854 0.42845428 -0.22986421 -0.8738361 62 0.579086423 61 0.328479886 60 0.092433691 0 0 0 0 0 0 
-0.83731544 -5.56587601 -0.276352435 0.42845428 -0.22986421 -0.8738361 61 0.635929346 62 0.285477519 60 0.07859312 0 0 0 0 0 0 
-0.803234696 -5.74658346 -0.204978496 0.42845428 -0.22986421 -0.8738361 62 0.524750233 61 0.475249738 0 0 0 0 0 0 0 0 
-1.07224524 -5.79765272 -0.330572605 0.42845428 -0.22986421 -0.8738361 62 0.559910417 61 0.440089583 0 0 0 0 0 0 0 0 
-1.07098198 -5.59180737 -0.376972854 -0.275814712 -0.205123425 -0.939069033 62 0.579086423 61 0.328479886 60 0.092433691 0 0 0 0 0 0 
-1.07224524 -5.79765272 -0.330572605 -0.275814712 -0.205123425 -0.939069033 62 0.559910417 61 0.440089583 0 0 0 0 0 0 0 0 
-1.33539951 -5.73320484 -0.268424749 -0.275814712 -0.205123425 -0.939069033 62 0.554277003 61 0.445510477 60 0.00021250236 0 0 0 0 0 0 
-1.29942369 -5.55545759 -0.316751242 -0.275814712 -0.205123425 -0.939069033 62 0.549552679 61 0.366903365 60 0.083543919 0 0 0 0 0 0 
-1.07098198 -5.59180737 -0.376972854 -0.185444266 0.38466838 -0.904234886 62 0.579086423 61 0.328479886 60 0.092433691 0 0 0 0 0 0 
-1.29942369 -5.55545759 -0.316751242 -0.185444266 0.38466838 -0.904234886 62 0.549552679 61 0.366903365 60 0.083543919 0 0 0 0 0 0 
-1.26484776 -5.30366945 -0.21463801 -0.185444266 0.38466838 -0.904234886 61 0.628665686 60 0.267306924 62 0.104027405 0 0 0 0 0 0 
-1.0669235 -5.33074665 -0.268839747 -0.185444266 0.38466838 -0.904234886 61 0.494981408 60 0.423870087 62 0.0811485127 0 0 0 0 0 0 
-1.07098198 -5.59180737 -0.376972854 0.322355151 0.34297666 -0.882300556 62 0.579086423 61 0.328479886 60 0.092433691 0 0 0 0 0 0 
-1.0669235 -5.33074665 -0.268839747 0.322355151 0.34297666 -0.882300556 61 0.494981408 60 0.423870087 62 0.0811485127 0 0 0 0 0 0 
-0.864518106 -5.31893826 -0.19546707 0.322355151 0.34297666 -0.882300556 61 0.668546796 60 0.258334637 62 0.0731185898 0 0 0 0 0 0 
-0.83731544 -5.56587601 -0.276352435 0.322355151 0.34297666 -0.882300556 61 0.635929346 62 0.285477519 60 0.07859312 0 0 0 0 0 0 
-1.36860466 -5.36376953 -0.0879137218 -0.909207642 0.113944106 -0.400447756 61 0.640556097 62 0.184603557 60 0.174840331 0 0 0 0 0 0 
-1.29942369 -5.55545759 -0.316751242 -0.909207642 0.113944106 -0.400447756 62 0.549552679 61 0.366903365 60 0.083543919 0 0 0 0 0 0 
-1.33539951 -5.73320484 -0.268424749 -0.909207642 0.113944106 -0.400447756 62 0.554277003 61 0.445510477 60 0.00021250236 0 0 0 0 0 0 
-1.41530907 -5.4796586 -0.0320687145 -0.909207642 0.113944106 -0.400447756 61 0.572152436 62 0.339785516 60 0.0880620778 0 0 0 0 0 0 
-1.36860466 -5.36376953 -0.0879137218 -0.926082015 0.377300888 -0.00402291585 61 0.640556097 62 0.184603557 60 0.174840331 0 0 0 0 0 0 
-1.41530907 -5.4796586 -0.0320687145 -0.926082015 0.377300888 -0.00402291585 61 0.572152436 62 0.339785516 60 0.0880620778 0 0 0 0 0 0 
-1.31783032 -5.23580074 0.225661308 -0.926082015 0.377300888 -0.00402291585 61 0.381220758 60 0.322406441 62 0.296372801 0 0 0 0 0 0 
-1.28374946 -5.15450287 0.17832157 -0.926082015 0.377300888 -0.00402291585 60 0.614455104 61 0.228887826 62 0.15665704 0 0 0 0 0 0 
-1.36860466 -5.36376953 -0.0879137218 -0.965648115 0.141904771 0.217685327 61 0.640556097 62 0.184603557 60 0.174840331 0 0 0 0 0 0 
-1.28374946 -5.15450287 0.17832157 -0.965648115 0.141904771 0.217685327 60 0.614455104 61 0.228887826 62 0.15665704 0 0 0 0 0 0 
-1.25140417 -5.00417471 0.19757314 -0.965648115 0.141904771 0.217685327 60 0.902434707 62 0.0559583604 61 0.0416069366 0 0 0 0 0 0 
-1.32484758 -5.1340189 -0.0173423216 -0.965648115 0.141904771 0.217685327 60 0.682056248 61 0.248517931 62 0.0694258064 0 0 0 0 0 0 
-1.36860466 -5.36376953 -0.0879137218 -0.802235961 0.31284532 -0.508473337 61 0.640556097 62 0.184603557 60 0.174840331 0 0 0 0 0 0 
-1.32484758 -5.1340189 -0.0173423216 -0.802235961 0.31284532 -0.508473337 60 0.682056248 61 0.248517931 62 0.0694258064 0 0 0 0 0 0 
-1.26484776 -5.30366945 -0.21463801 -0.802235961 0.31284532 -0.508473337 61 0.628665686 60 0.267306924 62 0.104027405 0 0 0 0 0 0 
-1.29942369 -5.55545759 -0.316751242 -0.802235961 0.31284532 -0.508473337 62 0.549552679 61 0.366903365 60 0.083543919 0 0 0 0 0 0 
-1.05008292 -5.10939837 0.254352272 -0.383573592 0.66766566 0.638039172 60 0.684913456 62 0.181912884 61 0.133173645 0 0 0 0 0 0 
-1.28374946 -5.15450287 0.17832157 -0.383573592 0.66766566 0.638039172 60 0.614455104 61 0.228887826 62 0.15665704 0 0 0 0 0 0 
-1.31783032 -5.23580074 0.225661308 -0.383573592 0.66766566 0.638039172 61 0.381220758 60 0.322406441 62 0.296372801 0 0 0 0 0 0 
-1.04881966 -5.13364506 0.297728628 -0.383573592 0.66766566 0.638039172 60 0.50168705 62 0.292823941 61 0.205489025 0 0 0 0 0 0 
-1.05008292 -5.10939837 0.254352272 0.488242418 0.729219913 0.479434878 60 0.684913456 62 0.181912884 61 0.133173645 0 0 0 0 0 0 
-1.04881966 -5.13364506 0.297728628 0.488242418 0.729219913 0.479434878 60 0.50168705 62 0.292823941 61 0.205489025 0 0 0 0 0 0 
-0.785665393 -5.27409554 0.235580787 0.488242418 0.729219913 0.479434878 62 0.34677875 61 0.331508875 60 0.321712375 0 0 0 0 0 0 
-0.821641207 -5.21112394 0.184221432 0.488242418 0.729219913 0.479434878 60 0.570017219 61 0.226131365 62 0.203851432 0 0 0 0 0 0 
-1.05008292 -5.10939837 0.254352272 0.314590931 0.00758624868 0.949197054 60 0.684913456 62 0.181912884 61 0.133173645 0 0 0 0 0 0 
-0.821641207 -5.21112394 0.184221432 0.314590931 0.00758624868 0.949197054 60 0.570017219 61 0.226131365 62 0.203851432 0 0 0 0 0 0 
-0.851074576 -5.06419563 0.188033909 0.314590931 0.00758624868 0.949197054 60 0.874576628 62 0.0688005611 61 0.0566228069 0 0 0 0 0 0 
-1.04899883 -5.00608301 0.257935554 0.314590931 0.00758624868 0.949197054 60 0.881506741 62 0.0676713511 61 0.0508218855 0 0 0 0 0 0 
-1.05008292 -5.10939837 0.254352272 -0.293918222 -0.0472082496 0.954664111 60 0.684913456 62 0.181912884 61 0.133173645 0 0 0 0 0 0 
-1.04899883 -5.00608301 0.257935554 -0.293918222 -0.0472082496 0.954664111 60 0.881506741 62 0.0676713511 61 0.0508218855 0 0 0 0 0 0 
-1.25140417 -5.00417471 0.19757314 -0.293918222 -0.0472082496 0.954664111 60 0.902434707 62 0.0559583604 61 0.0416069366 0 0 0 0 0 0 
-1.28374946 -5.15450287 0.17832157 -0.293918222 -0.0472082496 0.954664111 60 0.614455104 61 0.228887826 62 0.15665704 0 0 0 0 0 0 
-0.682186723 -5.5832119 0.284537107 0.930020452 0.367470801 0.0052113086 62 0.867783904 61 0.0854863897 60 0.0467296951 0 0 0 0 0 0 
-0.768204689 -5.32094002 0.382782638 0.930020452 0.367470801 0.0052113086 62 0.720515251 60 0.142074317 61 0.137410417 0 0 0 0 0 0 
-0.760202825 -5.39015532 0.594270706 0.930020452 0.367470801 0.0052113086 62 0.933819592 60 0.0354918838 61 0.0306885038 0 0 0 0 0 0 
-0.670479774 -5.57091999 0.569709361 0.930020452 0.367470801 0.0052113086 62 0.996987164 61 0.0030128276 0 0 0 0 0 0 0 0 
-0.682186723 -5.5832119 0.284537107 0.923670411 -0.382235885 -0.0269941464 62 0.867783904 61 0.0854863897 60 0.0467296951 0 0 0 0 0 0 
-0.670479774 -5.57091999 0.569709361 0.923670411 -0.382235885 -0.0269941464 62 0.996987164 61 0.0030128276 0 0 0 0 0 0 0 0 
-0.775783181 -5.82783079 0.545699894 0.923670411 -0.382235885 -0.0269941464 62 1 0 0 0 0 0 0 0 0 0 0 
-0.78534168 -5.8191576 0.15446499 0.923670411 -0.382235885 -0.0269941464 62 0.913783848 61 0.0862161815 0 0 0 0 0 0 0 0 
-0.682186723 -5.5832119 0.284537107 0.938548744 -0.321842998 -0.124673307 62 0.867783904 61 0.0854863897 60 0.0467296951 0 0 0 0 0 0 
-0.78534168 -5.8191576 0.15446499 0.938548744 -0.321842998 -0.124673307 62 0.913783848 61 0.0862161815 0 0 0 0 0 0 0 0 
-0.803234696 -5.74658346 -0.204978496 0.938548744 -0.321842998 -0.124673307 62 0.524750233 61 0.475249738 0 0 0 0 0 0 0 0 
-0.705755889 -5.54879093 0.0556432121 0.938548744 -0.321842998 -0.124673307 62 0.633034408 61 0.28927806 60 0.0776875317 0 0 0 0 0 0 
-0.682186723 -5.5832119 0.284537107 0.949367285 0.312083155 -0.0361362509 62 0.867783904 61 0.0854863897 60 0.0467296951 0 0 0 0 0 0 
-0.705755889 -5.54879093 0.0556432121 0.949367285 0.312083155 -0.0361362509 62 0.633034408 61 0.28927806 60 0.0776875317 0 0 0 0 0 0 
-0.785665393 -5.27409554 0.235580787 0.949367285 0.312083155 -0.0361362509 62 0.34677875 61 0.331508875 60 0.321712375 0 0 0 0 0 0 
-0.768204689 -5.32094002 0.382782638 0.949367285 0.312083155 -0.0361362509 62 0.720515251 60 0.142074317 61 0.137410417 0 0 0 0 0 0 
-1.07195711 -5.88122702 0.0764214545 0.213764638 -0.976595461 -0.0237902552 62 0.938646674 61 0.061353296 0 0 0 0 0 0 0 0 
-0.78534168 -5.8191576 0.15446499 0.213764638 -0.976595461 -0.0237902552 62 0.913783848 61 0.0862161815 0 0 0 0 0 0 0 0 
-0.775783181 -5.82783079 0.545699894 0.213764638 -0.976595461 -0.0237902552 62 1 0 0 0 0 0 0 0 0 0 0 
-1.07091928 -5.89101982 0.538432658 0.213764638 -0.976595461 -0.0237902552 62 1 0 0 0 0 0 0 0 0 0 0 
-1.07195711 -5.88122702 0.0764214545 -0.272796273 -0.961890936 -0.0186549854 62 0.938646674 61 0.061353296 0 0 0 0 0 0 0 0 
-1.07091928 -5.89101982 0.538432658 -0.272796273 -0.961890936 -0.0186549854 62 1 0 0 0 0 0 0 0 0 0 0 
-1.36086214 -5.8084259 0.547355652 -0.272796273 -0.961890936 -0.0186549854 62 1 0 0 0 0 0 0 0 0 0 0 
-1.35286021 -5.80255461 0.0998569429 -0.272796273 -0.961890936 -0.0186549854 62 0.905503511 61 0.0944964662 0 0 0 0 0 0 0 0 
-1.07195711 -5.88122702 0.0764214545 -0.277792722 -0.941294074 -0.19182457 62 0.938646674 61 0.061353296 0 0 0 0 0 0 0 0 
-1.35286021 -5.80255461 0.0998569429 -0.277792722 -0.941294074 -0.19182457 62 0.905503511 61 0.0944964662 0 0 0 0 0 0 0 0 
-1.33539951 -5.73320484 -0.268424749 -0.277792722 -0.941294074 -0.19182457 62 0.554277003 61 0.445510477 60 0.00021250236 0 0 0 0 0 0 
-1.07224524 -5.79765272 -0.330572605 -0.277792722 -0.941294074 -0.19182457 62 0.559910417 61 0.440089583 0 0 0 0 0 0 0 0 
-1.07195711 -5.88122702 0.0764214545 0.264903635 -0.943616509 -0.198529467 62 0.938646674 61 0.061353296 0 0 0 0 0 0 0 0 
-1.07224524 -5.79765272 -0.330572605 0.264903635 -0.943616509 -0.198529467 62 0.559910417 61 0.440089583 0 0 0 0 0 0 0 0 
-0.803234696 -5.74658346 -0.204978496 0.264903635 -0.943616509 -0.198529467 62 0.524750233 61 0.475249738 0 0 0 0 0 0 0 0 
-0.78534168 -5.8191576 0.15446499 0.264903635 -0.943616509 -0.198529467 62 0.913783848 61 0.0862161815 0 0 0 0 0 0 0 0 
-1.43887818 -5.50944471 0.248349875 -0.953273892 -0.29805693 -0.0493057407 62 0.784416616 61 0.158245906 60 0.0573374853 0 0 0 0 0 0 
-1.35286021 -5.80255461 0.0998569429 -0.953273892 -0.29805693 -0.0493057407 62 0.905503511 61 0.0944964662 0 0 0 0 0 0 0 0 
-1.36086214 -5.8084259 0.547355652 -0.953273892 -0.29805693 -0.0493057407 62 1 0 0 0 0 0 0 0 0 0 0 
-1.45058501 -5.56809282 0.571917057 -0.953273892 -0.29805693 -0.0493057407 62 0.980834007 61 0.0191660058 0 0 0 0 0 0 0 0 
-1.43887818 -5.50944471 0.248349875 -0.8992818 0.434917361 0.0462519825 62 0.784416616 61 0.158245906 60 0.0573374853 0 0 0 0 0 0 
-1.45058501 -5.56809282 0.571917057 -0.8992818 0.434917361 0.0462519825 62 0.980834007 61 0.0191660058 0 0 0 0 0 0 0 0 
-1.34528172 -5.35287809 0.595926523 -0.8992818 0.434917361 0.0462519825 62 0.923994005 61 0.0411920287 60 0.0348139852 0 0 0 0 0 0 
-1.33572328 -5.31107903 0.388431251 -0.8992818 0.434917361 0.0462519825 62 0.730891943 61 0.144698873 60 0.124409162 0 0 0 0 0 0 
-1.43887818 -5.50944471 0.248349875 -0.914144337 0.405251682 0.0105489688 62 0.784416616 61 0.158245906 60 0.0573374853 0 0 0 0 0 0 
-1.33572328 -5.31107903 0.388431251 -0.914144337 0.405251682 0.0105489688 62 0.730891943 61 0.144698873 60 0.124409162 0 0 0 0 0 0 
-1.31783032 -5.23580074 0.225661308 -0.914144337 0.405251682 0.0105489688 61 0.381220758 60 0.322406441 62 0.296372801 0 0 0 0 0 0 
-1.41530907 -5.4796586 -0.0320687145 -0.914144337 0.405251682 0.0105489688 61 0.572152436 62 0.339785516 60 0.0880620778 0 0 0 0 0 0 
-1.43887818 -5.50944471 0.248349875 -0.969238877 -0.226652041 -0.0959413871 62 0.784416616 61 0.158245906 60 0.0573374853 0 0 0 0 0 0 
-1.41530907 -5.4796586 -0.0320687145 -0.969238877 -0.226652041 -0.0959413871 61 0.572152436 62 0.339785516 60 0.0880620778 0 0 0 0 0 0 
-1.33539951 -5.73320484 -0.268424749 -0.969238877 -0.226652041 -0.0959413871 62 0.554277003 61 0.445510477 60 0.00021250236 0 0 0 0 0 0 
-1.35286021 -5.80255461 0.0998569429 -0.969238877 -0.226652041 -0.0959413871 62 0.905503511 61 0.0944964662 0 0 0 0 0 0 0 0 
-1.04910779 -5.17892313 0.418474734 -0.405038327 0.892422438 0.198811978 62 0.648708403 60 0.234565228 61 0.116726376 0 0 0 0 0 0 
-1.33572328 -5.31107903 0.388431251 -0.405038327 0.892422438 0.198811978 62 0.730891943 61 0.144698873 60 0.124409162 0 0 0 0 0 0 
-1.34528172 -5.35287809 0.595926523 -0.405038327 0.892422438 0.198811978 62 0.923994005 61 0.0411920287 60 0.0348139852 0 0 0 0 0 0 
-1.05014563 -5.22931004 0.60319376 -0.405038327 0.892422438 0.198811978 62 0.879922628 60 0.0802013129 61 0.0398760661 0 0 0 0 0 0 
-1.04910779 -5.17892313 0.418474734 0.469107002 0.84770745 0.247650266 62 0.648708403 60 0.234565228 61 0.116726376 0 0 0 0 0 0 
-1.05014563 -5.22931004 0.60319376 0.469107002 0.84770745 0.247650266 62 0.879922628 60 0.0802013129 61 0.0398760661 0 0 0 0 0 0 
-0.760202825 -5.39015532 0.594270706 0.469107002 0.84770745 0.247650266 62 0.933819592 60 0.0354918838 61 0.0306885038 0 0 0 0 0 0 
-0.768204689 -5.32094002 0.382782638 0.469107002 0.84770745 0.247650266 62 0.720515251 60 0.142074317 61 0.137410417 0 0 0 0 0 0 
-1.04910779 -5.17892313 0.418474734 0.481313437 0.837950706 0.257247031 62 0.648708403 60 0.234565228 61 0.116726376 0 0 0 0 0 0 
-0.768204689 -5.32094002 0.382782638 0.481313437 0.837950706 0.257247031 62 0.720515251 60 0.142074317 61 0.137410417 0 0 0 0 0 0 
-0.785665393 -5.27409554 0.235580787 0.481313437 0.837950706 0.257247031 62 0.34677875 61 0.331508875 60 0.321712375 0 0 0 0 0 0 
-1.04881966 -5.13364506 0.297728628 0.481313437 0.837950706 0.257247031 60 0.50168705 62 0.292823941 61 0.205489025 0 0 0 0 0 0 
-1.04910779 -5.17892313 0.418474734 -0.417688489 0.845475674 0.332727015 62 0.648708403 60 0.234565228 61 0.116726376 0 0 0 0 0 0 
-1.04881966 -5.13364506 0.297728628 -0.417688489 0.845475674 0.332727015 60 0.50168705 62 0.292823941 61 0.205489025 0 0 0 0 0 0 
-1.31783032 -5.23580074 0.225661308 -0.417688489 0.845475674 0.332727015 61 0.381220758 60 0.322406441 62 0.296372801 0 0 0 0 0 0 
-1.33572328 -5.31107903 0.388431251 -0.417688489 0.845475674 0.332727015 62 0.730891943 61 0.144698873 60 0.124409162 0 0 0 0 0 0 
-0.65936172 -5.57833862 0.838488877 0.865281641 0.500515461 0.0277860016 62 1 0 0 0 0 0 0 0 0 0 0 
-0.752603769 -5.40514755 0.838488877 0.865281641 0.500515461 0.0277860016 62 1 0 0 0 0 0 0 0 0 0 0 
-0.74527514 -5.44414425 1.0966388 0.865281641 0.500515461 0.0277860016 62 1 0 0 0 0 0 0 0 0 0 0 
-0.648639679 -5.59920979 1.0966388 0.865281641 0.500515461 0.0277860016 62 1 0 0 0 0 0 0 0 0 0 0 
-0.65936172 -5.57833862 0.838488877 0.894800961 -0.445172071 -0.0339563824 62 1 0 0 0 0 0 0 0 0 0 0 
-0.648639679 -5.59920979 1.0966388 0.894800961 -0.445172071 -0.0339563824 62 1 0 0 0 0 0 0 0 0 0 0 
-0.757950723 -5.79619455 1.09663892 0.894800961 -0.445172071 -0.0339563824 62 1 0 0 0 0 0 0 0 0 0 0 
-0.766705632 -5.81683254 0.838488877 0.894800961 -0.445172071 -0.0339563824 62 1 0 0 0 0 0 0 0 0 0 0 
-0.65936172 -5.57833862 0.838488877 0.919029355 -0.393003851 -0.0305457637 62 1 0 0 0 0 0 0 0 0 0 0 
-0.766705632 -5.81683254 0.838488877 0.919029355 -0.393003851 -0.0305457637 62 1 0 0 0 0 0 0 0 0 0 0 
-0.775783181 -5.82783079 0.545699894 0.919029355 -0.393003851 -0.0305457637 62 1 0 0 0 0 0 0 0 0 0 0 
-0.670479774 -5.57091999 0.569709361 0.919029355 -0.393003851 -0.0305457637 62 0.996987164 61 0.0030128276 0 0 0 0 0 0 0 0 
-0.65936172 -5.57833862 0.838488877 0.887919962 0.459833443 -0.0123083796 62 1 0 0 0 0 0 0 0 0 0 0 
-0.670479774 -5.57091999 0.569709361 0.887919962 0.459833443 -0.0123083796 62 0.996987164 61 0.0030128276 0 0 0 0 0 0 0 0 
-0.760202825 -5.39015532 0.594270706 0.887919962 0.459833443 -0.0123083796 62 0.933819592 60 0.0354918838 61 0.0306885038 0 0 0 0 0 0 
-0.752603769 -5.40514755 0.838488877 0.887919962 0.459833443 -0.0123083796 62 1 0 0 0 0 0 0 0 0 0 0 
-1.06993365 -5.87551975 0.838488877 0.175774932 -0.980414093 0.0888335109 62 1 0 0 0 0 0 0 0 0 0 0 
-0.766705632 -5.81683254 0.838488877 0.175774932 -0.980414093 0.0888335109 62 1 0 0 0 0 0 0 0 0 0 0 
-0.757950723 -5.79619455 1.09663892 0.175774932 -0.980414093 0.0888335109 62 1 0 0 0 0 0 0 0 0 0 0 
-1.0689832 -5.8476367 1.0966388 0.175774932 -0.980414093 0.0888335109 62 1 0 0 0 0 0 0 0 0 0 0 
-1.06993365 -5.87551975 0.838488877 -0.243668586 -0.965954483 0.0869344696 62 1 0 0 0 0 0 0 0 0 0 0 
-1.0689832 -5.8476367 1.0966388 -0.243668586 -0.965954483 0.0869344696 62 1 0 0 0 0 0 0 0 0 0 0 
-1.37578976 -5.77513218 1.09663892 -0.243668586 -0.965954483 0.0869344696 62 1 0 0 0 0 0 0 0 0 0 0 
-1.36846113 -5.79532433 0.838488877 -0.243668586 -0.965954483 0.0869344696 62 1 0 0 0 0 0 0 0 0 0 0 
-1.06993365 -5.87551975 0.838488877 -0.265749961 -0.963054657 0.0436194576 62 1 0 0 0 0 0 0 0 0 0 0 
-1.36846113 -5.79532433 0.838488877 -0.265749961 -0.963054657 0.0436194576 62 1 0 0 0 0 0 0 0 0 0 0 
-1.36086214 -5.8084259 0.547355652 -0.265749961 -0.963054657 0.0436194576 62 1 0 0 0 0 0 0 0 0 0 0 
-1.07091928 -5.89101982 0.538432658 -0.265749961 -0.963054657 0.0436194576 62 1 0 0 0 0 0 0 0 0 0 0 
-1.06993365 -5.87551975 0.838488877 0.198951513 -0.9791767 0.0403890572 62 1 0 0 0 0 0 0 0 0 0 0 
-1.07091928 -5.89101982 0.538432658 0.198951513 -0.9791767 0.0403890572 62 1 0 0 0 0 0 0 0 0 0 0 
-0.775783181 -5.82783079 0.545699894 0.198951513 -0.9791767 0.0403890572 62 1 0 0 0 0 0 0 0 0 0 0 
-0.766705632 -5.81683254 0.838488877 0.198951513 -0.9791767 0.0403890572 62 1 0 0 0 0 0 0 0 0 0 0 
-1.4617027 -5.57464075 0.838488877 -0.911403179 -0.411201864 -0.0160402842 62 1 0 0 0 0 0 0 0 0 0 0 
-1.36846113 -5.79532433 0.838488877 -0.911403179 -0.411201864 -0.0160402842 62 1 0 0 0 0 0 0 0 0 0 0 
-1.37578976 -5.77513218 1.09663892 -0.911403179 -0.411201864 -0.0160402842 62 1 0 0 0 0 0 0 0 0 0 0 
-1.47242486 -5.57496548 1.0966388 -0.911403179 -0.411201864 -0.0160402842 62 1 0 0 0 0 0 0 0 0 0 0 
-1.4617027 -5.57464075 0.838488877 -0.865582764 0.50005132 -0.0267457031 62 1 0 0 0 0 0 0 0 0 0 0 
-1.47242486 -5.57496548 1.0966388 -0.865582764 0.50005132 -0.0267457031 62 1 0 0 0 0 0 0 0 0 0 0 
-1.3631134 -5.39017677 1.0966388 -0.865582764 0.50005132 -0.0267457031 62 1 0 0 0 0 0 0 0 0 0 0 
-1.35435927 -5.38440275 0.838488877 -0.865582764 0.50005132 -0.0267457031 62 1 0 0 0 0 0 0 0 0 0 0 
-1.4617027 -5.57464075 0.838488877 -0.885582685 0.464481771 -0.000394083356 62 1 0 0 0 0 0 0 0 0 0 0 
-1.35435927 -5.38440275 0.838488877 -0.885582685 0.464481771 -0.000394083356 62 1 0 0 0 0 0 0 0 0 0 0 
-1.34528172 -5.35287809 0.595926523 -0.885582685 0.464481771 -0.000394083356 62 0.923994005 61 0.0411920287 60 0.0348139852 0 0 0 0 0 0 
-1.45058501 -5.56809282 0.571917057 -0.885582685 0.464481771 -0.000394083356 62 0.980834007 61 0.0191660058 0 0 0 0 0 0 0 0 
-1.4617027 -5.57464075 0.838488877 -0.929630399 -0.367511809 -0.0268803127 62 1 0 0 0 0 0 0 0 0 0 0 
-1.45058501 -5.56809282 0.571917057 -0.929630399 -0.367511809 -0.0268803127 62 0.980834007 61 0.0191660058 0 0 0 0 0 0 0 0 
-1.36086214 -5.8084259 0.547355652 -0.929630399 -0.367511809 -0.0268803127 62 1 0 0 0 0 0 0 0 0 0 0 
-1.36846113 -5.79532433 0.838488877 -0.929630399 -0.367511809 -0.0268803127 62 1 0 0 0 0 0 0 0 0 0 0 
-1.05113089 -5.2986393 0.838488877 -0.227799699 0.971253395 0.0690951347 62 1 0 0 0 0 0 0 0 0 0 0 
-1.35435927 -5.38440275 0.838488877 -0.227799699 0.971253395 0.0690951347 62 1 0 0 0 0 0 0 0 0 0 0 
-1.3631134 -5.39017677 1.0966388 -0.227799699 0.971253395 0.0690951347 62 1 0 0 0 0 0 0 0 0 0 0 
-1.05208135 -5.33187103 1.0966388 -0.227799699 0.971253395 0.0690951347 62 1 0 0 0 0 0 0 0 0 0 0 
-1.05113089 -5.2986393 0.838488877 0.337180585 0.932923138 0.126347229 62 1 0 0 0 0 0 0 0 0 0 0 
-1.05208135 -5.33187103 1.0966388 0.337180585 0.932923138 0.126347229 62 1 0 0 0 0 0 0 0 0 0 0 
-0.74527514 -5.44414425 1.0966388 0.337180585 0.932923138 0.126347229 62 1 0 0 0 0 0 0 0 0 0 0 
-0.752603769 -5.40514755 0.838488877 0.337180585 0.932923138 0.126347229 62 1 0 0 0 0 0 0 0 0 0 0 
-1.05113089 -5.2986393 0.838488877 0.410716265 0.898934484 0.152411073 62 1 0 0 0 0 0 0 0 0 0 0 
-0.752603769 -5.40514755 0.838488877 0.410716265 0.898934484 0.152411073 62 1 0 0 0 0 0 0 0 0 0 0 
-0.760202825 -5.39015532 0.594270706 0.410716265 0.898934484 0.152411073 62 0.933819592 60 0.0354918838 61 0.0306885038 0 0 0 0 0 0 
-1.05014563 -5.22931004 0.60319376 0.410716265 0.898934484 0.152411073 62 0.879922628 60 0.0802013129 61 0.0398760661 0 0 0 0 0 0 
-1.05113089 -5.2986393 0.838488877 -0.326327831 0.92624718 0.188616827 62 1 0 0 0 0 0 0 0 0 0 0 
-1.05014563 -5.22931004 0.60319376 -0.326327831 0.92624718 0.188616827 62 0.879922628 60 0.0802013129 61 0.0398760661 0 0 0 0 0 0 
-1.34528172 -5.35287809 0.595926523 -0.326327831 0.92624718 0.188616827 62 0.923994005 61 0.0411920287 60 0.0348139852 0 0 0 0 0 0 
-1.35435927 -5.38440275 0.838488877 -0.326327831 0.92624718 0.188616827 62 1 0 0 0 0 0 0 0 0 0 0 
-0.638119698 -5.61778784 1.34992218 0.702299297 0.56287396 0.435830951 62 1 0 0 0 0 0 0 0 0 0 0 
-0.738084674 -5.46565533 1.34992218 0.702299297 0.56287396 0.435830951 62 1 0 0 0 0 0 0 0 0 0 0 
-0.819571853 -5.49929619 1.48928344 0.702299297 0.56287396 0.435830951 62 1 0 0 0 0 0 0 0 0 0 0 
-0.73851335 -5.61079454 1.53805983 0.702299297 0.56287396 0.435830951 62 1 0 0 0 0 0 0 0 0 0 0 
-0.638119698 -5.61778784 1.34992218 0.669115841 -0.577205777 0.468099833 62 1 0 0 0 0 0 0 0 0 0 0 
-0.73851335 -5.61079454 1.53805983 0.669115841 -0.577205777 0.468099833 62 1 0 0 0 0 0 0 0 0 0 0 
-0.827514648 -5.72432137 1.48928344 0.669115841 -0.577205777 0.468099833 62 1 0 0 0 0 0 0 0 0 0 0 
-0.749361277 -5.77594471 1.34992218 0.669115841 -0.577205777 0.468099833 62 1 0 0 0 0 0 0 0 0 0 0 
-0.638119698 -5.61778784 1.34992218 0.849122465 -0.527326882 -0.0302915853 62 1 0 0 0 0 0 0 0 0 0 0 
-0.749361277 -5.77594471 1.34992218 0.849122465 -0.527326882 -0.0302915853 62 1 0 0 0 0 0 0 0 0 0 0 
-0.757950723 -5.79619455 1.09663892 0.849122465 -0.527326882 -0.0302915853 62 1 0 0 0 0 0 0 0 0 0 0 
-0.648639679 -5.59920979 1.0966388 0.849122465 -0.527326882 -0.0302915853 62 1 0 0 0 0 0 0 0 0 0 0 
-0.638119698 -5.61778784 1.34992218 0.842205644 0.538994551 0.0132103916 62 1 0 0 0 0 0 0 0 0 0 0 
-0.648639679 -5.59920979 1.0966388 0.842205644 0.538994551 0.0132103916 62 1 0 0 0 0 0 0 0 0 0 0 
-0.74527514 -5.44414425 1.0966388 0.842205644 0.538994551 0.0132103916 62 1 0 0 0 0 0 0 0 0 0 0 
-0.738084674 -5.46565533 1.34992218 0.842205644 0.538994551 0.0132103916 62 1 0 0 0 0 0 0 0 0 0 0 
-1.06805015 -5.82027912 1.34992218 0.150346681 -0.916229248 0.371375829 62 1 0 0 0 0 0 0 0 0 0 0 
-0.749361277 -5.77594471 1.34992218 0.150346681 -0.916229248 0.371375829 62 1 0 0 0 0 0 0 0 0 0 0 
-0.827514648 -5.72432137 1.48928344 0.150346681 -0.916229248 0.371375829 62 1 0 0 0 0 0 0 0 0 0 0 
-1.06570876 -5.7515974 1.53805983 0.150346681 -0.916229248 0.371375829 62 1 0 0 0 0 0 0 0 0 0 0 
-1.06805015 -5.82027912 1.34992218 -0.212394819 -0.903863549 0.371374607 62 1 0 0 0 0 0 0 0 0 0 0 
-1.06570876 -5.7515974 1.53805983 -0.212394819 -0.903863549 0.371374607 62 1 0 0 0 0 0 0 0 0 0 0 
-1.30149245 -5.70816374 1.48928344 -0.212394819 -0.903863549 0.371374607 62 1 0 0 0 0 0 0 0 0 0 0 
-1.38298023 -5.75434446 1.34992218 -0.212394819 -0.903863549 0.371374607 62 1 0 0 0 0 0 0 0 0 0 0 
-1.06805015 -5.82027912 1.34992218 -0.216466993 -0.972158492 0.0897222459 62 1 0 0 0 0 0 0 0 0 0 0 
-1.38298023 -5.75434446 1.34992218 -0.216466993 -0.972158492 0.0897222459 62 1 0 0 0 0 0 0 0 0 0 0 
-1.37578976 -5.77513218 1.09663892 -0.216466993 -0.972158492 0.0897222459 62 1 0 0 0 0 0 0 0 0 0 0 
-1.0689832 -5.8476367 1.0966388 -0.216466993 -0.972158492 0.0897222459 62 1 0 0 0 0 0 0 0 0 0 0 
-1.06805015 -5.82027912 1.34992218 0.149756595 -0.984643519 0.0897222385 62 1 0 0 0 0 0 0 0 0 0 0 
-1.0689832 -5.8476367 1.0966388 0.149756595 -0.984643519 0.0897222385 62 1 0 0 0 0 0 0 0 0 0 0 
-0.757950723 -5.79619455 1.09663892 0.149756595 -0.984643519 0.0897222385 62 1 0 0 0 0 0 0 0 0 0 0 
-0.749361277 -5.77594471 1.34992218 0.149756595 -0.984643519 0.0897222385 62 1 0 0 0 0 0 0 0 0 0 0 
-1.48294449 -5.58507538 1.34992218 -0.712994337 -0.525546253 0.464155316 62 1 0 0 0 0 0 0 0 0 0 0 
-1.38298023 -5.75434446 1.34992218 -0.712994337 -0.525546253 0.464155316 62 1 0 0 0 0 0 0 0 0 0 0 
-1.30149245 -5.70816374 1.48928344 -0.712994337 -0.525546253 0.464155316 62 1 0 0 0 0 0 0 0 0 0 0 
-1.38255084 -5.58876657 1.53805983 -0.712994337 -0.525546253 0.464155316 62 1 0 0 0 0 0 0 0 0 0 0 
-1.48294449 -5.58507538 1.34992218 -0.676263213 0.56309545 0.474964887 62 1 0 0 0 0 0 0 0 0 0 0 
-1.38255084 -5.58876657 1.53805983 -0.676263213 0.56309545 0.474964887 62 1 0 0 0 0 0 0 0 0 0 0 
-1.29354966 -5.47516632 1.48928344 -0.676263213 0.56309545 0.474964887 62 1 0 0 0 0 0 0 0 0 0 0 
-1.37170291 -5.41704655 1.34992218 -0.676263213 0.56309545 0.474964887 62 1 0 0 0 0 0 0 0 0 0 0 
-1.48294449 -5.58507538 1.34992218 -0.847933888 0.530059636 0.00670877052 62 1 0 0 0 0 0 0 0 0 0 0 
-1.37170291 -5.41704655 1.34992218 -0.847933888 0.530059636 0.00670877052 62 1 0 0 0 0 0 0 0 0 0 0 
-1.3631134 -5.39017677 1.0966388 -0.847933888 0.530059636 0.00670877052 62 1 0 0 0 0 0 0 0 0 0 0 
-1.47242486 -5.57496548 1.0966388 -0.847933888 0.530059636 0.00670877052 62 1 0 0 0 0 0 0 0 0 0 0 
-1.48294449 -5.58507538 1.34992218 -0.88258779 -0.46968019 -0.0209564939 62 1 0 0 0 0 0 0 0 0 0 0 
-1.47242486 -5.57496548 1.0966388 -0.88258779 -0.46968019 -0.0209564939 62 1 0 0 0 0 0 0 0 0 0 0 
-1.37578976 -5.77513218 1.09663892 -0.88258779 -0.46968019 -0.0209564939 62 1 0 0 0 0 0 0 0 0 0 0 
-1.38298023 -5.75434446 1.34992218 -0.88258779 -0.46968019 -0.0209564939 62 1 0 0 0 0 0 0 0 0 0 0 
-1.05301404 -5.35095835 1.34992218 -0.188198745 0.871831596 0.452206671 62 1 0 0 0 0 0 0 0 0 0 0 
-1.37170291 -5.41704655 1.34992218 -0.188198745 0.871831596 0.452206671 62 1 0 0 0 0 0 0 0 0 0 0 
-1.29354966 -5.47516632 1.48928344 -0.188198745 0.871831596 0.452206671 62 1 0 0 0 0 0 0 0 0 0 0 
-1.05535543 -5.44634247 1.53805983 -0.188198745 0.871831596 0.452206671 62 1 0 0 0 0 0 0 0 0 0 0 
-1.05301404 -5.35095835 1.34992218 0.29840818 0.859493792 0.414997458 62 1 0 0 0 0 0 0 0 0 0 0 
-1.05535543 -5.44634247 1.53805983 0.29840818 0.859493792 0.414997458 62 1 0 0 0 0 0 0 0 0 0 0 
-0.819571853 -5.49929619 1.48928344 0.29840818 0.859493792 0.414997458 62 1 0 0 0 0 0 0 0 0 0 0 
-0.738084674 -5.46565533 1.34992218 0.29840818 0.859493792 0.414997458 62 1 0 0 0 0 0 0 0 0 0 0 
-1.05301404 -5.35095835 1.34992218 0.342060626 0.937001705 0.0708696991 62 1 0 0 0 0 0 0 0 0 0 0 
-0.738084674 -5.46565533 1.34992218 0.342060626 0.937001705 0.0708696991 62 1 0 0 0 0 0 0 0 0 0 0 
-0.74527514 -5.44414425 1.0966388 0.342060626 0.937001705 0.0708696991 62 1 0 0 0 0 0 0 0 0 0 0 
-1.05208135 -5.33187103 1.0966388 0.342060626 0.937001705 0.0708696991 62 1 0 0 0 0 0 0 0 0 0 0 
-1.05301404 -5.35095835 1.34992218 -0.193091735 0.977487624 0.0850505903 62 1 0 0 0 0 0 0 0 0 0 0 
-1.05208135 -5.33187103 1.0966388 -0.193091735 0.977487624 0.0850505903 62 1 0 0 0 0 0 0 0 0 0 0 
-1.3631134 -5.39017677 1.0966388 -0.193091735 0.977487624 0.0850505903 62 1 0 0 0 0 0 0 0 0 0 0 
-1.37170291 -5.41704655 1.34992218 -0.193091735 0.977487624 0.0850505903 62 1 0 0 0 0 0 0 0 0 0 0 
-4.75852203 2.9107573 0.571660101 0.448700756 -0.889464676 0.0867191404 45 0.829885662 44 0.170114338 0 0 0 0 0 0 0 0 
-4.7235136 2.9314115 0.601635754 0.448700756 -0.889464676 0.0867191404 45 0.873609126 44 0.126390874 0 0 0 0 0 0 0 0 
-4.76838207 2.9129951 0.64563185 0.448700756 -0.889464676 0.0867191404 45 0.989418745 44 0.0105812717 0 0 0 0 0 0 0 0 
-4.79951191 2.89400887 0.611232162 0.448700756 -0.889464676 0.0867191404 45 0.970913351 44 0.0290866233 0 0 0 0 0 0 0 0 
-4.75852203 2.9107573 0.571660101 -0.0360640623 -0.910166919 -0.412668943 45 0.829885662 44 0.170114338 0 0 0 0 0 0 0 0 
-4.79951191 2.89400887 0.611232162 -0.0360640623 -0.910166919 -0.412668943 45 0.970913351 44 0.0290866233 0 0 0 0 0 0 0 0 
-4.83601379 2.91132593 0.577178061 -0.0360640623 -0.910166919 -0.412668943 45 0.94938457 44 0.050615456 0 0 0 0 0 0 0 0 
-4.79775715 2.92600226 0.540515304 -0.0360640623 -0.910166919 -0.412668943 45 0.794945955 44 0.205054015 0 0 0 0 0 0 0 0 
-4.75852203 2.9107573 0.571660101 -0.0465684012 -0.917006016 -0.396145612 45 0.829885662 44 0.170114338 0 0 0 0 0 0 0 0 
-4.79775715 2.92600226 0.540515304 -0.0465684012 -0.917006016 -0.396145612 45 0.794945955 44 0.205054015 0 0 0 0 0 0 0 0 
-4.768116 2.94151068 0.501599073 -0.0465684012 -0.917006016 -0.396145612 44 0.758605778 45 0.241394237 0 0 0 0 0 0 0 0 
-4.7231741 2.92682552 0.5298419 -0.0465684012 -0.917006016 -0.396145612 44 0.738729358 45 0.261270612 0 0 0 0 0 0 0 0 
-4.75852203 2.9107573 0.571660101 0.462761819 -0.884537697 0.0586891472 45 0.829885662 44 0.170114338 0 0 0 0 0 0 0 0 
-4.7231741 2.92682552 0.5298419 0.462761819 -0.884537697 0.0586891472 44 0.738729358 45 0.261270612 0 0 0 0 0 0 0 0 
-4.68149471 2.95005894 0.556644201 0.462761819 -0.884537697 0.0586891472 44 0.533862293 45 0.466137707 0 0 0 0 0 0 0 0 
-4.7235136 2.9314115 0.601635754 0.462761819 -0.884537697 0.0586891472 45 0.873609126 44 0.126390874 0 0 0 0 0 0 0 0 
-4.81699276 2.97754765 0.52781117 -0.545911729 -0.39430061 -0.739261448 45 0.797813952 44 0.202186018 0 0 0 0 0 0 0 0 
-4.79775715 2.92600226 0.540515304 -0.545911729 -0.39430061 -0.739261448 45 0.794945955 44 0.205054015 0 0 0 0 0 0 0 0 
-4.83601379 2.91132593 0.577178061 -0.545911729 -0.39430061 -0.739261448 45 0.94938457 44 0.050615456 0 0 0 0 0 0 0 0 
-4.8545084 2.96135044 0.563569784 -0.545911729 -0.39430061 -0.739261448 45 0.949611187 44 0.0503888391 0 0 0 0 0 0 0 0 
-4.81699276 2.97754765 0.52781117 -0.719195127 0.237101555 -0.653101265 45 0.797813952 44 0.202186018 0 0 0 0 0 0 0 0 
-4.8545084 2.96135044 0.563569784 -0.719195127 0.237101555 -0.653101265 45 0.949611187 44 0.0503888391 0 0 0 0 0 0 0 0 
-4.84818459 3.01109385 0.57433784 -0.719195127 0.237101555 -0.653101265 45 0.950299859 44 0.0497001521 0 0 0 0 0 0 0 0 
-4.8094902 3.02544188 0.537263632 -0.719195127 0.237101555 -0.653101265 45 0.796436667 44 0.203563347 0 0 0 0 0 0 0 0 
-4.81699276 2.97754765 0.52781117 -0.829322577 0.233779684 -0.507514596 45 0.797813952 44 0.202186018 0 0 0 0 0 0 0 0 
-4.8094902 3.02544188 0.537263632 -0.829322577 0.233779684 -0.507514596 45 0.796436667 44 0.203563347 0 0 0 0 0 0 0 0 
-4.77878189 3.04630661 0.497044027 -0.829322577 0.233779684 -0.507514596 44 0.763494909 45 0.236505121 0 0 0 0 0 0 0 0 
-4.78884125 2.99531245 0.48964259 -0.829322577 0.233779684 -0.507514596 44 0.75577569 45 0.244224325 0 0 0 0 0 0 0 0 
-4.81699276 2.97754765 0.52781117 -0.643695176 -0.397280842 -0.654083014 45 0.797813952 44 0.202186018 0 0 0 0 0 0 0 0 
-4.78884125 2.99531245 0.48964259 -0.643695176 -0.397280842 -0.654083014 44 0.75577569 45 0.244224325 0 0 0 0 0 0 0 0 
-4.768116 2.94151068 0.501599073 -0.643695176 -0.397280842 -0.654083014 44 0.758605778 45 0.241394237 0 0 0 0 0 0 0 0 
-4.79775715 2.92600226 0.540515304 -0.643695176 -0.397280842 -0.654083014 45 0.794945955 44 0.205054015 0 0 0 0 0 0 0 0 
-4.77452374 3.04466057 0.567226768 -0.419373423 0.904906929 -0.0725895911 45 0.832234204 44 0.167765826 0 0 0 0 0 0 0 0 
-4.8094902 3.02544188 0.537263632 -0.419373423 0.904906929 -0.0725895911 45 0.796436667 44 0.203563347 0 0 0 0 0 0 0 0 
-4.84818459 3.01109385 0.57433784 -0.419373423 0.904906929 -0.0725895911 45 0.950299859 44 0.0497001521 0 0 0 0 0 0 0 0 
-4.81611443 3.02799463 0.607358932 -0.419373423 0.904906929 -0.0725895911 45 0.972844779 44 0.0271552019 0 0 0 0 0 0 0 0 
-4.77452374 3.04466057 0.567226768 0.0234518442 0.914429545 0.404065102 45 0.832234204 44 0.167765826 0 0 0 0 0 0 0 0 
-4.81611443 3.02799463 0.607358932 0.0234518442 0.914429545 0.404065102 45 0.972844779 44 0.0271552019 0 0 0 0 0 0 0 0 
-4.78055763 3.01142573 0.642790318 0.0234518442 0.914429545 0.404065102 45 0.990789354 44 0.0092106564 0 0 0 0 0 0 0 0 
-4.7352457 3.02988625 0.598384321 0.0234518442 0.914429545 0.404065102 45 0.875439823 44 0.124560177 0 0 0 0 0 0 0 0 
-4.77452374 3.04466057 0.567226768 -0.0170155633 0.890734375 0.454205573 45 0.832234204 44 0.167765826 0 0 0 0 0 0 0 0 
-4.7352457 3.02988625 0.598384321 -0.0170155633 0.890734375 0.454205573 45 0.875439823 44 0.124560177 0 0 0 0 0 0 0 0 
-4.69217348 3.05395508 0.552085042 -0.0170155633 0.890734375 0.454205573 44 0.534403086 45 0.465596914 0 0 0 0 0 0 0 0 
-4.73775387 3.06794977 0.523644567 -0.0170155633 0.890734375 0.454205573 44 0.74480778 45 0.25519225 0 0 0 0 0 0 0 0 
-4.77452374 3.04466057 0.567226768 -0.501981735 0.863390446 0.0507077239 45 0.832234204 44 0.167765826 0 0 0 0 0 0 0 0 
-4.73775387 3.06794977 0.523644567 -0.501981735 0.863390446 0.0507077239 44 0.74480778 45 0.25519225 0 0 0 0 0 0 0 0 
-4.77878189 3.04630661 0.497044027 -0.501981735 0.863390446 0.0507077239 44 0.763494909 45 0.236505121 0 0 0 0 0 0 0 0 
-4.8094902 3.02544188 0.537263632 -0.501981735 0.863390446 0.0507077239 45 0.796436667 44 0.203563347 0 0 0 0 0 0 0 0 
-4.71565628 2.98062563 0.611194491 0.549006939 0.4092623 0.728763163 45 0.892868638 44 0.107131355 0 0 0 0 0 0 0 0 
-4.7352457 3.02988625 0.598384321 0.549006939 0.4092623 0.728763163 45 0.875439823 44 0.124560177 0 0 0 0 0 0 0 0 
-4.78055763 3.01142573 0.642790318 0.549006939 0.4092623 0.728763163 45 0.990789354 44 0.0092106564 0 0 0 0 0 0 0 0 
-4.76312351 2.96067715 0.658252895 0.549006939 0.4092623 0.728763163 45 1 0 0 0 0 0 0 0 0 0 0 
-4.71565628 2.98062563 0.611194491 0.73045224 -0.244817212 0.637576699 45 0.892868638 44 0.107131355 0 0 0 0 0 0 0 0 
-4.76312351 2.96067715 0.658252895 0.73045224 -0.244817212 0.637576699 45 1 0 0 0 0 0 0 0 0 0 0 
-4.76838207 2.9129951 0.64563185 0.73045224 -0.244817212 0.637576699 45 0.989418745 44 0.0105812717 0 0 0 0 0 0 0 0 
-4.7235136 2.9314115 0.601635754 0.73045224 -0.244817212 0.637576699 45 0.873609126 44 0.126390874 0 0 0 0 0 0 0 0 
-4.71565628 2.98062563 0.611194491 0.753249168 -0.246461868 0.609813333 45 0.892868638 44 0.107131355 0 0 0 0 0 0 0 0 
-4.7235136 2.9314115 0.601635754 0.753249168 -0.246461868 0.609813333 45 0.873609126 44 0.126390874 0 0 0 0 0 0 0 0 
-4.68149471 2.95005894 0.556644201 0.753249168 -0.246461868 0.609813333 44 0.533862293 45 0.466137707 0 0 0 0 0 0 0 0 
-4.67027712 3.00254416 0.564626396 0.753249168 -0.246461868 0.609813333 44 0.509339869 45 0.490660101 0 0 0 0 0 0 0 0 
-4.71565628 2.98062563 0.611194491 0.550438464 0.409974784 0.727281332 45 0.892868638 44 0.107131355 0 0 0 0 0 0 0 0 
-4.67027712 3.00254416 0.564626396 0.550438464 0.409974784 0.727281332 44 0.509339869 45 0.490660101 0 0 0 0 0 0 0 0 
-4.69217348 3.05395508 0.552085042 0.550438464 0.409974784 0.727281332 44 0.534403086 45 0.465596914 0 0 0 0 0 0 0 0 
-4.7352457 3.02988625 0.598384321 0.550438464 0.409974784 0.727281332 45 0.875439823 44 0.124560177 0 0 0 0 0 0 0 0 
-4.84187603 2.88124251 0.6524387 0.0872646645 -0.990074992 0.110165648 45 1 0 0 0 0 0 0 0 0 0 0 
-4.81780624 2.89300752 0.694571137 0.0872646645 -0.990074992 0.110165648 45 1 0 0 0 0 0 0 0 0 0 0 
-4.85930824 2.88765669 0.723891497 0.0872646645 -0.990074992 0.110165648 45 1 0 0 0 0 0 0 0 0 0 0 
-4.87781286 2.88681459 0.686445117 0.0872646645 -0.990074992 0.110165648 45 1 0 0 0 0 0 0 0 0 0 0 
-4.84187603 2.88124251 0.6524387 -0.340354741 -0.924292922 -0.172746435 45 1 0 0 0 0 0 0 0 0 0 0 
-4.87781286 2.88681459 0.686445117 -0.340354741 -0.924292922 -0.172746435 45 1 0 0 0 0 0 0 0 0 0 0 
-4.89397812 2.90158725 0.646237075 -0.340354741 -0.924292922 -0.172746435 45 1 0 0 0 0 0 0 0 0 0 0 
-4.87385654 2.89872885 0.614901423 -0.340354741 -0.924292922 -0.172746435 45 1 0 0 0 0 0 0 0 0 0 0 
-4.84187603 2.88124251 0.6524387 -0.0771623477 -0.923709571 -0.375242233 45 1 0 0 0 0 0 0 0 0 0 0 
-4.87385654 2.89872885 0.614901423 -0.0771623477 -0.923709571 -0.375242233 45 1 0 0 0 0 0 0 0 0 0 0 
-4.83601379 2.91132593 0.577178061 -0.0771623477 -0.923709571 -0.375242233 45 0.94938457 44 0.050615456 0 0 0 0 0 0 0 0 
-4.79951191 2.89400887 0.611232162 -0.0771623477 -0.923709571 -0.375242233 45 0.970913351 44 0.0290866233 0 0 0 0 0 0 0 0 
-4.84187603 2.88124251 0.6524387 0.401441664 -0.912628889 0.0771570876 45 1 0 0 0 0 0 0 0 0 0 0 
-4.79951191 2.89400887 0.611232162 0.401441664 -0.912628889 0.0771570876 45 0.970913351 44 0.0290866233 0 0 0 0 0 0 0 0 
-4.76838207 2.9129951 0.64563185 0.401441664 -0.912628889 0.0771570876 45 0.989418745 44 0.0105812717 0 0 0 0 0 0 0 0 
-4.81780624 2.89300752 0.694571137 0.401441664 -0.912628889 0.0771570876 45 1 0 0 0 0 0 0 0 0 0 0 
-4.89280891 2.94639874 0.602167964 -0.799320996 -0.410612822 -0.43872872 45 1 0 0 0 0 0 0 0 0 0 0 
-4.87385654 2.89872885 0.614901423 -0.799320996 -0.410612822 -0.43872872 45 1 0 0 0 0 0 0 0 0 0 0 
-4.89397812 2.90158725 0.646237075 -0.799320996 -0.410612822 -0.43872872 45 1 0 0 0 0 0 0 0 0 0 0 
-4.90992785 2.93656492 0.645207882 -0.799320996 -0.410612822 -0.43872872 45 1 0 0 0 0 0 0 0 0 0 0 
-4.89280891 2.94639874 0.602167964 -0.915326178 0.16960378 -0.365256846 45 1 0 0 0 0 0 0 0 0 0 0 
-4.90992785 2.93656492 0.645207882 -0.915326178 0.16960378 -0.365256846 45 1 0 0 0 0 0 0 0 0 0 0 
-4.90363026 2.97841907 0.644155383 -0.915326178 0.16960378 -0.365256846 45 1 0 0 0 0 0 0 0 0 0 0 
-4.88588524 2.99541664 0.612284184 -0.915326178 0.16960378 -0.365256846 45 1 0 0 0 0 0 0 0 0 0 0 
-4.89280891 2.94639874 0.602167964 -0.735110641 0.233215287 -0.636571229 45 1 0 0 0 0 0 0 0 0 0 0 
-4.88588524 2.99541664 0.612284184 -0.735110641 0.233215287 -0.636571229 45 1 0 0 0 0 0 0 0 0 0 0 
-4.84818459 3.01109385 0.57433784 -0.735110641 0.233215287 -0.636571229 45 0.950299859 44 0.0497001521 0 0 0 0 0 0 0 0 
-4.8545084 2.96135044 0.563569784 -0.735110641 0.233215287 -0.636571229 45 0.949611187 44 0.0503888391 0 0 0 0 0 0 0 0 
-4.89280891 2.94639874 0.602167964 -0.567406058 -0.410033286 -0.714089036 45 1 0 0 0 0 0 0 0 0 0 0 
-4.8545084 2.96135044 0.563569784 -0.567406058 -0.410033286 -0.714089036 45 0.949611187 44 0.0503888391 0 0 0 0 0 0 0 0 
-4.83601379 2.91132593 0.577178061 -0.567406058 -0.410033286 -0.714089036 45 0.94938457 44 0.050615456 0 0 0 0 0 0 0 0 
-4.87385654 2.89872885 0.614901423 -0.567406058 -0.410033286 -0.714089036 45 1 0 0 0 0 0 0 0 0 0 0 
-4.85832214 3.01202774 0.648860931 -0.599143088 0.787441134 0.144789964 45 1 0 0 0 0 0 0 0 0 0 0 
-4.88588524 2.99541664 0.612284184 -0.599143088 0.787441134 0.144789964 45 1 0 0 0 0 0 0 0 0 0 0 
-4.90363026 2.97841907 0.644155383 -0.599143088 0.787441134 0.144789964 45 1 0 0 0 0 0 0 0 0 0 0 
-4.88951588 2.97948217 0.683921158 -0.599143088 0.787441134 0.144789964 45 1 0 0 0 0 0 0 0 0 0 0 
-4.85832214 3.01202774 0.648860931 -0.191524699 0.828612149 0.526042044 45 1 0 0 0 0 0 0 0 0 0 0 
-4.88951588 2.97948217 0.683921158 -0.191524699 0.828612149 0.526042044 45 1 0 0 0 0 0 0 0 0 0 0 
-4.86896038 2.96325755 0.721809745 -0.191524699 0.828612149 0.526042044 45 1 0 0 0 0 0 0 0 0 0 0 
-4.82983589 2.9881773 0.691953421 -0.191524699 0.828612149 0.526042044 45 1 0 0 0 0 0 0 0 0 0 0 
-4.85832214 3.01202774 0.648860931 0.0406109095 0.901485205 0.430900425 45 1 0 0 0 0 0 0 0 0 0 0 
-4.82983589 2.9881773 0.691953421 0.0406109095 0.901485205 0.430900425 45 1 0 0 0 0 0 0 0 0 0 0 
-4.78055763 3.01142573 0.642790318 0.0406109095 0.901485205 0.430900425 45 0.990789354 44 0.0092106564 0 0 0 0 0 0 0 0 
-4.81611443 3.02799463 0.607358932 0.0406109095 0.901485205 0.430900425 45 0.972844779 44 0.0271552019 0 0 0 0 0 0 0 0 
-4.85832214 3.01202774 0.648860931 -0.426071554 0.902033925 -0.0692661554 45 1 0 0 0 0 0 0 0 0 0 0 
-4.81611443 3.02799463 0.607358932 -0.426071554 0.902033925 -0.0692661554 45 0.972844779 44 0.0271552019 0 0 0 0 0 0 0 0 
-4.84818459 3.01109385 0.57433784 -0.426071554 0.902033925 -0.0692661554 45 0.950299859 44 0.0497001521 0 0 0 0 0 0 0 0 
-4.88588524 2.99541664 0.612284184 -0.426071554 0.902033925 -0.0692661554 45 1 0 0 0 0 0 0 0 0 0 0 
-4.81951618 2.93415785 0.71566093 0.348644823 0.414795846 0.840470731 45 1 0 0 0 0 0 0 0 0 0 0 
-4.82983589 2.9881773 0.691953421 0.348644823 0.414795846 0.840470731 45 1 0 0 0 0 0 0 0 0 0 0 
-4.86896038 2.96325755 0.721809745 0.348644823 0.414795846 0.840470731 45 1 0 0 0 0 0 0 0 0 0 0 
-4.87140083 2.91742182 0.744114995 0.348644823 0.414795846 0.840470731 45 1 0 0 0 0 0 0 0 0 0 0 
-4.81951618 2.93415785 0.71566093 0.551697195 -0.337067515 0.762899578 45 1 0 0 0 0 0 0 0 0 0 0 
-4.87140083 2.91742182 0.744114995 0.551697195 -0.337067515 0.762899578 45 1 0 0 0 0 0 0 0 0 0 0 
-4.85930824 2.88765669 0.723891497 0.551697195 -0.337067515 0.762899578 45 1 0 0 0 0 0 0 0 0 0 0 
-4.81780624 2.89300752 0.694571137 0.551697195 -0.337067515 0.762899578 45 1 0 0 0 0 0 0 0 0 0 0 
-4.81951618 2.93415785 0.71566093 0.738983452 -0.264638543 0.619572341 45 1 0 0 0 0 0 0 0 0 0 0 
-4.81780624 2.89300752 0.694571137 0.738983452 -0.264638543 0.619572341 45 1 0 0 0 0 0 0 0 0 0 0 
-4.76838207 2.9129951 0.64563185 0.738983452 -0.264638543 0.619572341 45 0.989418745 44 0.0105812717 0 0 0 0 0 0 0 0 
-4.76312351 2.96067715 0.658252895 0.738983452 -0.264638543 0.619572341 45 1 0 0 0 0 0 0 0 0 0 0 
-4.81951618 2.93415785 0.71566093 0.540845215 0.416488975 0.730769098 45 1 0 0 0 0 0 0 0 0 0 0 
-4.76312351 2.96067715 0.658252895 0.540845215 0.416488975 0.730769098 45 1 0 0 0 0 0 0 0 0 0 0 
-4.78055763 3.01142573 0.642790318 0.540845215 0.416488975 0.730769098 45 0.990789354 44 0.0092106564 0 0 0 0 0 0 0 0 
-4.82983589 2.9881773 0.691953421 0.540845215 0.416488975 0.730769098 45 1 0 0 0 0 0 0 0 0 0 0 
-4.16633368 3.01484799 -0.0108142355 -0.0685502663 -0.958467126 0.276842028 42 0.842865527 43 0.157134488 0 0 0 0 0 0 0 0 
-4.15057039 3.06616116 0.132841587 -0.0685502663 -0.958467126 0.276842028 42 0.850247622 43 0.149752393 0 0 0 0 0 0 0 0 
-4.33926535 3.07637501 0.159380302 -0.0685502663 -0.958467126 0.276842028 43 0.769164324 42 0.156033516 44 0.0748021677 0 0 0 0 0 0 
-4.33570194 3.03772855 -0.0114376526 -0.0685502663 -0.958467126 0.276842028 43 0.824526787 42 0.175473213 0 0 0 0 0 0 0 0 
-4.16633368 3.01484799 -0.0108142355 -0.125462145 -0.950591028 -0.283965021 42 0.842865527 43 0.157134488 0 0 0 0 0 0 0 0 
-4.33570194 3.03772855 -0.0114376526 -0.125462145 -0.950591028 -0.283965021 43 0.824526787 42 0.175473213 0 0 0 0 0 0 0 0 
-4.3318615 3.07906032 -0.152635306 -0.125462145 -0.950591028 -0.283965021 43 0.76617986 42 0.207309708 46 0.0265104156 0 0 0 0 0 0 
-4.17720127 3.06030536 -0.157044157 -0.125462145 -0.950591028 -0.283965021 42 0.826690316 43 0.173309684 0 0 0 0 0 0 0 0 
-4.16633368 3.01484799 -0.0108142355 -0.211914673 -0.937709272 -0.275306433 42 0.842865527 43 0.157134488 0 0 0 0 0 0 0 0 
-4.17720127 3.06030536 -0.157044157 -0.211914673 -0.937709272 -0.275306433 42 0.826690316 43 0.173309684 0 0 0 0 0 0 0 0 
-4.00624514 3.03051043 -0.187387645 -0.211914673 -0.937709272 -0.275306433 42 0.981155097 43 0.0188449025 0 0 0 0 0 0 0 0 
-3.99359512 2.98184252 -0.0311248917 -0.211914673 -0.937709272 -0.275306433 42 0.986485481 43 0.0135145262 0 0 0 0 0 0 0 0 
-4.16633368 3.01484799 -0.0108142355 -0.13464269 -0.927712381 0.348168224 42 0.842865527 43 0.157134488 0 0 0 0 0 0 0 0 
-3.99359512 2.98184252 -0.0311248917 -0.13464269 -0.927712381 0.348168224 42 0.986485481 43 0.0135145262 0 0 0 0 0 0 0 0 
-3.9714272 3.03642631 0.122055814 -0.13464269 -0.927712381 0.348168224 42 0.990547121 43 0.00945289526 0 0 0 0 0 0 0 0 
-4.15057039 3.06616116 0.132841587 -0.13464269 -0.927712381 0.348168224 42 0.850247622 43 0.149752393 0 0 0 0 0 0 0 0 
-4.17429638 3.20448446 -0.209219575 -0.0619438179 -0.344747007 -0.936649621 42 0.842659771 43 0.157340243 0 0 0 0 0 0 0 0 
-4.17720127 3.06030536 -0.157044157 -0.0619438179 -0.344747007 -0.936649621 42 0.826690316 43 0.173309684 0 0 0 0 0 0 0 0 
-4.3318615 3.07906032 -0.152635306 -0.0619438179 -0.344747007 -0.936649621 43 0.76617986 42 0.207309708 46 0.0265104156 0 0 0 0 0 0 
-4.3299408 3.21121383 -0.202487111 -0.0619438179 -0.344747007 -0.936649621 43 0.72391063 42 0.229059219 46 0.0470301323 0 0 0 0 0 0 
-4.17429638 3.20448446 -0.209219575 -0.0204420313 0.283944339 -0.958622813 42 0.842659771 43 0.157340243 0 0 0 0 0 0 0 0 
-4.3299408 3.21121383 -0.202487111 -0.0204420313 0.283944339 -0.958622813 43 0.72391063 42 0.229059219 46 0.0470301323 0 0 0 0 0 0 
-4.37161016 3.36050844 -0.158797622 -0.0204420313 0.283944339 -0.958622813 43 0.78705138 42 0.191724092 46 0.0212245192 0 0 0 0 0 0 
-4.16251469 3.35061574 -0.164766416 -0.0204420313 0.283944339 -0.958622813 42 0.868860245 43 0.13113977 0 0 0 0 0 0 0 0 
-4.17429638 3.20448446 -0.209219575 -0.148033619 0.300459474 -0.942236722 42 0.842659771 43 0.157340243 0 0 0 0 0 0 0 0 
-4.16251469 3.35061574 -0.164766416 -0.148033619 0.300459474 -0.942236722 42 0.868860245 43 0.13113977 0 0 0 0 0 0 0 0 
-3.97750258 3.34030628 -0.196826935 -0.148033619 0.300459474 -0.942236722 42 0.998824775 43 0.00117525074 0 0 0 0 0 0 0 0 
-3.99767613 3.18440247 -0.243666008 -0.148033619 0.300459474 -0.942236722 42 0.98899287 43 0.011007105 0 0 0 0 0 0 0 0 
-4.17429638 3.20448446 -0.209219575 -0.218260288 -0.326248288 -0.919741511 42 0.842659771 43 0.157340243 0 0 0 0 0 0 0 0 
-3.99767613 3.18440247 -0.243666008 -0.218260288 -0.326248288 -0.919741511 42 0.98899287 43 0.011007105 0 0 0 0 0 0 0 0 
-4.00624514 3.03051043 -0.187387645 -0.218260288 -0.326248288 -0.919741511 42 0.981155097 43 0.0188449025 0 0 0 0 0 0 0 0 
-4.17720127 3.06030536 -0.157044157 -0.218260288 -0.326248288 -0.919741511 42 0.826690316 43 0.173309684 0 0 0 0 0 0 0 0 
-4.14675093 3.4019289 -0.0211105794 -0.011622264 0.962620258 -0.270605415 42 0.907794833 43 0.0922051743 0 0 0 0 0 0 0 0 
-4.16251469 3.35061574 -0.164766416 -0.011622264 0.962620258 -0.270605415 42 0.868860245 43 0.13113977 0 0 0 0 0 0 0 0 
-4.37161016 3.36050844 -0.158797622 -0.011622264 0.962620258 -0.270605415 43 0.78705138 42 0.191724092 46 0.0212245192 0 0 0 0 0 0 
-4.34395123 3.39655161 0.00643289089 -0.011622264 0.962620258 -0.270605415 43 0.518444538 42 0.481555462 0 0 0 0 0 0 0 0 
-4.14675093 3.4019289 -0.0211105794 0.0655623302 0.974591613 0.214179352 42 0.907794833 43 0.0922051743 0 0 0 0 0 0 0 0 
-4.34395123 3.39655161 0.00643289089 0.0655623302 0.974591613 0.214179352 43 0.518444538 42 0.481555462 0 0 0 0 0 0 0 0 
-4.33229923 3.37385273 0.163444296 0.0655623302 0.974591613 0.214179352 43 0.477160543 42 0.440327048 44 0.082512401 0 0 0 0 0 0 
-4.13588381 3.35647154 0.125119328 0.0655623302 0.974591613 0.214179352 42 0.900173962 43 0.0998260155 0 0 0 0 0 0 0 0 
-4.14675093 3.4019289 -0.0211105794 0.0687660202 0.954153597 0.291310877 42 0.907794833 43 0.0922051743 0 0 0 0 0 0 0 0 
-4.13588381 3.35647154 0.125119328 0.0687660202 0.954153597 0.291310877 42 0.900173962 43 0.0998260155 0 0 0 0 0 0 0 0 
-3.94283152 3.34637403 0.112717606 0.0687660202 0.954153597 0.291310877 42 1 0 0 0 0 0 0 0 0 0 0 
-3.95537686 3.3949945 -0.0436667092 0.0687660202 0.954153597 0.291310877 42 1 0 0 0 0 0 0 0 0 0 0 
-4.14675093 3.4019289 -0.0211105794 -0.00555716828 0.941956282 -0.335689485 42 0.907794833 43 0.0922051743 0 0 0 0 0 0 0 0 
-3.95537686 3.3949945 -0.0436667092 -0.00555716828 0.941956282 -0.335689485 42 1 0 0 0 0 0 0 0 0 0 0 
-3.97750258 3.34030628 -0.196826935 -0.00555716828 0.941956282 -0.335689485 42 0.998824775 43 0.00117525074 0 0 0 0 0 0 0 0 
-4.16251469 3.35061574 -0.164766416 -0.00555716828 0.941956282 -0.335689485 42 0.868860245 43 0.13113977 0 0 0 0 0 0 0 0 
-4.1387887 3.21229243 0.177294761 0.180891335 0.297041327 0.937573969 42 0.860443711 43 0.139556259 0 0 0 0 0 0 0 0 
-4.13588381 3.35647154 0.125119328 0.180891335 0.297041327 0.937573969 42 0.900173962 43 0.0998260155 0 0 0 0 0 0 0 0 
-4.33229923 3.37385273 0.163444296 0.180891335 0.297041327 0.937573969 43 0.477160543 42 0.440327048 44 0.082512401 0 0 0 0 0 0 
-4.29039717 3.22709799 0.195918202 0.180891335 0.297041327 0.937573969 43 0.628274381 42 0.289705068 44 0.0820205733 0 0 0 0 0 0 
-4.1387887 3.21229243 0.177294761 0.105837591 -0.281799644 0.953618109 42 0.860443711 43 0.139556259 0 0 0 0 0 0 0 0 
-4.29039717 3.22709799 0.195918202 0.105837591 -0.281799644 0.953618109 43 0.628274381 42 0.289705068 44 0.0820205733 0 0 0 0 0 0 
-4.33926535 3.07637501 0.159380302 0.105837591 -0.281799644 0.953618109 43 0.769164324 42 0.156033516 44 0.0748021677 0 0 0 0 0 0 
-4.15057039 3.06616116 0.132841587 0.105837591 -0.281799644 0.953618109 42 0.850247622 43 0.149752393 0 0 0 0 0 0 0 0 
-4.1387887 3.21229243 0.177294761 0.0104263993 -0.290601581 0.956787407 42 0.860443711 43 0.139556259 0 0 0 0 0 0 0 0 
-4.15057039 3.06616116 0.132841587 0.0104263993 -0.290601581 0.956787407 42 0.850247622 43 0.149752393 0 0 0 0 0 0 0 0 
-3.9714272 3.03642631 0.122055814 0.0104263993 -0.290601581 0.956787407 42 0.990547121 43 0.00945289526 0 0 0 0 0 0 0 0 
-3.95135593 3.19236779 0.169002861 0.0104263993 -0.290601581 0.956787407 42 0.998878837 43 0.00112114055 0 0 0 0 0 0 0 0 
-4.1387887 3.21229243 0.177294761 0.0776906461 0.338160992 0.937876046 42 0.860443711 43 0.139556259 0 0 0 0 0 0 0 0 
-3.95135593 3.19236779 0.169002861 0.0776906461 0.338160992 0.937876046 42 0.998878837 43 0.00112114055 0 0 0 0 0 0 0 0 
-3.94283152 3.34637403 0.112717606 0.0776906461 0.338160992 0.937876046 42 1 0 0 0 0 0 0 0 0 0 0 
-4.13588381 3.35647154 0.125119328 0.0776906461 0.338160992 0.937876046 42 0.900173962 43 0.0998260155 0 0 0 0 0 0 0 0 
-3.79349947 2.93857431 -0.0543592162 -0.159353107 -0.922690809 0.351067305 42 1 0 0 0 0 0 0 0 0 0 0 
-3.76819301 2.99836206 0.1146053 -0.159353107 -0.922690809 0.351067305 42 1 0 0 0 0 0 0 0 0 0 0 
-3.9714272 3.03642631 0.122055814 -0.159353107 -0.922690809 0.351067305 42 0.990547121 43 0.00945289526 0 0 0 0 0 0 0 0 
-3.99359512 2.98184252 -0.0311248917 -0.159353107 -0.922690809 0.351067305 42 0.986485481 43 0.0135145262 0 0 0 0 0 0 0 0 
-3.79349947 2.93857431 -0.0543592162 -0.232895344 -0.93349117 -0.27267909 42 1 0 0 0 0 0 0 0 0 0 0 
-3.99359512 2.98184252 -0.0311248917 -0.232895344 -0.93349117 -0.27267909 42 0.986485481 43 0.0135145262 0 0 0 0 0 0 0 0 
-4.00624514 3.03051043 -0.187387645 -0.232895344 -0.93349117 -0.27267909 42 0.981155097 43 0.0188449025 0 0 0 0 0 0 0 0 
-3.80714703 2.99232674 -0.226261944 -0.232895344 -0.93349117 -0.27267909 42 1 0 0 0 0 0 0 0 0 0 0 
-3.79349947 2.93857431 -0.0543592162 -0.251043528 -0.929199636 -0.271229029 42 1 0 0 0 0 0 0 0 0 0 0 
-3.80714703 2.99232674 -0.226261944 -0.251043528 -0.929199636 -0.271229029 42 1 0 0 0 0 0 0 0 0 0 0 
-3.57246709 2.94348907 -0.275779247 -0.251043528 -0.929199636 -0.271229029 42 1 0 0 0 0 0 0 0 0 0 0 
-3.55861473 2.88286686 -0.08130081 -0.251043528 -0.929199636 -0.271229029 42 1 0 0 0 0 0 0 0 0 0 0 
-3.79349947 2.93857431 -0.0543592162 -0.178244129 -0.919173777 0.351210356 42 1 0 0 0 0 0 0 0 0 0 0 
-3.55861473 2.88286686 -0.08130081 -0.178244129 -0.919173777 0.351210356 42 1 0 0 0 0 0 0 0 0 0 0 
-3.53270912 2.95071125 0.109759122 -0.178244129 -0.919173777 0.351210356 42 1 0 0 0 0 0 0 0 0 0 0 
-3.76819301 2.99836206 0.1146053 -0.178244129 -0.919173777 0.351210356 42 1 0 0 0 0 0 0 0 0 0 0 
-3.79628658 3.1615231 -0.28844741 -0.240329057 -0.321388185 -0.915942967 42 1 0 0 0 0 0 0 0 0 0 0 
-3.80714703 2.99232674 -0.226261944 -0.240329057 -0.321388185 -0.915942967 42 1 0 0 0 0 0 0 0 0 0 0 
-4.00624514 3.03051043 -0.187387645 -0.240329057 -0.321388185 -0.915942967 42 0.981155097 43 0.0188449025 0 0 0 0 0 0 0 0 
-3.99767613 3.18440247 -0.243666008 -0.240329057 -0.321388185 -0.915942967 42 0.98899287 43 0.011007105 0 0 0 0 0 0 0 0 
-3.79628658 3.1615231 -0.28844741 -0.174304619 0.303396255 -0.936786354 42 1 0 0 0 0 0 0 0 0 0 0 
-3.99767613 3.18440247 -0.243666008 -0.174304619 0.303396255 -0.936786354 42 0.98899287 43 0.011007105 0 0 0 0 0 0 0 0 
-3.97750258 3.34030628 -0.196826935 -0.174304619 0.303396255 -0.936786354 42 0.998824775 43 0.00117525074 0 0 0 0 0 0 0 0 
-3.77238941 3.33338237 -0.237334222 -0.174304619 0.303396255 -0.936786354 42 1 0 0 0 0 0 0 0 0 0 0 
-3.79628658 3.1615231 -0.28844741 -0.194464564 0.303672045 -0.932720125 42 1 0 0 0 0 0 0 0 0 0 0 
-3.77238941 3.33338237 -0.237334222 -0.194464564 0.303672045 -0.932720125 42 1 0 0 0 0 0 0 0 0 0 0 
-3.53651071 3.32924914 -0.288000703 -0.194464564 0.303672045 -0.932720125 42 1 0 0 0 0 0 0 0 0 0 0 
-3.56113338 3.13488007 -0.346007049 -0.194464564 0.303672045 -0.932720125 42 1 0 0 0 0 0 0 0 0 0 0 
-3.79628658 3.1615231 -0.28844741 -0.259011924 -0.318857402 -0.911725223 42 1 0 0 0 0 0 0 0 0 0 0 
-3.56113338 3.13488007 -0.346007049 -0.259011924 -0.318857402 -0.911725223 42 1 0 0 0 0 0 0 0 0 0 0 
-3.57246709 2.94348907 -0.275779247 -0.259011924 -0.318857402 -0.911725223 42 1 0 0 0 0 0 0 0 0 0 0 
-3.80714703 2.99232674 -0.226261944 -0.259011924 -0.318857402 -0.911725223 42 1 0 0 0 0 0 0 0 0 0 0 
-3.747051 3.39415145 -0.068528451 -0.0349129625 0.942356944 -0.332783192 42 1 0 0 0 0 0 0 0 0 0 0 
-3.77238941 3.33338237 -0.237334222 -0.0349129625 0.942356944 -0.332783192 42 1 0 0 0 0 0 0 0 0 0 0 
-3.97750258 3.34030628 -0.196826935 -0.0349129625 0.942356944 -0.332783192 42 0.998824775 43 0.00117525074 0 0 0 0 0 0 0 0 
-3.95537686 3.3949945 -0.0436667092 -0.0349129625 0.942356944 -0.332783192 42 1 0 0 0 0 0 0 0 0 0 0 
-3.747051 3.39415145 -0.068528451 0.038223017 0.955312431 0.293116182 42 1 0 0 0 0 0 0 0 0 0 0 
-3.95537686 3.3949945 -0.0436667092 0.038223017 0.955312431 0.293116182 42 1 0 0 0 0 0 0 0 0 0 0 
-3.94283152 3.34637403 0.112717606 0.038223017 0.955312431 0.293116182 42 1 0 0 0 0 0 0 0 0 0 0 
-3.73327255 3.34066105 0.104450122 0.038223017 0.955312431 0.293116182 42 1 0 0 0 0 0 0 0 0 0 0 
-3.747051 3.39415145 -0.068528451 0.0202930346 0.955610275 0.293933809 42 1 0 0 0 0 0 0 0 0 0 0 
-3.73327255 3.34066105 0.104450122 0.0202930346 0.955610275 0.293933809 42 1 0 0 0 0 0 0 0 0 0 0 
-3.49656105 3.33751607 0.0983061939 0.0202930346 0.955610275 0.293933809 42 0.993917584 41 0.00608240953 0 0 0 0 0 0 0 0 
-3.51054382 3.39791942 -0.0970795006 0.0202930346 0.955610275 0.293933809 42 1 0 0 0 0 0 0 0 0 0 0 
-3.747051 3.39415145 -0.068528451 -0.0548012592 0.941989839 -0.3311373 42 1 0 0 0 0 0 0 0 0 0 0 
-3.51054382 3.39791942 -0.0970795006 -0.0548012592 0.941989839 -0.3311373 42 1 0 0 0 0 0 0 0 0 0 0 
-3.53651071 3.32924914 -0.288000703 -0.0548012592 0.941989839 -0.3311373 42 1 0 0 0 0 0 0 0 0 0 0 
-3.77238941 3.33338237 -0.237334222 -0.0548012592 0.941989839 -0.3311373 42 1 0 0 0 0 0 0 0 0 0 0 
-3.74424171 3.17038202 0.166669473 0.046520602 0.340393305 0.939131618 42 1 0 0 0 0 0 0 0 0 0 0 
-3.73327255 3.34066105 0.104450122 0.046520602 0.340393305 0.939131618 42 1 0 0 0 0 0 0 0 0 0 0 
-3.94283152 3.34637403 0.112717606 0.046520602 0.340393305 0.939131618 42 1 0 0 0 0 0 0 0 0 0 0 
-3.95135593 3.19236779 0.169002861 0.046520602 0.340393305 0.939131618 42 0.998878837 43 0.00112114055 0 0 0 0 0 0 0 0 
-3.74424171 3.17038202 0.166669473 -0.0191040728 -0.286611676 0.957856417 42 1 0 0 0 0 0 0 0 0 0 0 
-3.95135593 3.19236779 0.169002861 -0.0191040728 -0.286611676 0.957856417 42 0.998878837 43 0.00112114055 0 0 0 0 0 0 0 0 
-3.9714272 3.03642631 0.122055814 -0.0191040728 -0.286611676 0.957856417 42 0.990547121 43 0.00945289526 0 0 0 0 0 0 0 0 
-3.76819301 2.99836206 0.1146053 -0.0191040728 -0.286611676 0.957856417 42 1 0 0 0 0 0 0 0 0 0 0 
-3.74424171 3.17038202 0.166669473 -0.0379564576 -0.284704745 0.957863569 42 1 0 0 0 0 0 0 0 0 0 0 
-3.76819301 2.99836206 0.1146053 -0.0379564576 -0.284704745 0.957863569 42 1 0 0 0 0 0 0 0 0 0 0 
-3.53270912 2.95071125 0.109759122 -0.0379564576 -0.284704745 0.957863569 42 1 0 0 0 0 0 0 0 0 0 0 
-3.50799417 3.1452105 0.168563485 -0.0379564576 -0.284704745 0.957863569 42 0.997792602 41 0.00220738538 0 0 0 0 0 0 0 0 
-3.74424171 3.17038202 0.166669473 0.0288854055 0.341460526 0.939452171 42 1 0 0 0 0 0 0 0 0 0 0 
-3.50799417 3.1452105 0.168563485 0.0288854055 0.341460526 0.939452171 42 0.997792602 41 0.00220738538 0 0 0 0 0 0 0 0 
-3.49656105 3.33751607 0.0983061939 0.0288854055 0.341460526 0.939452171 42 0.993917584 41 0.00608240953 0 0 0 0 0 0 0 0 
-3.73327255 3.34066105 0.104450122 0.0288854055 0.341460526 0.939452171 42 1 0 0 0 0 0 0 0 0 0 0 
-3.27453065 2.8235333 -0.113760322 -0.154609606 -0.924804211 0.347610295 42 0.896577895 41 0.103422083 0 0 0 0 0 0 0 0 
-3.2558136 2.89983463 0.0985213816 -0.154609606 -0.924804211 0.347610295 42 0.857315123 41 0.142684892 0 0 0 0 0 0 0 0 
-3.53270912 2.95071125 0.109759122 -0.154609606 -0.924804211 0.347610295 42 1 0 0 0 0 0 0 0 0 0 0 
-3.55861473 2.88286686 -0.08130081 -0.154609606 -0.924804211 0.347610295 42 1 0 0 0 0 0 0 0 0 0 0 
-3.27453065 2.8235333 -0.113760322 -0.225729719 -0.934123218 -0.276513845 42 0.896577895 41 0.103422083 0 0 0 0 0 0 0 0 
-3.55861473 2.88286686 -0.08130081 -0.225729719 -0.934123218 -0.276513845 42 1 0 0 0 0 0 0 0 0 0 0 
-3.57246709 2.94348907 -0.275779247 -0.225729719 -0.934123218 -0.276513845 42 1 0 0 0 0 0 0 0 0 0 0 
-3.28406239 2.89018226 -0.330141932 -0.225729719 -0.934123218 -0.276513845 42 0.903804779 41 0.096195206 0 0 0 0 0 0 0 0 
-3.27453065 2.8235333 -0.113760322 -0.0970414653 -0.952593386 -0.288355172 42 0.896577895 41 0.103422083 0 0 0 0 0 0 0 0 
-3.28406239 2.89018226 -0.330141932 -0.0970414653 -0.952593386 -0.288355172 42 0.903804779 41 0.096195206 0 0 0 0 0 0 0 0 
-2.9892776 2.86697268 -0.353261471 -0.0970414653 -0.952593386 -0.288355172 41 0.51288873 42 0.48711127 0 0 0 0 0 0 0 0 
-2.98633051 2.8008182 -0.135120735 -0.0970414653 -0.952593386 -0.288355172 41 0.540312231 42 0.459687799 0 0 0 0 0 0 0 0 
-3.27453065 2.8235333 -0.113760322 -0.0469491966 -0.93802315 0.343377918 42 0.896577895 41 0.103422083 0 0 0 0 0 0 0 0 
-2.98633051 2.8008182 -0.135120735 -0.0469491966 -0.93802315 0.343377918 41 0.540312231 42 0.459687799 0 0 0 0 0 0 0 0 
-2.97880149 2.87886548 0.0778280869 -0.0469491966 -0.93802315 0.343377918 41 0.76955682 42 0.23044318 0 0 0 0 0 0 0 0 
-3.2558136 2.89983463 0.0985213816 -0.0469491966 -0.93802315 0.343377918 42 0.857315123 41 0.142684892 0 0 0 0 0 0 0 0 
-3.2749927 3.1029985 -0.407735646 -0.233263761 -0.323578268 -0.916997969 42 0.906986892 41 0.0930131003 0 0 0 0 0 0 0 0 
-3.28406239 2.89018226 -0.330141932 -0.233263761 -0.323578268 -0.916997969 42 0.903804779 41 0.096195206 0 0 0 0 0 0 0 0 
-3.57246709 2.94348907 -0.275779247 -0.233263761 -0.323578268 -0.916997969 42 1 0 0 0 0 0 0 0 0 0 0 
-3.56113338 3.13488007 -0.346007049 -0.233263761 -0.323578268 -0.916997969 42 1 0 0 0 0 0 0 0 0 0 0 
-3.2749927 3.1029985 -0.407735646 -0.170304134 0.299894392 -0.938647926 42 0.906986892 41 0.0930131003 0 0 0 0 0 0 0 0 
-3.56113338 3.13488007 -0.346007049 -0.170304134 0.299894392 -0.938647926 42 1 0 0 0 0 0 0 0 0 0 0 
-3.53651071 3.32924914 -0.288000703 -0.170304134 0.299894392 -0.938647926 42 1 0 0 0 0 0 0 0 0 0 0 
-3.25650668 3.31903195 -0.342441529 -0.170304134 0.299894392 -0.938647926 42 0.889978945 41 0.110021047 0 0 0 0 0 0 0 0 
-3.2749927 3.1029985 -0.407735646 -0.0528215095 0.294457287 -0.954203725 42 0.906986892 41 0.0930131003 0 0 0 0 0 0 0 0 
-3.25650668 3.31903195 -0.342441529 -0.0528215095 0.294457287 -0.954203725 42 0.889978945 41 0.110021047 0 0 0 0 0 0 0 0 
-2.97555447 3.298491 -0.363984495 -0.0528215095 0.294457287 -0.954203725 41 0.544008017 42 0.455991954 0 0 0 0 0 0 0 0 
-2.9841516 3.08144522 -0.430834979 -0.0528215095 0.294457287 -0.954203725 41 0.513539493 42 0.486460477 0 0 0 0 0 0 0 0 
-3.2749927 3.1029985 -0.407735646 -0.0996331424 -0.336709648 -0.93632251 42 0.906986892 41 0.0930131003 0 0 0 0 0 0 0 0 
-2.9841516 3.08144522 -0.430834979 -0.0996331424 -0.336709648 -0.93632251 41 0.513539493 42 0.486460477 0 0 0 0 0 0 0 0 
-2.9892776 2.86697268 -0.353261471 -0.0996331424 -0.336709648 -0.93632251 41 0.51288873 42 0.48711127 0 0 0 0 0 0 0 0 
-3.28406239 2.89018226 -0.330141932 -0.0996331424 -0.336709648 -0.93632251 42 0.903804779 41 0.096195206 0 0 0 0 0 0 0 0 
-3.23778987 3.39533305 -0.13015981 -0.0312483516 0.941660643 -0.335110247 42 0.859933197 41 0.140066803 0 0 0 0 0 0 0 0 
-3.25650668 3.31903195 -0.342441529 -0.0312483516 0.941660643 -0.335110247 42 0.889978945 41 0.110021047 0 0 0 0 0 0 0 0 
-3.53651071 3.32924914 -0.288000703 -0.0312483516 0.941660643 -0.335110247 42 1 0 0 0 0 0 0 0 0 0 0 
-3.51054382 3.39791942 -0.0970795006 -0.0312483516 0.941660643 -0.335110247 42 1 0 0 0 0 0 0 0 0 0 0 
-3.23778987 3.39533305 -0.13015981 0.0445536934 0.95531255 0.29222092 42 0.859933197 41 0.140066803 0 0 0 0 0 0 0 0 
-3.51054382 3.39791942 -0.0970795006 0.0445536934 0.95531255 0.29222092 42 1 0 0 0 0 0 0 0 0 0 0 
-3.49656105 3.33751607 0.0983061939 0.0445536934 0.95531255 0.29222092 42 0.993917584 41 0.00608240953 0 0 0 0 0 0 0 0 
-3.22825813 3.32868409 0.0862217695 0.0445536934 0.95531255 0.29222092 42 0.842695832 41 0.157304153 0 0 0 0 0 0 0 0 
-3.23778987 3.39533305 -0.13015981 0.0977820456 0.95173049 0.290942848 42 0.859933197 41 0.140066803 0 0 0 0 0 0 0 0 
-3.22825813 3.32868409 0.0862217695 0.0977820456 0.95173049 0.290942848 42 0.842695832 41 0.157304153 0 0 0 0 0 0 0 0 
-2.96511173 3.30763268 0.0650817826 0.0977820456 0.95173049 0.290942848 41 0.799316108 42 0.200683907 0 0 0 0 0 0 0 0 
-2.96804523 3.37436843 -0.150674671 0.0977820456 0.95173049 0.290942848 41 0.767784536 42 0.232215479 0 0 0 0 0 0 0 0 
-3.23778987 3.39533305 -0.13015981 0.0449559428 0.93978107 -0.338807404 42 0.859933197 41 0.140066803 0 0 0 0 0 0 0 0 
-2.96804523 3.37436843 -0.150674671 0.0449559428 0.93978107 -0.338807404 41 0.767784536 42 0.232215479 0 0 0 0 0 0 0 0 
-2.97555447 3.298491 -0.363984495 0.0449559428 0.93978107 -0.338807404 41 0.544008017 42 0.455991954 0 0 0 0 0 0 0 0 
-3.25650668 3.31903195 -0.342441529 0.0449559428 0.93978107 -0.338807404 42 0.889978945 41 0.110021047 0 0 0 0 0 0 0 0 
-3.23732781 3.11586809 0.163815439 0.0534025952 0.339961201 0.938921988 42 0.849692941 41 0.150307029 0 0 0 0 0 0 0 0 
-3.22825813 3.32868409 0.0862217695 0.0534025952 0.339961201 0.938921988 42 0.842695832 41 0.157304153 0 0 0 0 0 0 0 0 
-3.49656105 3.33751607 0.0983061939 0.0534025952 0.339961201 0.938921988 42 0.993917584 41 0.00608240953 0 0 0 0 0 0 0 0 
-3.50799417 3.1452105 0.168563485 0.0534025952 0.339961201 0.938921988 42 0.997792602 41 0.00220738538 0 0 0 0 0 0 0 0 
-3.23732781 3.11586809 0.163815439 -0.0142306918 -0.28795296 0.957538843 42 0.849692941 41 0.150307029 0 0 0 0 0 0 0 0 
-3.50799417 3.1452105 0.168563485 -0.0142306918 -0.28795296 0.957538843 42 0.997792602 41 0.00220738538 0 0 0 0 0 0 0 0 
-3.53270912 2.95071125 0.109759122 -0.0142306918 -0.28795296 0.957538843 42 1 0 0 0 0 0 0 0 0 0 0 
-3.2558136 2.89983463 0.0985213816 -0.0142306918 -0.28795296 0.957538843 42 0.857315123 41 0.142684892 0 0 0 0 0 0 0 0 
-3.23732781 3.11586809 0.163815439 0.0515956841 -0.290391624 0.955515862 42 0.849692941 41 0.150307029 0 0 0 0 0 0 0 0 
-3.2558136 2.89983463 0.0985213816 0.0515956841 -0.290391624 0.955515862 42 0.857315123 41 0.142684892 0 0 0 0 0 0 0 0 
-2.97880149 2.87886548 0.0778280869 0.0515956841 -0.290391624 0.955515862 41 0.76955682 42 0.23044318 0 0 0 0 0 0 0 0 
-2.97019958 3.09556103 0.142582178 0.0515956841 -0.290391624 0.955515862 41 0.807437122 42 0.192562863 0 0 0 0 0 0 0 0 
-3.23732781 3.11586809 0.163815439 0.101139702 0.338160127 0.93563807 42 0.849692941 41 0.150307029 0 0 0 0 0 0 0 0 
-2.97019958 3.09556103 0.142582178 0.101139702 0.338160127 0.93563807 41 0.807437122 42 0.192562863 0 0 0 0 0 0 0 0 
-2.96511173 3.30763268 0.0650817826 0.101139702 0.338160127 0.93563807 41 0.799316108 42 0.200683907 0 0 0 0 0 0 0 0 
-3.22825813 3.32868409 0.0862217695 0.101139702 0.338160127 0.93563807 42 0.842695832 41 0.157304153 0 0 0 0 0 0 0 0 

DONE 0
